scene,mask,fill,layer,drop,time_gain,random_gain,vs_p12
movi_c_v12_01,temporal_front,mean,1,0.015531861847773443,0.011183854490016947,0.012195461618403495,-0.0014524508231384958
movi_c_v12_01,temporal_front,mean,2,0.008234101134056426,0.005310277571623575,0.004897700904686478,-0.008750211536855512
movi_c_v12_01,temporal_front,mean,3,0.011590000421540125,0.007902574397078125,0.008253600192170177,-0.005394312249371813
movi_c_v12_01,temporal_front,mean,4,0.001436289934017454,0.001092324008524992,-0.0019001102953524938,-0.015548022736894485
movi_c_v12_01,temporal_front,mean,5,0.0034410471742130078,0.0001368827103909176,0.00010464694484306003,-0.01354326549669893
movi_c_v12_01,temporal_front,mean,6,0.005132060599374655,0.0019649441443952975,0.0017956603700047071,-0.011852252071537284
movi_c_v12_01,temporal_front,mean,7,0.01669749335588311,0.009649270570885455,0.01336109312651316,-0.00028681931502883007
movi_c_v12_01,temporal_front,mean,8,0.0029581046953308654,0.0006245867917605472,-0.00037829553403908233,-0.014026207975581073
movi_c_v12_01,temporal_front,mean,9,0.0039910190076560825,0.0002606797638688616,0.0006546187782861348,-0.012993293663255856
movi_c_v12_01,temporal_front,mean,10,0.002063448983721683,-0.0007365950184970624,-0.0012729512456482648,-0.014920863687190256
movi_c_v12_01,temporal_front,mean,11,0.007644937731008383,0.004163400418827642,0.004308537501638435,-0.009339374939903555
movi_c_v12_01,temporal_front,mean,12,0.01698431267091194,0.012207782988867821,0.01364791244154199,0.0
movi_c_v12_01,temporal_front,blur,1,0.0026545812105789324,0.0033105270136490894,0.0025136637069869128,-0.0034353709022972856
movi_c_v12_01,temporal_front,blur,2,0.0004698112885127559,0.0005626224881672229,0.0003288937849207363,-0.005620140824363462
movi_c_v12_01,temporal_front,blur,3,0.002770211056460692,0.0034221578243368578,0.0026292935528686723,-0.003319741056415526
movi_c_v12_01,temporal_front,blur,4,-0.0009376793486604029,-0.0005793967383219318,-0.0010785968522524225,-0.007027631461536621
movi_c_v12_01,temporal_front,blur,5,0.0010219438491856359,0.001380844742559469,0.0008810263455936163,-0.005068008263690582
movi_c_v12_01,temporal_front,blur,6,0.00010327216636163428,0.0006929359234404409,-3.764533723038532e-05,-0.005986679946514584
movi_c_v12_01,temporal_front,blur,7,0.005424485040867677,0.005620554452223018,0.005283567537275657,-0.0006654670720085409
movi_c_v12_01,temporal_front,blur,8,0.00015069794965305583,-1.2718788193014107e-07,9.78044606103623e-06,-0.005939254163223162
movi_c_v12_01,temporal_front,blur,9,0.0006676610835798513,0.0010930075065375133,0.0005267435799878317,-0.005422291029296367
movi_c_v12_01,temporal_front,blur,10,-0.0003942325733894414,-0.0002878360201904832,-0.000535150076981461,-0.006484184686265659
movi_c_v12_01,temporal_front,blur,11,0.0004594751769830818,0.0012088991712121042,0.0003185576733910622,-0.005630476935893136
movi_c_v12_01,temporal_front,blur,12,0.006089952112876218,0.006221717728152387,0.005949034609284198,0.0
movi_c_v12_01,temporal_middle,mean,1,0.0068586770063605584,0.002947987964111036,0.003832055395317983,-0.001488873022831072
movi_c_v12_01,temporal_middle,mean,2,0.015568239495255543,0.009808329419567847,0.012541617884212966,0.007220689466063912
movi_c_v12_01,temporal_middle,mean,3,0.00530056836760362,0.00035560470974749236,0.002273946756561044,-0.0030469816615880108
movi_c_v12_01,temporal_middle,mean,4,0.007663702685328788,0.0012349325785816863,0.004637081074286212,-0.0006838473438628423
movi_c_v12_01,temporal_middle,mean,5,0.0034047256754505817,-0.0024059660841020776,0.00037810406440800604,-0.004942824353741049
movi_c_v12_01,temporal_middle,mean,6,0.0017050691657032324,-0.0019890099424974363,-0.0013215524453393432,-0.006642480863488398
movi_c_v12_01,temporal_middle,mean,7,0.0053655202450133554,0.00012984256462507827,0.00233889863397078,-0.002982029784178275
movi_c_v12_01,temporal_middle,mean,8,0.0024913257221604868,-0.002756452934823554,-0.0005352958888820889,-0.005856224307031144
movi_c_v12_01,temporal_middle,mean,9,0.006035751089583874,0.0014718192816103688,0.0030091294785412983,-0.0023117989396077565
movi_c_v12_01,temporal_middle,mean,10,0.0024943328773715523,-0.0010888808607476541,-0.0005322887336710234,-0.005853217151820078
movi_c_v12_01,temporal_middle,mean,11,0.014323196914848513,0.007541660778622801,0.011296575303805937,0.005975646885656882
movi_c_v12_01,temporal_middle,mean,12,0.00834755002919163,0.0016693213608528863,0.005320928418149054,0.0
movi_c_v12_01,temporal_middle,blur,1,0.0035707046800923514,0.003170814857144618,0.0028093926378603604,0.000427157773820408
movi_c_v12_01,temporal_middle,blur,2,0.003258565099401256,0.0022010369053259886,0.002497253057169265,0.00011501819312931261
movi_c_v12_01,temporal_middle,blur,3,0.003785428096657384,0.0030982438013657334,0.003024116054425393,0.0006418811903854404
movi_c_v12_01,temporal_middle,blur,4,0.0005327928205733912,-0.0009660350395740054,-0.00022851922165859995,-0.0026107540856985523
movi_c_v12_01,temporal_middle,blur,5,-0.0002807662360120311,-0.001046053718360973,-0.001042078278244022,-0.0034243131422839745
movi_c_v12_01,temporal_middle,blur,6,0.0013447439374385528,0.00047065702763863604,0.0005834318952065617,-0.0017988029688333906
movi_c_v12_01,temporal_middle,blur,7,0.0018492186721632553,0.0011953489779223947,0.0010879066299312643,-0.0012943282341086881
movi_c_v12_01,temporal_middle,blur,8,-0.0006108155304902496,-0.0021960764769063017,-0.0013721275727222406,-0.003754362436762193
movi_c_v12_01,temporal_middle,blur,9,-0.000524951421085329,-0.0008279424354918168,-0.00128626346331732,-0.0036684983273572724
movi_c_v12_01,temporal_middle,blur,10,-0.0006871780304886776,-0.0009744596579952896,-0.0014484900727206687,-0.003830724936760621
movi_c_v12_01,temporal_middle,blur,11,0.0045360579103261855,0.0033749018035014915,0.0037747458680941945,0.001392511004054242
movi_c_v12_01,temporal_middle,blur,12,0.0031435469062719434,0.0019207990705657114,0.0023822348640399524,0.0
movi_c_v12_01,temporal_back,mean,1,0.008723349364002986,0.002249580189612743,0.0032070764098981836,0.00016549029061585507
movi_c_v12_01,temporal_back,mean,2,0.009041319874617426,0.003168657843566125,0.003525046920512624,0.00048346080123029544
movi_c_v12_01,temporal_back,mean,3,0.024700882658844958,0.017130347229126135,0.019184609704740157,0.016143023585457827
movi_c_v12_01,temporal_back,mean,4,0.006204807195868356,0.0024885144356108224,0.0006885342417635538,-0.0023530518775187748
movi_c_v12_01,temporal_back,mean,5,0.002157049494218688,-0.0019207463774283768,-0.003359223459886114,-0.006400809579168443
movi_c_v12_01,temporal_back,mean,6,0.008669160771737405,-0.0017185910367725574,0.003152887817632603,0.00011130169835027459
movi_c_v12_01,temporal_back,mean,7,0.0010805264512911972,-0.004490398669974878,-0.004435746502813605,-0.0074773326220959335
movi_c_v12_01,temporal_back,mean,8,0.007207673739779152,0.0030781360084483804,0.0016914007856743503,-0.0013501853336079783
movi_c_v12_01,temporal_back,mean,9,0.0014981069668857927,-0.0035557875840662723,-0.004018165987219009,-0.007059752106501338
movi_c_v12_01,temporal_back,mean,10,0.005907962270385592,0.0014968005068214012,0.0003916893162807895,-0.002649896803001539
movi_c_v12_01,temporal_back,mean,11,0.006839530457071086,0.0008484637792354572,0.0013232575029662836,-0.001718328616316045
movi_c_v12_01,temporal_back,mean,12,0.00855785907338713,0.001406057006882751,0.0030415861192823286,0.0
movi_c_v12_01,temporal_back,blur,1,0.007847194132513113,0.00227911710398047,0.005081847412434301,0.0006565128705194878
movi_c_v12_01,temporal_back,blur,2,0.006422692573596955,0.0018509784833147247,0.0036573458535181422,-0.0007679886883966702
movi_c_v12_01,temporal_back,blur,3,0.025466105713693454,0.01810216809553733,0.02270075899361464,0.01827542445169983
movi_c_v12_01,temporal_back,blur,4,0.003120181545325673,0.001150254559808439,0.00035483482524686005,-0.004070499716667952
movi_c_v12_01,temporal_back,blur,5,0.0011323953873833004,-0.0008216519334239836,-0.0016329513326955127,-0.006058285874610325
movi_c_v12_01,temporal_back,blur,6,0.004995015761773636,-0.00606526740906573,0.0022296690416948226,-0.00219566550021999
movi_c_v12_01,temporal_back,blur,7,-0.0005828918687050821,-0.004565528077116225,-0.0033482385887838952,-0.007773573130698708
movi_c_v12_01,temporal_back,blur,8,0.0038748027228391324,0.0016919200588261982,0.0011094560027603193,-0.003315878539154493
movi_c_v12_01,temporal_back,blur,9,0.0006820322457395944,-0.0017142349817594882,-0.0020833144743392187,-0.006508649016254031
movi_c_v12_01,temporal_back,blur,10,0.0037741711580155934,0.0016733632140152332,0.0010088244379367803,-0.003416510103978032
movi_c_v12_01,temporal_back,blur,11,0.003720290258368286,-0.00018836123854559794,0.0009549435382894731,-0.0034703910036253394
movi_c_v12_01,temporal_back,blur,12,0.0071906812619936256,0.00020492973419417027,0.004425334541914813,0.0
movi_c_v12_01,spatial_block,mean,1,0.0014763677696644217,-0.007634411405514463,-0.006004682703961299,-0.0025173814351513446
movi_c_v12_01,spatial_block,mean,2,0.012490467128390637,0.00499992307047703,0.005009416654764916,0.00849671792357487
movi_c_v12_01,spatial_block,mean,3,0.013463688325689338,0.0052258931988598736,0.005982637852063617,0.009469939120873572
movi_c_v12_01,spatial_block,mean,4,0.006071353801400781,-0.004641550001368086,-0.00140969667222494,0.0020776045965850143
movi_c_v12_01,spatial_block,mean,5,0.008217687358284431,0.0009268642262559119,0.0007366368846587106,0.004223938153468665
movi_c_v12_01,spatial_block,mean,6,0.005646036134191235,-0.0046805213238054755,-0.001835014339434486,0.0016522869293754683
movi_c_v12_01,spatial_block,mean,7,0.001351895477388343,-0.0076825528442325455,-0.006129154996237378,-0.0026418537274274234
movi_c_v12_01,spatial_block,mean,8,0.008257073497295986,0.00016250531267244205,0.0007760230236702652,0.0042633242924802195
movi_c_v12_01,spatial_block,mean,9,0.006957413746436325,-0.0014250654835821584,-0.0005236367271893956,0.0029636645416205587
movi_c_v12_01,spatial_block,mean,10,0.016874345574807603,0.006931368371190313,0.009393295101181882,0.012880596369991837
movi_c_v12_01,spatial_block,mean,11,0.02166514151884824,0.013540036775038863,0.01418409104522252,0.017671392314032475
movi_c_v12_01,spatial_block,mean,12,0.003993749204815766,-0.0036787261567067615,-0.0034873012688099543,0.0
movi_c_v12_01,spatial_block,blur,1,-0.00026599101272273273,-0.008105029602465433,-0.006234627296340907,-0.0007979973642754379
movi_c_v12_01,spatial_block,blur,2,0.011021378039611562,0.00538613777929368,0.005052741755993388,0.010489371688058857
movi_c_v12_01,spatial_block,blur,3,0.012107670723640607,0.00570420704340957,0.006139034440022432,0.011575664372087902
movi_c_v12_01,spatial_block,blur,4,0.003644319528867568,-0.004506747049885296,-0.0023243167547506065,0.0031123131773148627
movi_c_v12_01,spatial_block,blur,5,0.006173637623344441,0.0006567397065471532,0.00020500133972626688,0.005641631271791736
movi_c_v12_01,spatial_block,blur,6,0.004953845899336895,-0.0030223434474473034,-0.0010147903842812793,0.00442183954778419
movi_c_v12_01,spatial_block,blur,7,0.0009980499723563074,-0.006151970801297295,-0.004970586311261867,0.0004660436208036023
movi_c_v12_01,spatial_block,blur,8,0.0077992246823181954,0.0013316164270255433,0.001830588398700021,0.00726721833076549
movi_c_v12_01,spatial_block,blur,9,0.009036905019888408,0.004177903065967399,0.003068268736270234,0.008504898668335703
movi_c_v12_01,spatial_block,blur,10,0.010325160538937839,0.002262135084154404,0.004356524255319664,0.009793154187385134
movi_c_v12_01,spatial_block,blur,11,0.022690997280320535,0.016413555300638483,0.01672236099670236,0.02215899092876783
movi_c_v12_01,spatial_block,blur,12,0.0005320063515527051,-0.004938860775539289,-0.005436629932065469,0.0
movi_c_v12_01,spatial_scattered,mean,1,0.004998268945208606,-0.0005980842036043725,0.0004636670281983708,0.0032268862506493745
movi_c_v12_01,spatial_scattered,mean,2,0.010896614038902408,0.006512373160403724,0.006362012121892173,0.009125231344343177
movi_c_v12_01,spatial_scattered,mean,3,0.014044426834886381,0.008754558484323532,0.009509824917876147,0.01227304414032715
movi_c_v12_01,spatial_scattered,mean,4,0.005050478610375664,0.0007758943439717392,0.0005158766933654286,0.0032790959158164323
movi_c_v12_01,spatial_scattered,mean,5,0.00011304630553021777,-0.004611843706625522,-0.004421555611480017,-0.0016583363890290137
movi_c_v12_01,spatial_scattered,mean,6,0.0008471965790993741,-0.004214304330705132,-0.003687405337910861,-0.0009241861154598574
movi_c_v12_01,spatial_scattered,mean,7,0.0013720328396483739,-0.0030912968622083996,-0.0031625690773618613,-0.0003993498549108576
movi_c_v12_01,spatial_scattered,mean,8,0.010392016914727908,0.006708588191509879,0.005857414997717673,0.008620634220168677
movi_c_v12_01,spatial_scattered,mean,9,0.0028881942119211024,-0.0017982404556544651,-0.0016464077050891328,0.001116811517361871
movi_c_v12_01,spatial_scattered,mean,10,0.012264529123161116,0.00815910634694576,0.007729927206150881,0.010493146428601885
movi_c_v12_01,spatial_scattered,mean,11,-0.0005982686155922012,-0.004407131160112302,-0.005132870532602436,-0.0023696513101514327
movi_c_v12_01,spatial_scattered,mean,12,0.0017713826945592315,-0.002451668901699122,-0.0027632192224510037,0.0
movi_c_v12_01,spatial_scattered,blur,1,0.006209893998748606,0.0006387758549468714,0.0015490359265730351,0.004758569205174146
movi_c_v12_01,spatial_scattered,blur,2,0.011936688402866436,0.007945869428531632,0.007275830330690865,0.010485363609291976
movi_c_v12_01,spatial_scattered,blur,3,0.011944916583656262,0.007225126685531176,0.0072840585114806915,0.010493591790081802
movi_c_v12_01,spatial_scattered,blur,4,0.00393215999133345,0.00044385496310905825,-0.0007286980808421202,0.0024808351977589904
movi_c_v12_01,spatial_scattered,blur,5,0.0006821173187990803,-0.0035350698182563907,-0.00397874075337649,-0.0007692074747753797
movi_c_v12_01,spatial_scattered,blur,6,0.0014078783763532554,-0.0034919652438442084,-0.003252979695822315,-4.344641722120457e-05
movi_c_v12_01,spatial_scattered,blur,7,0.0011591140325567517,-0.0025376124861106555,-0.003501744039618819,-0.00029221076101770826
movi_c_v12_01,spatial_scattered,blur,8,0.011469494518058343,0.008316904022129404,0.006808636445882772,0.010018169724483883
movi_c_v12_01,spatial_scattered,blur,9,0.002757640485513746,-0.0014689735811260025,-0.0019032175866618246,0.001306315691939286
movi_c_v12_01,spatial_scattered,blur,10,0.009505951645822797,0.0064043771750113,0.004845093573647226,0.008054626852248337
movi_c_v12_01,spatial_scattered,blur,11,-0.0011249721981213545,-0.004444497050534549,-0.005785830270296925,-0.0025762969916958145
movi_c_v12_01,spatial_scattered,blur,12,0.00145132479357446,-0.001970537504464335,-0.0032095332786011106,0.0
movi_c_v12_02,temporal_front,mean,1,0.004863211923451294,-0.0006620445460332842,0.003171072090021765,0.001686966107204535
movi_c_v12_02,temporal_front,mean,2,0.010079023482697846,0.006342341728240775,0.008386883649268317,0.006902777666451088
movi_c_v12_02,temporal_front,mean,3,0.009899960457129264,0.0003790300961077353,0.008207820623699735,0.0067237146408825055
movi_c_v12_02,temporal_front,mean,4,0.0036916635677891607,0.0012069407984841205,0.0019995237343596317,0.0005154177515424019
movi_c_v12_02,temporal_front,mean,5,0.0015976426520799558,-0.003505233347985544,-9.449718134957319e-05,-0.001578603164166803
movi_c_v12_02,temporal_front,mean,6,2.747192282637201e-05,0.0007153795137081845,-0.001664667910603157,-0.003148773893420387
movi_c_v12_02,temporal_front,mean,7,0.0029536676280788043,-0.006133203405629062,0.0012615277946492753,-0.0002225781881679545
movi_c_v12_02,temporal_front,mean,8,0.00296810475002518,0.0017657682530991166,0.001275964916595651,-0.0002081410662215788
movi_c_v12_02,temporal_front,mean,9,0.0019073449723245872,-0.0020545240748183202,0.0002152051388950582,-0.0012689008439221716
movi_c_v12_02,temporal_front,mean,10,-0.00034951329039112355,-0.00075251687556858,-0.0020416531238206526,-0.0035257591066378824
movi_c_v12_02,temporal_front,mean,11,0.005606497195733473,-0.0021033227854965935,0.003914357362303944,0.002430251379486714
movi_c_v12_02,temporal_front,mean,12,0.003176245816246759,-0.004511152305187245,0.0014841059828172298,0.0
movi_c_v12_02,temporal_front,blur,1,0.0023239375450310185,0.0024412074090365645,0.00394328748520445,0.0017257315630331282
movi_c_v12_02,temporal_front,blur,2,0.0026885024413645375,0.0028163756030108824,0.004307852381537969,0.0020902964593666473
movi_c_v12_02,temporal_front,blur,3,0.0008481515882392543,-0.0014228242112372578,0.0024675015284126856,0.0002499456062413641
movi_c_v12_02,temporal_front,blur,4,0.0005719727810030717,0.0010820867926757036,0.002191322721176503,-2.6233200994818517e-05
movi_c_v12_02,temporal_front,blur,5,-0.0015595699229253857,-0.0020162679943989494,5.97800172480456e-05,-0.002157775904923276
movi_c_v12_02,temporal_front,blur,6,-0.0019679293814264254,0.0006202500878110437,-0.0003485794412529941,-0.0025661353634243156
movi_c_v12_02,temporal_front,blur,7,-0.001065232503942859,-0.0033416549443457955,0.0005541174362305723,-0.0016634384859407492
movi_c_v12_02,temporal_front,blur,8,-0.0008306400255831958,0.0008580856825305776,0.0007887099145902354,-0.001428846007581086
movi_c_v12_02,temporal_front,blur,9,-0.000697992481556553,-0.0012187123896420702,0.0009213574586168782,-0.0012961984635544432
movi_c_v12_02,temporal_front,blur,10,-0.002632743223172751,-0.0007016565197448903,-0.0010133932829993197,-0.003230949205170641
movi_c_v12_02,temporal_front,blur,11,0.0009591768233923048,-0.00024157848921550307,0.002578526763565736,0.0003609708413944146
movi_c_v12_02,temporal_front,blur,12,0.0005982059819978902,-0.0007929394240521193,0.0022175559221713215,0.0
movi_c_v12_02,temporal_middle,mean,1,0.0032673748078251297,-0.00027181761714034636,-0.00015271622385815142,-0.0034946538800895155
movi_c_v12_02,temporal_middle,mean,2,0.014567155319483271,0.007846079183535675,0.01114706428779999,0.007805126631568626
movi_c_v12_02,temporal_middle,mean,3,0.010086257654591924,0.006043054888695572,0.0066661666229086425,0.0033242289666772784
movi_c_v12_02,temporal_middle,mean,4,0.003885939080240819,-0.00032816668773272273,0.0004658480485575378,-0.0028760896076738263
movi_c_v12_02,temporal_middle,mean,5,0.0038859568106177633,-0.0051025367294239565,0.0004658657789344822,-0.002876071877296882
movi_c_v12_02,temporal_middle,mean,6,0.004422523932486988,0.002462603580109598,0.001002432900803707,-0.002339504755427657
movi_c_v12_02,temporal_middle,mean,7,0.006733183257353059,0.0004473650759097003,0.003313092225669778,-2.884543056158595e-05
movi_c_v12_02,temporal_middle,mean,8,0.00926525251929089,0.006299352809742698,0.0058451614876076086,0.0025032238313762445
movi_c_v12_02,temporal_middle,mean,9,0.001818099394892081,-0.0021682209566310506,-0.0016019916367912002,-0.004943929293022564
movi_c_v12_02,temporal_middle,mean,10,0.0008507069693420855,-0.001010738116568784,-0.0025693840623411957,-0.00591132171857256
movi_c_v12_02,temporal_middle,mean,11,0.00710605460533531,0.0024490221842861466,0.003685963573652029,0.000344025917420665
movi_c_v12_02,temporal_middle,mean,12,0.006762028687914645,-0.0021629985150292495,0.003341937656231364,0.0
movi_c_v12_02,temporal_middle,blur,1,-0.0008031781576272046,-5.0891064627337835e-05,-0.0017087260636269308,-0.0005094603917491503
movi_c_v12_02,temporal_middle,blur,2,0.0016210694469211973,0.00232804500490739,0.000715521540921471,0.0019147872127992516
movi_c_v12_02,temporal_middle,blur,3,0.0009483041774500656,0.0009423010927214573,4.2756271450339334e-05,0.0012420219433281199
movi_c_v12_02,temporal_middle,blur,4,-4.329419027793158e-05,0.00044056946633212285,-0.0009488420962776578,0.00025042357560012274
movi_c_v12_02,temporal_middle,blur,5,0.0009992912249510155,0.0012703188157687413,9.374331895128929e-05,0.0012930089908290698
movi_c_v12_02,temporal_middle,blur,6,0.0032561053250598215,0.0022490428801497098,0.0023505574190600953,0.003549823090937876
movi_c_v12_02,temporal_middle,blur,7,0.001747858506743527,0.0021128577791127054,0.0008423106007438008,0.0020415762726215814
movi_c_v12_02,temporal_middle,blur,8,0.0022868341759467725,0.0020364592835556694,0.0013812862699470463,0.002580551941824827
movi_c_v12_02,temporal_middle,blur,9,-0.0004942466802320133,0.00020244540619362983,-0.0013997945862317396,-0.00020052891435395903
movi_c_v12_02,temporal_middle,blur,10,0.0011544137738550564,0.001705645210424119,0.00024886586785533016,0.0014481315397331107
movi_c_v12_02,temporal_middle,blur,11,0.0004106976017778097,0.0006252422536683344,-0.0004948503042219166,0.000704415367655864
movi_c_v12_02,temporal_middle,blur,12,-0.0002937177658780543,8.725017377612482e-05,-0.0011992656718777805,0.0
movi_c_v12_02,temporal_back,mean,1,0.010078250519608423,0.003367102385415488,0.005485273470363317,0.005814355754819367
movi_c_v12_02,temporal_back,mean,2,0.037334528617950835,0.025577760509361558,0.03274155156870573,0.03307063385316178
movi_c_v12_02,temporal_back,mean,3,0.031147026461588956,0.020163623227869465,0.02655404941234385,0.0268831316967999
movi_c_v12_02,temporal_back,mean,4,0.011565986477807932,0.004837222629756536,0.006973009428562826,0.007302091713018877
movi_c_v12_02,temporal_back,mean,5,0.004636105011063152,-0.00019182962057358744,4.312796181804579e-05,0.00037221024627409616
movi_c_v12_02,temporal_back,mean,6,0.022272872437144264,0.003720423729800304,0.01767989538789916,0.01800897767235521
movi_c_v12_02,temporal_back,mean,7,0.0023607937294553016,-0.002953824019414723,-0.0022321833197898044,-0.001903101035333754
movi_c_v12_02,temporal_back,mean,8,0.008713486388804648,0.00422820918964754,0.004120509339559542,0.004449591624015592
movi_c_v12_02,temporal_back,mean,9,0.0038469462049642855,-0.0017290959722437993,-0.0007460308442808206,-0.0004169485598247702
movi_c_v12_02,temporal_back,mean,10,0.0068824274914246475,0.00096977405036347,0.0022894504421795414,0.0026185327266355918
movi_c_v12_02,temporal_back,mean,11,0.004817984201658576,-0.00022324261033053894,0.00022500715241347002,0.0005540894368695204
movi_c_v12_02,temporal_back,mean,12,0.004263894764789056,-0.003997806283330204,-0.00032908228445605037,0.0
movi_c_v12_02,temporal_back,blur,1,0.013487365409852514,0.0037207902132683213,0.008035277974905403,0.0064021341843898405
movi_c_v12_02,temporal_back,blur,2,0.02801266109019107,0.015356072897680114,0.02256057365524396,0.020927429864728397
movi_c_v12_02,temporal_back,blur,3,0.023952089699122436,0.01234227465234953,0.018500002264175325,0.016866858473659763
movi_c_v12_02,temporal_back,blur,4,0.008290357199467246,5.3399816697422345e-05,0.0028382697645201365,0.0012051259740045728
movi_c_v12_02,temporal_back,blur,5,0.006093200168137303,0.0009266119358958269,0.0006411127331901927,-0.000992031057325371
movi_c_v12_02,temporal_back,blur,6,0.01712306085172466,0.0021668293275821284,0.011670973416777548,0.010037829626261985
movi_c_v12_02,temporal_back,blur,7,0.002595618495561225,-0.004189059851822978,-0.002856468939385885,-0.004489612729901449
movi_c_v12_02,temporal_back,blur,8,0.00913437862770572,0.004283514720451002,0.0036822911927586093,0.0020491474022430456
movi_c_v12_02,temporal_back,blur,9,0.00606952945419692,-4.4081307553511806e-05,0.0006174420192498102,-0.0010157017712657535
movi_c_v12_02,temporal_back,blur,10,0.00716966975627964,-0.0008679511135213733,0.0017175823213325296,8.443853081696595e-05
movi_c_v12_02,temporal_back,blur,11,0.006922712323044089,0.0005632268867157659,0.001470624888096979,-0.0001625189024185847
movi_c_v12_02,temporal_back,blur,12,0.007085231225462674,-0.0035504688725864018,0.0016331437905155637,0.0
movi_c_v12_02,spatial_block,mean,1,0.010503649749097121,0.0003375561623675614,-0.0003647704166822221,-0.004884156091400138
movi_c_v12_02,spatial_block,mean,2,0.021521614721970228,0.011945299892333913,0.010653194556190885,0.0061338088814729685
movi_c_v12_02,spatial_block,mean,3,0.049380606267968696,0.03809416865162544,0.03851218610218935,0.03399280042747144
movi_c_v12_02,spatial_block,mean,4,0.003957004248409612,-0.005287721615165627,-0.006911415917369731,-0.011430801592087647
movi_c_v12_02,spatial_block,mean,5,0.007769058045403954,-0.003026094841581525,-0.00309936212037539,-0.007618747795093306
movi_c_v12_02,spatial_block,mean,6,0.008216634097740316,-0.007956246509838467,-0.0026517860680390273,-0.007171171742756943
movi_c_v12_02,spatial_block,mean,7,0.002426260147909254,-0.006622066945094115,-0.00844216001787009,-0.012961545692588006
movi_c_v12_02,spatial_block,mean,8,0.00894611051705363,0.0003574614191350269,-0.0019223096487257143,-0.00644169532344363
movi_c_v12_02,spatial_block,mean,9,0.008084074083111847,-0.001696733519483887,-0.002784346082667496,-0.007303731757385412
movi_c_v12_02,spatial_block,mean,10,0.017387108390506056,0.007269464744996568,0.006518688224726713,0.001999302550008797
movi_c_v12_02,spatial_block,mean,11,0.008988315539663505,0.0013132642804108237,-0.0018801046261158385,-0.0063994903008337545
movi_c_v12_02,spatial_block,mean,12,0.01538780584049726,0.005777357450008994,0.004519385674717916,0.0
movi_c_v12_02,spatial_block,blur,1,0.00816991663096589,0.0014974125191745307,0.0005711134668113793,-0.002137921815316912
movi_c_v12_02,spatial_block,blur,2,0.014167727864285995,0.0073724448405164305,0.006568924700131484,0.003859889418003193
movi_c_v12_02,spatial_block,blur,3,0.027851058668394435,0.020674962464828545,0.020252255504239924,0.017543220222111633
movi_c_v12_02,spatial_block,blur,4,0.0033316807009197147,-0.004535422236889889,-0.004267122463234796,-0.006976157745363087
movi_c_v12_02,spatial_block,blur,5,0.007048100446863215,-0.0003188520595868898,-0.0005507027172912959,-0.0032597379994195874
movi_c_v12_02,spatial_block,blur,6,0.008374150621072829,-0.00044856198715156025,0.0007753474569183183,-0.0019336878252099732
movi_c_v12_02,spatial_block,blur,7,0.0020884948172593676,-0.004941198138795122,-0.005510308346895143,-0.008219343629023435
movi_c_v12_02,spatial_block,blur,8,0.0074162469952339105,0.0006374154205192424,-0.00018255616892060011,-0.0028915914510488916
movi_c_v12_02,spatial_block,blur,9,0.00808888574509048,0.0011222791506041068,0.0004900825809359688,-0.0022189527011923227
movi_c_v12_02,spatial_block,blur,10,0.011285401586094146,0.004125797601498189,0.0036865984219396353,0.0009775631398113438
movi_c_v12_02,spatial_block,blur,11,0.008338132748563432,0.0013729898542419834,0.0007393295844089209,-0.0019697056977193705
movi_c_v12_02,spatial_block,blur,12,0.010307838446282802,0.0040637129400465195,0.0027090352821282915,0.0
movi_c_v12_02,spatial_scattered,mean,1,0.013107827118577942,0.008447925003865115,0.007764638833788788,0.010864320478939482
movi_c_v12_02,spatial_scattered,mean,2,0.007809066294690692,0.0025548174583468475,0.0024658780099015383,0.005565559655052232
movi_c_v12_02,spatial_scattered,mean,3,0.016562392442492357,0.011731476839318411,0.011219204157703205,0.014318885802853898
movi_c_v12_02,spatial_scattered,mean,4,0.002915342750614891,-0.0037075466197714624,-0.0024278455341742626,0.0006718361109764315
movi_c_v12_02,spatial_scattered,mean,5,0.002315714627308285,-0.0029725247147056972,-0.0030274736574808685,7.220798766982561e-05
movi_c_v12_02,spatial_scattered,mean,6,0.005215562069026958,-5.4831453543753746e-05,-0.0001276262157621959,0.002972055429388498
movi_c_v12_02,spatial_scattered,mean,7,-6.054951857714652e-05,-0.005497284947408383,-0.0054037378033663,-0.002304056158215606
movi_c_v12_02,spatial_scattered,mean,8,0.010988072447930763,0.005402101918630997,0.00564488416314161,0.008744565808292304
movi_c_v12_02,spatial_scattered,mean,9,0.009804315729427415,0.004281906130582029,0.004461127444638262,0.007560809089788956
movi_c_v12_02,spatial_scattered,mean,10,0.013237501992450329,0.0072590849751188085,0.007894313707661176,0.01099399535281187
movi_c_v12_02,spatial_scattered,mean,11,-0.0005578726363471009,-0.005291271522196254,-0.005901060921136255,-0.0028013792759855605
movi_c_v12_02,spatial_scattered,mean,12,0.0022435066396384595,-0.0031112234519948085,-0.003099681645150694,0.0
movi_c_v12_02,spatial_scattered,blur,1,0.009202485827581874,0.004397469740813935,0.003922828465573569,0.008471125534795787
movi_c_v12_02,spatial_scattered,blur,2,0.006656312432252065,0.0013044081740671842,0.0013766550702437597,0.005924952139465978
movi_c_v12_02,spatial_scattered,blur,3,0.01101088595051447,0.006362581013377351,0.005731228588506165,0.010279525657728383
movi_c_v12_02,spatial_scattered,blur,4,0.002802069266154561,-0.0019878063566903066,-0.0024775880958537444,0.0020707089733684736
movi_c_v12_02,spatial_scattered,blur,5,0.0019151389805096564,-0.0025817342824698457,-0.003364518381498649,0.001183778687723569
movi_c_v12_02,spatial_scattered,blur,6,0.0030392542064883177,-0.0019127541295719253,-0.0022404031555199877,0.0023078939137022303
movi_c_v12_02,spatial_scattered,blur,7,-0.0007472805784033421,-0.005363480626761989,-0.006026937940411647,-0.0014786408711894294
movi_c_v12_02,spatial_scattered,blur,8,0.01100248668890802,0.006245796898039909,0.005722829326899714,0.010271126396121932
movi_c_v12_02,spatial_scattered,blur,9,0.008258363325948315,0.0034592993046060894,0.0029787059639400093,0.007527003033162227
movi_c_v12_02,spatial_scattered,blur,10,0.01041914627840601,0.005359980020360681,0.005139488916397705,0.009687785985619923
movi_c_v12_02,spatial_scattered,blur,11,0.001283147635920967,-0.0028785154720664856,-0.003996509726087338,0.0005517873431348796
movi_c_v12_02,spatial_scattered,blur,12,0.0007313602927860874,-0.003870972558083108,-0.004548297069222218,0.0
movi_c_v12_03,temporal_front,mean,1,0.004903956666201692,0.0006245252926863065,0.0012132932304874666,0.0004133539279956855
movi_c_v12_03,temporal_front,mean,2,0.006929636774489878,0.0033021870638786734,0.0032389733387756525,0.0024390340362838714
movi_c_v12_03,temporal_front,mean,3,0.008111651730889902,0.0036396932174099046,0.004420988295175676,0.003621048992683895
movi_c_v12_03,temporal_front,mean,4,0.008311456004563511,0.005530711075993899,0.004620792568849286,0.0038208532663575046
movi_c_v12_03,temporal_front,mean,5,0.003220273034974408,-0.00024523624316001103,-0.0004703904007398174,-0.0012703297032315986
movi_c_v12_03,temporal_front,mean,6,0.00241836118103389,-0.0005965870198719747,-0.0012723022546803353,-0.0020722415571721164
movi_c_v12_03,temporal_front,mean,7,0.012718791764450343,-0.0025712066432220793,0.009028128328736118,0.008228189026244337
movi_c_v12_03,temporal_front,mean,8,0.003060846674339257,0.00040785339603044424,-0.0006298167613749683,-0.0014297560638667495
movi_c_v12_03,temporal_front,mean,9,0.004273562144617937,-0.00040153317086773655,0.0005828987089037119,-0.00021704059358806926
movi_c_v12_03,temporal_front,mean,10,0.005072323792809752,0.0013912105422910401,0.0013816603570955266,0.0005817210546037455
movi_c_v12_03,temporal_front,mean,11,0.006165909625707178,0.0024400277834436914,0.0024752461899929523,0.0016753068875011712
movi_c_v12_03,temporal_front,mean,12,0.0044906027382060065,-0.00295021013327416,0.0007999393024917811,0.0
movi_c_v12_03,temporal_front,blur,1,-0.00042149790708079227,0.0005708326979848206,-0.0005839253235252843,0.0008826827069589038
movi_c_v12_03,temporal_front,blur,2,-0.0017360957805657717,-0.0022172591615666017,-0.0018985231970102638,-0.00043191516652607564
movi_c_v12_03,temporal_front,blur,3,-0.00047606413731038355,0.00031955402740565153,-0.0006384915537548755,0.0008281164767293125
movi_c_v12_03,temporal_front,blur,4,0.008462321430473874,0.008271814887178245,0.008299894014029382,0.00976650204451357
movi_c_v12_03,temporal_front,blur,5,0.0005721849759457998,0.0013338329127343673,0.00040975755950130777,0.0018763655899854959
movi_c_v12_03,temporal_front,blur,6,-0.0011656099085752825,-0.001633888180144094,-0.0013280373250197746,0.00013857070546441363
movi_c_v12_03,temporal_front,blur,7,-0.001549472602171087,-0.0007922253660120523,-0.001711900018615579,-0.00024529198813139086
movi_c_v12_03,temporal_front,blur,8,0.00021865484690364312,-7.170758100398061e-05,5.62274304591511e-05,0.0015228354609433392
movi_c_v12_03,temporal_front,blur,9,-0.0002427608090719291,0.00043191624680446095,-0.0004051882255164211,0.001061419804967767
movi_c_v12_03,temporal_front,blur,10,0.001128703521440344,0.0005627164898559522,0.000966276104995852,0.00243288413548004
movi_c_v12_03,temporal_front,blur,11,-0.0026630474801073722,-0.0025696429727531576,-0.002825474896551864,-0.0013588668660676761
movi_c_v12_03,temporal_front,blur,12,-0.001304180614039696,0.0005093504372877626,-0.0014666080304841882,0.0
movi_c_v12_03,temporal_middle,mean,1,0.0032645114910082595,-0.0014800577461827986,-0.0001715167836735163,-0.0061935262606187536
movi_c_v12_03,temporal_middle,mean,2,0.01182262085537078,0.006074508768963242,0.008386592580689004,0.002364583103743767
movi_c_v12_03,temporal_middle,mean,3,0.012494160051188086,0.008599744904035292,0.00905813177650631,0.0030361222995610726
movi_c_v12_03,temporal_middle,mean,4,0.0072829283247672905,0.0014859405509233259,0.0038469000500855146,-0.0021751094268597226
movi_c_v12_03,temporal_middle,mean,5,0.006108871055611531,-7.675685834411094e-05,0.0026728427809297552,-0.003349166696015482
movi_c_v12_03,temporal_middle,mean,6,0.010229398901404396,0.00394317547033,0.00679337062672262,0.0007713611497773831
movi_c_v12_03,temporal_middle,mean,7,0.006963447093527808,-0.0009845072319609374,0.0035274188188460323,-0.002494590658099205
movi_c_v12_03,temporal_middle,mean,8,0.00556397748353421,0.0006245891207946235,0.0021279492088524346,-0.0038940602680928027
movi_c_v12_03,temporal_middle,mean,9,0.004208570998879169,-0.0010544504580930853,0.0007725427241973928,-0.0052494667527478445
movi_c_v12_03,temporal_middle,mean,10,0.0025693129225732303,-0.0009933400199769369,-0.0008667153521085456,-0.006888724829053783
movi_c_v12_03,temporal_middle,mean,11,0.006649683283233898,0.001321585970297745,0.0032136550085521223,-0.002808354468393115
movi_c_v12_03,temporal_middle,mean,12,0.009458037751627013,-0.00174080494261164,0.006022009476945237,0.0
movi_c_v12_03,temporal_middle,blur,1,0.0003039620537907961,-7.265696165311325e-05,-0.0004949142686817934,-1.9422238729749353e-05
movi_c_v12_03,temporal_middle,blur,2,-0.0002541553747910097,0.00031921471769228804,-0.0010530316972635991,-0.0005775396673115551
movi_c_v12_03,temporal_middle,blur,3,0.008603529738175242,0.008241416110070602,0.007804653415702652,0.008280145445654696
movi_c_v12_03,temporal_middle,blur,4,0.0006331928558400701,0.000900814767044696,-0.00016568346663251943,0.00030980856331952467
movi_c_v12_03,temporal_middle,blur,5,0.0008242611365028019,0.00036627726031357444,2.538481403021231e-05,0.0005008768439822564
movi_c_v12_03,temporal_middle,blur,6,0.003115423050342292,0.002733251354699632,0.0023165467278697025,0.0027920387578217465
movi_c_v12_03,temporal_middle,blur,7,0.0033887550292535096,0.0029795470838140195,0.00258987870678092,0.003065370736732964
movi_c_v12_03,temporal_middle,blur,8,2.569588424261582e-06,-0.0009538312079322061,-0.000796306734048328,-0.0003208147040962839
movi_c_v12_03,temporal_middle,blur,9,0.00038843947889621866,-0.0005054895195168996,-0.0004104368435763709,6.50551863756732e-05
movi_c_v12_03,temporal_middle,blur,10,0.0005945279596775155,0.000548039929760491,-0.00020434836279507407,0.00027114366715697
movi_c_v12_03,temporal_middle,blur,11,0.00032978906282177256,-0.00017615791545388948,-0.000469087259650817,6.404770301227103e-06
movi_c_v12_03,temporal_middle,blur,12,0.00032338429252054546,0.0003892810590485629,-0.0004754920299520441,0.0
movi_c_v12_03,temporal_back,mean,1,0.001497111188020872,-0.003754120777506216,-0.0024424736505702276,-0.008667250766757562
movi_c_v12_03,temporal_back,mean,2,0.02862679363620302,0.013941727088930711,0.02468720879761192,0.018462431681424585
movi_c_v12_03,temporal_back,mean,3,0.025365180683542654,0.017465192070159917,0.021425595844951555,0.01520081872876422
movi_c_v12_03,temporal_back,mean,4,0.0030408049813779314,-0.0006737283139628034,-0.0008987798572131682,-0.007123556973400502
movi_c_v12_03,temporal_back,mean,5,0.003235552464159297,-0.0012928865742937905,-0.0007040323744318027,-0.006928809490619137
movi_c_v12_03,temporal_back,mean,6,0.020661792099004983,0.011847461868692233,0.016722207260413884,0.01049743014422655
movi_c_v12_03,temporal_back,mean,7,0.001304688720246916,-0.004403543752866927,-0.0026348961183441837,-0.008859673234531518
movi_c_v12_03,temporal_back,mean,8,0.005324766740886222,0.001512180900904251,0.0013851819022951224,-0.004839595213892212
movi_c_v12_03,temporal_back,mean,9,0.0025622416009115634,-0.002889334656656935,-0.0013773432376795363,-0.00760212035386687
movi_c_v12_03,temporal_back,mean,10,0.004130059188001356,-0.002415438199734961,0.0001904743494102563,-0.006034302766777078
movi_c_v12_03,temporal_back,mean,11,0.010207539190315362,0.003750446562881667,0.006267954351724263,4.317723553692865e-05
movi_c_v12_03,temporal_back,mean,12,0.010164361954778434,0.0019774621927137748,0.006224777116187334,0.0
movi_c_v12_03,temporal_back,blur,1,0.002610122811754101,-0.0027651776942745343,-0.0010015721073061514,-0.010768189093006697
movi_c_v12_03,temporal_back,blur,2,0.029558741827354185,0.01489969093789878,0.02594704690829393,0.016180429922593387
movi_c_v12_03,temporal_back,blur,3,0.026942466090704276,0.017627776072056234,0.023330771171644022,0.013564154185943478
movi_c_v12_03,temporal_back,blur,4,0.006606525673943375,0.003996150417774938,0.002994830754883123,-0.006771786230817423
movi_c_v12_03,temporal_back,blur,5,0.002687759175438842,-0.0017786765985130888,-0.0009239357436214104,-0.010690552729321956
movi_c_v12_03,temporal_back,blur,6,0.0169200165088641,0.005191412467119591,0.013308321589803848,0.003541704604103302
movi_c_v12_03,temporal_back,blur,7,0.0004231826707943309,-0.005739291704919898,-0.0031885122482659214,-0.012955129233966467
movi_c_v12_03,temporal_back,blur,8,0.004870303802227749,0.0016826817140760766,0.0012586088831674966,-0.008508008102533049
movi_c_v12_03,temporal_back,blur,9,0.001937775687015919,-0.003787051925386309,-0.0016739192320443332,-0.011440536217744879
movi_c_v12_03,temporal_back,blur,10,0.0022272956515944076,-0.005374787987559748,-0.0013843992674658447,-0.01115101625316639
movi_c_v12_03,temporal_back,blur,11,0.01320945834588938,0.0058547996647393035,0.009597763426829128,-0.00016885355887141795
movi_c_v12_03,temporal_back,blur,12,0.013378311904760798,0.0029787643558274093,0.009766616985700546,0.0
movi_c_v12_03,spatial_block,mean,1,0.038870136128820176,0.02347177261771044,0.028956735828759163,0.02722865685187037
movi_c_v12_03,spatial_block,mean,2,0.027478055599806428,0.018216589628029446,0.017564655299745414,0.01583657632285662
movi_c_v12_03,spatial_block,mean,3,0.018495459052245256,0.005960686269667725,0.008582058752184244,0.006853979775295449
movi_c_v12_03,spatial_block,mean,4,0.03172763915440102,0.014358814192897845,0.021814238854340008,0.020086159877451215
movi_c_v12_03,spatial_block,mean,5,0.01019945860636362,-0.001720460877903618,0.00028605830630260877,-0.001442020670586186
movi_c_v12_03,spatial_block,mean,6,0.01582211090480512,0.003535442300943048,0.005908710604744108,0.0041806316278553135
movi_c_v12_03,spatial_block,mean,7,0.004317024877125819,-0.010546262890037406,-0.005596375422935193,-0.0073244543998239875
movi_c_v12_03,spatial_block,mean,8,0.011566108498229033,0.0037966471631525334,0.0016527081981680212,-7.537077872077358e-05
movi_c_v12_03,spatial_block,mean,9,0.01888305429303694,0.005727292533929193,0.008969653992975926,0.007241575016087132
movi_c_v12_03,spatial_block,mean,10,0.024720312206103823,0.012466535355447653,0.014806911906042811,0.013078832929154016
movi_c_v12_03,spatial_block,mean,11,0.022698451474566284,0.011141891449397109,0.012785051174505272,0.011056972197616477
movi_c_v12_03,spatial_block,mean,12,0.011641479276949807,-0.0017022973030387054,0.0017280789768887948,0.0
movi_c_v12_03,spatial_block,blur,1,0.01903407207814345,0.012015982694422334,0.01325976768854566,0.013557092474300814
movi_c_v12_03,spatial_block,blur,2,0.01495968208628462,0.009913056064631682,0.009185377696686831,0.009482702482441985
movi_c_v12_03,spatial_block,blur,3,0.009696337557198786,0.004196983950287762,0.003922033167600998,0.004219357953356151
movi_c_v12_03,spatial_block,blur,4,0.014165985635413492,0.007256654896070709,0.008391681245815703,0.008689006031570856
movi_c_v12_03,spatial_block,blur,5,0.006931542824468728,0.0018079815688617122,0.0011572384348709401,0.0014545632206260928
movi_c_v12_03,spatial_block,blur,6,0.011145486172512542,0.005272837738521978,0.005371181782914754,0.0056685065686699065
movi_c_v12_03,spatial_block,blur,7,0.0037619305107573497,-0.0019755693544727766,-0.0020123738788404384,-0.0017150490930852857
movi_c_v12_03,spatial_block,blur,8,0.00706619614719084,0.0025524861614933947,0.0012918917575930515,0.0015892165433482042
movi_c_v12_03,spatial_block,blur,9,0.014424639606839262,0.008552999987104754,0.008650335217241473,0.008947660002996627
movi_c_v12_03,spatial_block,blur,10,0.014994696055733447,0.009792094475830664,0.009220391666135658,0.009517716451890812
movi_c_v12_03,spatial_block,blur,11,0.013815592506846719,0.008884012467119767,0.00804128811724893,0.008338612903004083
movi_c_v12_03,spatial_block,blur,12,0.0054769796038426355,0.0002444731113857195,-0.00029732478575515264,0.0
movi_c_v12_03,spatial_scattered,mean,1,0.013179581064765578,0.005729304182974422,0.008677298055492,0.010771978402560056
movi_c_v12_03,spatial_scattered,mean,2,0.010269099848200014,0.003891562430934914,0.005766816838926436,0.007861497185994493
movi_c_v12_03,spatial_scattered,mean,3,0.00787816347083281,0.00215694225362284,0.003375880461559233,0.0054705608086272894
movi_c_v12_03,spatial_scattered,mean,4,0.0029631865548173097,-0.004862226775538306,-0.001539096454456268,0.0005555838926117884
movi_c_v12_03,spatial_scattered,mean,5,0.002044538417805497,-0.0030828508422134915,-0.0024577445914680807,-0.00036306424440002427
movi_c_v12_03,spatial_scattered,mean,6,0.006529842444948808,-0.0012394992945582812,0.0020275594356752302,0.004122239782743287
movi_c_v12_03,spatial_scattered,mean,7,0.0018142004873593631,-0.0033475936043767156,-0.0026880825219142146,-0.0005934021748461582
movi_c_v12_03,spatial_scattered,mean,8,0.00580223418396042,0.0018116781530717425,0.001299951174686842,0.0033946315217548984
movi_c_v12_03,spatial_scattered,mean,9,0.004025539661921318,-0.0020009068177158085,-0.00047674334735225976,0.0016179369997157966
movi_c_v12_03,spatial_scattered,mean,10,0.006581661178346687,0.0022172368603065777,0.0020793781690731095,0.004174058516141166
movi_c_v12_03,spatial_scattered,mean,11,0.001754688862851017,-0.0047627856551556436,-0.0027475941464225606,-0.0006529137993545042
movi_c_v12_03,spatial_scattered,mean,12,0.0024076026622055213,-0.001959974061185421,-0.0020946803470680564,0.0
movi_c_v12_03,spatial_scattered,blur,1,0.010443047239307668,0.005554963559960509,0.008236745925757774,0.01135597889357165
movi_c_v12_03,spatial_scattered,blur,2,0.008130730060861069,0.00427166907810698,0.005924428747311175,0.009043661715125051
movi_c_v12_03,spatial_scattered,blur,3,0.006316738246509024,0.002883027997747497,0.00411043693295913,0.007229669900773006
movi_c_v12_03,spatial_scattered,blur,4,0.001885605773290111,-0.0021892045405003486,-0.00032069554025978197,0.002798537427554093
movi_c_v12_03,spatial_scattered,blur,5,0.0008236649819965969,-0.0025815458261517765,-0.0013826363315532961,0.001736596636260579
movi_c_v12_03,spatial_scattered,blur,6,0.004519999791657736,-0.0011493757803588966,0.002313698478107843,0.005432931445921718
movi_c_v12_03,spatial_scattered,blur,7,-0.00021779683301137442,-0.003482097111674687,-0.0024240981465612674,0.0006951348212526076
movi_c_v12_03,spatial_scattered,blur,8,0.002918618096999226,0.0003318434114321831,0.0007123167834493329,0.003831549751263208
movi_c_v12_03,spatial_scattered,blur,9,0.002562189643097401,-0.0013765748574744814,0.00035588832954750816,0.003475121297361383
movi_c_v12_03,spatial_scattered,blur,10,0.004961684560926827,0.0021140133214409365,0.0027553832473769337,0.005874616215190809
movi_c_v12_03,spatial_scattered,blur,11,-0.0007592703704010217,-0.004942489958996636,-0.0029655716839509147,0.0001536612838629603
movi_c_v12_03,spatial_scattered,blur,12,-0.000912931654263982,-0.004160053176887649,-0.003119232967813875,0.0
movi_c_v13_00,temporal_front,mean,1,0.002293303367777222,0.0014179960563298621,0.002272525600485483,-0.004515706022196531
movi_c_v13_00,temporal_front,mean,2,0.006200269178754381,0.00266982312910502,0.006179491411462641,-0.0006087402112193718
movi_c_v13_00,temporal_front,mean,3,0.004468248776767103,-0.0007033700917800463,0.004447471009475364,-0.0023407606132066494
movi_c_v13_00,temporal_front,mean,4,0.00561849468150688,0.0038750414683274004,0.005597716914215141,-0.0011905147084668721
movi_c_v13_00,temporal_front,mean,5,0.003957394733005604,-0.002718224439487031,0.003936616965713864,-0.002851614656968149
movi_c_v13_00,temporal_front,mean,6,0.001898172775846807,0.0011124122065707307,0.001877395008555068,-0.0049108366141269455
movi_c_v13_00,temporal_front,mean,7,0.007939085324028983,8.444126633788684e-05,0.007918307556737244,0.0011300759340552302
movi_c_v13_00,temporal_front,mean,8,0.0010996070177133888,9.24881658584582e-05,0.0010788292504216497,-0.005709402372260364
movi_c_v13_00,temporal_front,mean,9,0.0048433113309978015,0.0010790865076360325,0.004822533563706062,-0.001965698058975951
movi_c_v13_00,temporal_front,mean,10,0.0004850687261060971,4.570879020663704e-05,0.00046429095881435806,-0.006323940663867655
movi_c_v13_00,temporal_front,mean,11,0.003017034585913958,-0.0017171123867902498,0.002996256818622219,-0.0037919748040597945
movi_c_v13_00,temporal_front,mean,12,0.0068090093899737525,-0.0007097795203471202,0.006788231622682013,0.0
movi_c_v13_00,temporal_front,blur,1,0.004510950083538412,0.0035891353384333025,0.004036872533466851,0.001236772299848199
movi_c_v13_00,temporal_front,blur,2,0.004105502806777794,0.001920569603183727,0.0036314252567062333,0.0008313250230875813
movi_c_v13_00,temporal_front,blur,3,0.0023878444490328388,-0.0009249191102493892,0.0019137668989612777,-0.0008863333346573743
movi_c_v13_00,temporal_front,blur,4,0.004589067506695965,0.002532302599937456,0.004114989956624404,0.0013148897230057521
movi_c_v13_00,temporal_front,blur,5,0.0032097746859265364,-0.001713079259969441,0.0027356971358549753,-6.44030977636767e-05
movi_c_v13_00,temporal_front,blur,6,0.00010167748990475012,-0.000801016515866874,-0.00037240006016681093,-0.003172500293785463
movi_c_v13_00,temporal_front,blur,7,0.002795323136240535,-0.0036315729011949793,0.002321245586168974,-0.000478854647449678
movi_c_v13_00,temporal_front,blur,8,0.004431297274922419,0.003566136615046752,0.003957219724850858,0.0011571194912322058
movi_c_v13_00,temporal_front,blur,9,0.0018490594769269286,-0.0010617358817305669,0.0013749819268553676,-0.0014251183067632844
movi_c_v13_00,temporal_front,blur,10,0.001580680237188381,0.00048065399860168045,0.00110660268711682,-0.001693497546501832
movi_c_v13_00,temporal_front,blur,11,0.0030559314387381686,-0.001357928966598883,0.0025818538886666076,-0.00021824634495204442
movi_c_v13_00,temporal_front,blur,12,0.003274177783690213,-0.0031894749416147743,0.002800100233618652,0.0
movi_c_v13_00,temporal_middle,mean,1,0.004964599355218979,0.0007999507721364969,0.0009478937143056658,0.0008404499370811003
movi_c_v13_00,temporal_middle,mean,2,0.017406155292265302,0.011031482237979413,0.013389449651351987,0.013282005874127423
movi_c_v13_00,temporal_middle,mean,3,0.00613429599838633,0.0013026166599918359,0.0021175903574730164,0.002010146580248451
movi_c_v13_00,temporal_middle,mean,4,0.003034092203697991,-0.0015346728338862707,-0.0009826134372153223,-0.001090057214439888
movi_c_v13_00,temporal_middle,mean,5,0.0018656002635683011,-0.0043017905749882885,-0.0021511053773450124,-0.002258549154569578
movi_c_v13_00,temporal_middle,mean,6,0.003763774431798095,-0.0014748391850795866,-0.0002529312091152187,-0.00036037498633978426
movi_c_v13_00,temporal_middle,mean,7,0.0039028449234863594,-0.0020972421595701523,-0.00011386071742695413,-0.0002213044946515197
movi_c_v13_00,temporal_middle,mean,8,0.0071059735463101514,0.002278081124950056,0.003089267905396838,0.0029818241281722724
movi_c_v13_00,temporal_middle,mean,9,0.0027804853249193684,-0.0032959266572088657,-0.001236220315993945,-0.0013436640932185107
movi_c_v13_00,temporal_middle,mean,10,0.0029722159067890885,-0.0016025616271348646,-0.001044489734124225,-0.0011519335113487905
movi_c_v13_00,temporal_middle,mean,11,0.008977513847658436,0.002737543573964089,0.0049608082067451225,0.004853364429520557
movi_c_v13_00,temporal_middle,mean,12,0.004124149418137879,-0.0032554275906406067,0.00010744377722456556,0.0
movi_c_v13_00,temporal_middle,blur,1,0.003457041691054763,0.0034004277821774917,0.0034324381798552426,0.004154393260874523
movi_c_v13_00,temporal_middle,blur,2,0.004144599069587196,0.0032149697099932797,0.004119995558387675,0.004841950639406956
movi_c_v13_00,temporal_middle,blur,3,0.0031352113196035925,0.0030237222342204273,0.003110607808404072,0.003832562889423352
movi_c_v13_00,temporal_middle,blur,4,-0.0008892676230781715,-0.0020844546931061414,-0.0009138711342776921,-0.00019191605325841188
movi_c_v13_00,temporal_middle,blur,5,0.0005917792388312471,0.0006265513283592039,0.0005671757276317265,0.0012891308086510067
movi_c_v13_00,temporal_middle,blur,6,0.00048262237343443815,-4.2193969225334804e-05,0.00045801886223491756,0.0011799739432541978
movi_c_v13_00,temporal_middle,blur,7,0.0018054684068546933,0.0010381974296358822,0.0017808648956551727,0.002502819976674453
movi_c_v13_00,temporal_middle,blur,8,0.002071991327598721,0.0012962697854417282,0.0020473878163992008,0.002769342897418481
movi_c_v13_00,temporal_middle,blur,9,0.0003652826496545192,-0.00016888306732398828,0.0003406791384549986,0.0010626342194742788
movi_c_v13_00,temporal_middle,blur,10,-0.00017508003518962312,-0.0006990928948401587,-0.00019968354638914368,0.0005222715346301365
movi_c_v13_00,temporal_middle,blur,11,0.0013636487570898304,0.0004166386490216759,0.0013390452458903097,0.00206100032690959
movi_c_v13_00,temporal_middle,blur,12,-0.0006973515698197597,-0.001283785800177887,-0.0007219550810192802,0.0
movi_c_v13_00,temporal_back,mean,1,0.008052554016208524,0.0007203823659773789,0.002420143809439483,-0.0013972095931344963
movi_c_v13_00,temporal_back,mean,2,0.010760533220217638,0.0022987419679436263,0.005128123013448597,0.001310769610874618
movi_c_v13_00,temporal_back,mean,3,0.014327736258848867,0.005723813741646358,0.008695326052079826,0.004877972649505846
movi_c_v13_00,temporal_back,mean,4,0.008403697884887706,-0.005345220525518743,0.0027712876781186653,-0.001046065724455314
movi_c_v13_00,temporal_back,mean,5,0.00488794461242914,-0.002879570577687618,-0.0007444655943399008,-0.00456181899691388
movi_c_v13_00,temporal_back,mean,6,0.020609062632606978,0.006794966462205898,0.014976652425837938,0.011159299023263958
movi_c_v13_00,temporal_back,mean,7,0.004565066902074366,-0.0029608645974245063,-0.001067343304694675,-0.004884696707268654
movi_c_v13_00,temporal_back,mean,8,0.0033466254347909175,-0.0013595230246098433,-0.0022857847719781237,-0.006103138174552103
movi_c_v13_00,temporal_back,mean,9,0.003570215752146555,-0.004870472920209701,-0.002062194454622486,-0.0058795478571964654
movi_c_v13_00,temporal_back,mean,10,0.008130039587213367,0.0009245123793112375,0.0024976293804443257,-0.0013197240221296536
movi_c_v13_00,temporal_back,mean,11,0.007512488544992091,0.0006089950416576046,0.0018800783382230497,-0.0019372750643509296
movi_c_v13_00,temporal_back,mean,12,0.00944976360934302,-0.001022284395641301,0.0038173534025739793,0.0
movi_c_v13_00,temporal_back,blur,1,0.00799678579908647,0.0008082474568490055,0.0019339538242513958,0.0028238242917328904
movi_c_v13_00,temporal_back,blur,2,0.011226420061348219,0.003766062816980109,0.005163588086513145,0.0060534585539946395
movi_c_v13_00,temporal_back,blur,3,0.016475070229133304,0.008732757856987461,0.010412238254298229,0.011302108721779724
movi_c_v13_00,temporal_back,blur,4,0.003377993135128876,-0.00873812741475477,-0.002684838839706198,-0.0017949683722247034
movi_c_v13_00,temporal_back,blur,5,0.0034731855077589913,-0.0037404484851377706,-0.002589646467076083,-0.0016997759995945882
movi_c_v13_00,temporal_back,blur,6,0.016285497517852687,0.004319585272726098,0.010222665543017612,0.011112536010499108
movi_c_v13_00,temporal_back,blur,7,0.0037588456734919395,-0.0030168098867153397,-0.0023039863013431345,-0.00141411583386164
movi_c_v13_00,temporal_back,blur,8,0.0009955142781488124,-0.0024746024204812533,-0.005067317696686262,-0.004177447229204767
movi_c_v13_00,temporal_back,blur,9,0.0036336782608653584,-0.003424307494703978,-0.0024291537139697157,-0.0015392832464882211
movi_c_v13_00,temporal_back,blur,10,0.006128088625548811,-0.00046756116826311266,6.525665071373688e-05,0.0009551271181952314
movi_c_v13_00,temporal_back,blur,11,0.0067962269739495484,0.0005748008916216518,0.0007333949991144744,0.001623265466595969
movi_c_v13_00,temporal_back,blur,12,0.0051729615073535795,-0.004083192237176533,-0.0008898704674814946,0.0
movi_c_v13_00,spatial_block,mean,1,0.006199738206016714,-0.0035306574840201135,0.0003158361057918153,0.00224951330483103
movi_c_v13_00,spatial_block,mean,2,0.021796567080609286,0.012462826126525236,0.015912664980384388,0.017846342179423602
movi_c_v13_00,spatial_block,mean,3,0.022637734350289374,0.013622116048513155,0.016753832250064476,0.01868750944910369
movi_c_v13_00,spatial_block,mean,4,0.005316229410541551,-0.009384980159524456,-0.0005676726896833477,0.001366004509355867
movi_c_v13_00,spatial_block,mean,5,0.0064291139821983645,-0.0023304312363645607,0.0005452118819734659,0.0024788890810126807
movi_c_v13_00,spatial_block,mean,6,0.022144119866900347,0.012850524149925121,0.01626021776667545,0.018193894965714663
movi_c_v13_00,spatial_block,mean,7,0.0012078684992905542,-0.00860230606184309,-0.004676033600934344,-0.0027423564018951296
movi_c_v13_00,spatial_block,mean,8,0.0026692550805822446,-0.005691975601266478,-0.003214647019642654,-0.0012809698206034392
movi_c_v13_00,spatial_block,mean,9,0.008008632084378409,-0.0013978884496537534,0.00212472998415351,0.004058407183192725
movi_c_v13_00,spatial_block,mean,10,0.011807613647955018,0.003286992053187424,0.005923711547730119,0.007857388746769334
movi_c_v13_00,spatial_block,mean,11,0.004374531221357669,-0.0036426517409276302,-0.0015093708788672293,0.00042430632017198544
movi_c_v13_00,spatial_block,mean,12,0.003950224901185684,-0.00458523301078669,-0.0019336771990392148,0.0
movi_c_v13_00,spatial_block,blur,1,0.0032152610093613143,-0.00417946035082913,-0.003161308551893745,0.0001423387139772858
movi_c_v13_00,spatial_block,blur,2,0.015786727324130556,0.007916294099016619,0.009410157762875498,0.012713805028746528
movi_c_v13_00,spatial_block,blur,3,0.009854922062848437,0.002423436528864527,0.0034783525015933776,0.006781999767464408
movi_c_v13_00,spatial_block,blur,4,0.005265829533994348,-0.0023748340096487004,-0.0011107400272607109,0.00219290723861032
movi_c_v13_00,spatial_block,blur,5,0.006410741299816891,-0.001262587006157963,3.417173856183186e-05,0.0033378190044328626
movi_c_v13_00,spatial_block,blur,6,0.016196789530300792,0.008128068753356107,0.009820219969045734,0.013123867234916764
movi_c_v13_00,spatial_block,blur,7,0.0017210542219054936,-0.006426634956026059,-0.004655515339349566,-0.0013518680734785349
movi_c_v13_00,spatial_block,blur,8,0.0011492258969379998,-0.005900363132115542,-0.0052273436643170594,-0.0019236963984460287
movi_c_v13_00,spatial_block,blur,9,0.010360038787947334,0.0029470617181536944,0.003983469226692275,0.007287116492563306
movi_c_v13_00,spatial_block,blur,10,0.007709004527598595,0.0012376446529907366,0.001332434966343536,0.004636082232214567
movi_c_v13_00,spatial_block,blur,11,0.004215451304080187,-0.0025125083849995384,-0.0021611182571748726,0.0011425290086961581
movi_c_v13_00,spatial_block,blur,12,0.0030729222953840285,-0.00397262236386194,-0.0033036472658710308,0.0
movi_c_v13_00,spatial_scattered,mean,1,0.015295157764863454,0.009596440785381133,0.012220549716849124,0.0144299127890537
movi_c_v13_00,spatial_scattered,mean,2,0.010009421205126712,0.004499669031197954,0.006934813157112382,0.009144176229316958
movi_c_v13_00,spatial_scattered,mean,3,0.023821725979422226,0.018247057561364095,0.020747117931407894,0.022956481003612472
movi_c_v13_00,spatial_scattered,mean,4,0.0019491603494901089,-0.0029980429728534057,-0.0011254476985242214,0.0010839153736803553
movi_c_v13_00,spatial_scattered,mean,5,0.0021269381908706197,-0.003987651110472982,-0.0009476698571437106,0.0012616932150608662
movi_c_v13_00,spatial_scattered,mean,6,0.0017446860562464472,-0.0034678112131312595,-0.001329921991767883,0.0008794410804366937
movi_c_v13_00,spatial_scattered,mean,7,0.003445931932339219,-0.000776712008959457,0.0003713238843248887,0.0025806869565294654
movi_c_v13_00,spatial_scattered,mean,8,0.007985891145099844,0.0019872658673562764,0.004911283097085514,0.00712064616929009
movi_c_v13_00,spatial_scattered,mean,9,0.006955374127691094,0.0021018818651784565,0.003880766079676764,0.0060901291518813405
movi_c_v13_00,spatial_scattered,mean,10,0.008515612429750408,0.0032328226048375557,0.005441004381736078,0.007650367453940654
movi_c_v13_00,spatial_scattered,mean,11,0.0006005714930039652,-0.0048636656505912645,-0.002474036555010365,-0.0002646734828057884
movi_c_v13_00,spatial_scattered,mean,12,0.0008652449758097536,-0.0049432420920681635,-0.0022093630722045767,0.0
movi_c_v13_00,spatial_scattered,blur,1,0.007391495087565536,0.0030376021078766984,0.0027723008212637472,0.005852430117746721
movi_c_v13_00,spatial_scattered,blur,2,0.00613880827165425,0.0008503534013123053,0.0015196140053524614,0.004599743301835435
movi_c_v13_00,spatial_scattered,blur,3,0.016396289188665092,0.011996733321733604,0.011777094922363302,0.014857224218846277
movi_c_v13_00,spatial_scattered,blur,4,0.0014696397824573992,-0.0033704062531895174,-0.0031495544838443896,-6.942518736141601e-05
movi_c_v13_00,spatial_scattered,blur,5,0.0033543528518038546,-0.0012779217831369039,-0.0012648414144979343,0.0018152878819850393
movi_c_v13_00,spatial_scattered,blur,6,0.0019202974763626868,-0.0012242294248794674,-0.002698896789939102,0.00038123250654387153
movi_c_v13_00,spatial_scattered,blur,7,0.004121129601465046,-0.0003686938071664203,-0.0004980646648367433,0.0025820646316462303
movi_c_v13_00,spatial_scattered,blur,8,0.008719691512287242,0.0031513281423487527,0.004100497245985453,0.007180626542468427
movi_c_v13_00,spatial_scattered,blur,9,0.004521643520899454,-3.262398226936813e-05,-9.755074540233454e-05,0.002982578551080639
movi_c_v13_00,spatial_scattered,blur,10,0.008163955277455948,0.003110307618937898,0.0035447610111541588,0.006624890307637132
movi_c_v13_00,spatial_scattered,blur,11,0.0023838530989837015,-0.002231722788984425,-0.0022353411673180874,0.0008447881291648862
movi_c_v13_00,spatial_scattered,blur,12,0.0015390649698188152,-0.00295289420653011,-0.0030801292964829736,0.0
movi_c_v13_01,temporal_front,mean,1,0.0037624972095779974,0.003905145128287287,0.0047841204255012855,-0.0005373689165848461
movi_c_v13_01,temporal_front,mean,2,0.002436357408017953,0.0029585803684021306,0.003457980623941241,-0.0018635087181448906
movi_c_v13_01,temporal_front,mean,3,0.004018351565224565,0.0035256634915008522,0.005039974781147853,-0.00028151456093827854
movi_c_v13_01,temporal_front,mean,4,-6.912237925582598e-05,0.0018735176166363072,0.0009525008366674619,-0.0043689885054186695
movi_c_v13_01,temporal_front,mean,5,0.0016962652806588041,0.0016625170146358965,0.002717888496582092,-0.0026036008455040394
movi_c_v13_01,temporal_front,mean,6,0.0006471083125058064,0.0007851598597790055,0.0016687315284290942,-0.003652757813657037
movi_c_v13_01,temporal_front,mean,7,0.0005557847978521213,-0.0012605749360703467,0.0015774080137754092,-0.003744081328310722
movi_c_v13_01,temporal_front,mean,8,0.0011568294923492983,0.001036101987207864,0.0021784527082725864,-0.003143036633813545
movi_c_v13_01,temporal_front,mean,9,-0.0001484455882757585,0.0006750082777748911,0.0008731776276475294,-0.004448311714438602
movi_c_v13_01,temporal_front,mean,10,-0.0006714355548902429,-0.0009408928425912084,0.000350187661033045,-0.004971301681053086
movi_c_v13_01,temporal_front,mean,11,0.004708737604770641,0.002831114955302416,0.005730360820693929,0.0004088714786077974
movi_c_v13_01,temporal_front,mean,12,0.0042998661261628435,0.002444073440191448,0.0053214893420861316,0.0
movi_c_v13_01,temporal_front,blur,1,0.0037288069078208474,0.0037251586438874864,0.005415193080848109,0.0005045793837442636
movi_c_v13_01,temporal_front,blur,2,0.0018879604404758998,0.002834810956841053,0.0035743466135031614,-0.001336267083600684
movi_c_v13_01,temporal_front,blur,3,9.748890092098339e-05,0.0011275733524393667,0.0017838750739482452,-0.0031267386231556005
movi_c_v13_01,temporal_front,blur,4,0.0007757620193281634,0.0013800750747815504,0.002462148192355425,-0.0024484655047484205
movi_c_v13_01,temporal_front,blur,5,-0.002248269796567226,-0.0010300980684784984,-0.0005618836235399642,-0.00547249732064381
movi_c_v13_01,temporal_front,blur,6,0.0009721416628600821,0.0017051919802613482,0.0026585278358873437,-0.0022520858612165018
movi_c_v13_01,temporal_front,blur,7,-0.00022696219386153516,0.0014387798414433977,0.0014594239791657266,-0.003451189717938119
movi_c_v13_01,temporal_front,blur,8,0.0005472966335512419,0.0016640231614173755,0.0022336828065785035,-0.002676930890525342
movi_c_v13_01,temporal_front,blur,9,-0.0018796622776035,-0.0008081987963551123,-0.00019327610457623812,-0.005103889801680084
movi_c_v13_01,temporal_front,blur,10,-0.0012140967423238669,-0.00048513546536277374,0.0004722894307033949,-0.004438324266400451
movi_c_v13_01,temporal_front,blur,11,-0.0013363589408341703,-0.00029481469933112514,0.0003500272321930915,-0.004560586464910754
movi_c_v13_01,temporal_front,blur,12,0.003224227524076584,0.004817698449561665,0.0049106136971038454,0.0
movi_c_v13_01,temporal_middle,mean,1,0.008638336099123567,-0.0007771406727470707,0.0013157210657090967,-0.0051415011682171
movi_c_v13_01,temporal_middle,mean,2,0.008578927238212852,-0.002029524398563262,0.0012563122047983821,-0.005200910029127814
movi_c_v13_01,temporal_middle,mean,3,0.011426622373579165,0.003313686479229175,0.004104007340164695,-0.0023532148937615016
movi_c_v13_01,temporal_middle,mean,4,0.005266663962330109,-0.002229634185224298,-0.002055951071084361,-0.008513173305010557
movi_c_v13_01,temporal_middle,mean,5,0.010238608384993242,-0.0006464960612243918,0.0029159933515787717,-0.0035412288823474247
movi_c_v13_01,temporal_middle,mean,6,0.011963055444086823,-0.0013608788269517582,0.004640440410672353,-0.0018167818232538435
movi_c_v13_01,temporal_middle,mean,7,0.013603205520383188,-0.002372376724219305,0.006280590486968718,-0.00017663174695747852
movi_c_v13_01,temporal_middle,mean,8,0.008254359052987992,-0.00015614683504846204,0.0009317440195735216,-0.005525478214352675
movi_c_v13_01,temporal_middle,mean,9,0.005351656283106632,-0.0014792474064127719,-0.0019709587503078385,-0.008428180984234035
movi_c_v13_01,temporal_middle,mean,10,0.0019497288054557416,-0.004739383603603449,-0.005372886227958729,-0.011830108461884925
movi_c_v13_01,temporal_middle,mean,11,0.011708905498404976,0.0006306385302246396,0.0043862904649905055,-0.002070931768935691
movi_c_v13_01,temporal_middle,mean,12,0.013779837267340667,-0.0024341893079170562,0.006457222233926196,0.0
movi_c_v13_01,temporal_middle,blur,1,0.0023862650595010138,0.0012435964202647993,0.0019684112736479595,-0.00030829641423646414
movi_c_v13_01,temporal_middle,blur,2,0.0013589272837528643,0.0011195222185099718,0.0009410734978998099,-0.0013356341899846136
movi_c_v13_01,temporal_middle,blur,3,0.003548226681681532,0.00314580652215087,0.003130372895828478,0.0008536652079440543
movi_c_v13_01,temporal_middle,blur,4,-0.0007005752967056411,-0.0010862760884215634,-0.0011184290825586956,-0.003395136770443119
movi_c_v13_01,temporal_middle,blur,5,0.0019062309917372566,0.001719186241639396,0.0014883772058842022,-0.0007883304820002213
movi_c_v13_01,temporal_middle,blur,6,-0.00047626154072699656,-0.001333012593055701,-0.000894115326580051,-0.0031708230144644745
movi_c_v13_01,temporal_middle,blur,7,0.0033668141126728113,0.0019208179059665431,0.002948960326819757,0.0006722526389353334
movi_c_v13_01,temporal_middle,blur,8,0.004026200758496135,0.003656301214929103,0.0036083469726430803,0.0013316392847586567
movi_c_v13_01,temporal_middle,blur,9,0.0007637881933687529,0.00011031106514403088,0.00034593440751569854,-0.001930773280368725
movi_c_v13_01,temporal_middle,blur,10,-0.0005827332111958405,-0.0006514881356809074,-0.001000586997048895,-0.0032772946849333184
movi_c_v13_01,temporal_middle,blur,11,0.0011984885566147518,0.0007110165789936396,0.0007806347707616974,-0.001496072917122726
movi_c_v13_01,temporal_middle,blur,12,0.002694561473737478,0.0018062953249280054,0.0022767076878844237,0.0
movi_c_v13_01,temporal_back,mean,1,0.01629762264536949,0.0001780095358678846,0.007687159510552544,-0.006890345368333106
movi_c_v13_01,temporal_back,mean,2,0.009180666203032484,0.0010977646672499786,0.0005702030682155357,-0.014007301810670114
movi_c_v13_01,temporal_back,mean,3,0.021196307728034824,0.007584566697993752,0.012585844593217876,-0.0019916602856677734
movi_c_v13_01,temporal_back,mean,4,0.03784881472527779,0.012089702988463309,0.029238351590460843,0.014660846711575193
movi_c_v13_01,temporal_back,mean,5,0.011824552607532901,-0.000401733646381186,0.003214089472715953,-0.011363415406169697
movi_c_v13_01,temporal_back,mean,6,0.032341908814700115,0.0034069539730882115,0.023731445679883167,0.009153940800997518
movi_c_v13_01,temporal_back,mean,7,0.019201988151386518,0.0012016890420088293,0.01059152501656957,-0.00398597986231608
movi_c_v13_01,temporal_back,mean,8,0.009172468452841365,0.0008549709443069764,0.0005620053180244167,-0.014015499560861233
movi_c_v13_01,temporal_back,mean,9,0.0062937927792718895,-0.0046899580426582235,-0.0023166703555450585,-0.01689417523443071
movi_c_v13_01,temporal_back,mean,10,0.005085147881301766,-0.0030297998682533214,-0.003525315253515182,-0.018102820132400832
movi_c_v13_01,temporal_back,mean,11,0.009820833309590715,0.0016851206826973275,0.0012103701747737672,-0.013367134704111883
movi_c_v13_01,temporal_back,mean,12,0.023187968013702598,-0.0008132425579020115,0.01457750487888565,0.0
movi_c_v13_01,temporal_back,blur,1,0.012968748885876846,0.0002609656449863076,0.005318926231030178,0.0001607483173521329
movi_c_v13_01,temporal_back,blur,2,0.007998309645829593,0.0007705881736524605,0.00034848699098292534,-0.00480969092269512
movi_c_v13_01,temporal_back,blur,3,0.02034861802523169,0.008733688143660304,0.012698795370385024,0.007540617456706977
movi_c_v13_01,temporal_back,blur,4,0.0202834917578949,0.004716580931425315,0.012633669103048233,0.007475491189370187
movi_c_v13_01,temporal_back,blur,5,0.010533845623588722,-3.272437698154107e-05,0.0028840229687420544,-0.002274154944935991
movi_c_v13_01,temporal_back,blur,6,0.016243556158418215,-0.0017802806791759433,0.008593733503571548,0.003435555589893502
movi_c_v13_01,temporal_back,blur,7,0.01096167170512885,-0.0020198476980550027,0.0033118490502821825,-0.001846328863395863
movi_c_v13_01,temporal_back,blur,8,0.007714412942003035,0.0011764038989160825,6.459028715636705e-05,-0.005093587626521678
movi_c_v13_01,temporal_back,blur,9,0.004299447599521167,-0.005363146133179378,-0.003350375055325501,-0.008508552969003547
movi_c_v13_01,temporal_back,blur,10,0.00475049988746945,-0.002994299838159316,-0.0028993227673772175,-0.008057500681055263
movi_c_v13_01,temporal_back,blur,11,0.006538596155658105,-0.000766885214918374,-0.0011112264991885628,-0.006269404412866608
movi_c_v13_01,temporal_back,blur,12,0.012808000568524713,-0.0018160550516287035,0.0051581779136780454,0.0
movi_c_v13_01,spatial_block,mean,1,0.033484272012002325,0.026160468724008384,0.024903387939860876,0.01974378936225918
movi_c_v13_01,spatial_block,mean,2,0.02297729339900423,0.01606964365687354,0.014396409326862777,0.009236810749261082
movi_c_v13_01,spatial_block,mean,3,0.01691750716306517,0.00907967759916132,0.00833662309092372,0.0031770245133220243
movi_c_v13_01,spatial_block,mean,4,0.010734841384844485,-0.0025250094011675106,0.0021539573127030334,-0.003005641264898662
movi_c_v13_01,spatial_block,mean,5,0.019493846688446226,0.011179450007912872,0.010912962616304775,0.005753364038703079
movi_c_v13_01,spatial_block,mean,6,0.013833339129584288,0.004418955046314102,0.005252455057442837,9.285647984114132e-05
movi_c_v13_01,spatial_block,mean,7,0.003708640288019316,-0.005125450121702882,-0.004872243784122135,-0.01003184236172383
movi_c_v13_01,spatial_block,mean,8,0.004575449253707564,-0.0028320797004313114,-0.004005434818433887,-0.009165033396035582
movi_c_v13_01,spatial_block,mean,9,0.010867256013002313,0.002954328813394266,0.002286371940860862,-0.0028732266367408332
movi_c_v13_01,spatial_block,mean,10,0.006620172549273717,-0.0021292014773791976,-0.001960711522867734,-0.007120310100469429
movi_c_v13_01,spatial_block,mean,11,0.006132608973859366,-0.0013746620682246746,-0.0024482750982820854,-0.007607873675883781
movi_c_v13_01,spatial_block,mean,12,0.013740482649743146,0.006224604188771021,0.005159598577601695,0.0
movi_c_v13_01,spatial_block,blur,1,0.021780257201263198,0.016020188185813633,0.016543358356545152,0.013833443309869797
movi_c_v13_01,spatial_block,blur,2,0.012019657525294214,0.004922115905029815,0.006782758680576169,0.004072843633900813
movi_c_v13_01,spatial_block,blur,3,0.01708519597822078,0.011046059900701732,0.011848297133502734,0.009138382086827379
movi_c_v13_01,spatial_block,blur,4,0.009903324975184202,-0.0003040218169185014,0.004666426130466157,0.0019565110837908017
movi_c_v13_01,spatial_block,blur,5,0.014750491780161967,0.007731424786205403,0.009513592935443922,0.006803677888768567
movi_c_v13_01,spatial_block,blur,6,0.011793482861354398,0.005441127763317215,0.006556584016636354,0.003846668969960998
movi_c_v13_01,spatial_block,blur,7,0.0024575027287858653,-0.00501528730708604,-0.0027793961159321796,-0.005489311162607535
movi_c_v13_01,spatial_block,blur,8,0.006153135545119648,-0.000786175528672846,0.000916236700401603,-0.0017936783462737527
movi_c_v13_01,spatial_block,blur,9,0.008799979807515346,0.0012035485848738148,0.003563080962797301,0.0008531659161219451
movi_c_v13_01,spatial_block,blur,10,0.003988156809032084,-0.0028472804087418995,-0.0012487420356859609,-0.0039586570823613165
movi_c_v13_01,spatial_block,blur,11,0.0041492476741765705,-0.0030583532799498174,-0.0010876511705414744,-0.00379756621721683
movi_c_v13_01,spatial_block,blur,12,0.0079468138913934,0.0005798284144123604,0.0027099150466753557,0.0
movi_c_v13_01,spatial_scattered,mean,1,0.00422049407183922,-0.0014989816664274418,6.639653226496022e-05,-0.0027750878849316374
movi_c_v13_01,spatial_scattered,mean,2,0.005893918142542143,0.0004910404764621639,0.0017398206029678826,-0.001101663814228715
movi_c_v13_01,spatial_scattered,mean,3,0.01386451205692485,0.009047102138446506,0.00971041451735059,0.0068689301001539915
movi_c_v13_01,spatial_scattered,mean,4,0.0023364993810421897,-0.004144849318485726,-0.0018175981585320704,-0.004659082575728668
movi_c_v13_01,spatial_scattered,mean,5,0.006465824931216169,0.000666812200212104,0.0023117273916419085,-0.0005297570255546891
movi_c_v13_01,spatial_scattered,mean,6,0.0011993968041198455,-0.005256634202681705,-0.0029547007354544146,-0.005796185152651012
movi_c_v13_01,spatial_scattered,mean,7,0.002403464877208661,-0.003347794348314226,-0.0017506326623655992,-0.004592117079562197
movi_c_v13_01,spatial_scattered,mean,8,0.009780621873680673,0.004137842431832721,0.005626524334106413,0.002785039916909815
movi_c_v13_01,spatial_scattered,mean,9,0.00533546103099547,-0.00044011210458412987,0.0011813634914212097,-0.001660120925775388
movi_c_v13_01,spatial_scattered,mean,10,0.011412201093266683,0.0058085333717760035,0.007258103553692423,0.004416619136495825
movi_c_v13_01,spatial_scattered,mean,11,-0.0005293009627225231,-0.006656014143997672,-0.004683398502296783,-0.007524882919493381
movi_c_v13_01,spatial_scattered,mean,12,0.006995581956770858,0.0022397201561491125,0.0028414844171965976,0.0
movi_c_v13_01,spatial_scattered,blur,1,0.006366341755664751,6.658829718508841e-06,0.0007765703354516429,-0.0016733194934726026
movi_c_v13_01,spatial_scattered,blur,2,0.008213841417712753,0.0016302687088233974,0.002624069997499645,0.00017418016857539964
movi_c_v13_01,spatial_scattered,blur,3,0.012310471357389163,0.005823047176606348,0.006720699937176056,0.00427081010825181
movi_c_v13_01,spatial_scattered,blur,4,0.003011398734099724,-0.002551838793635704,-0.0025783726861133838,-0.005028262515037629
movi_c_v13_01,spatial_scattered,blur,5,0.004332345554937667,-0.0017772643239910941,-0.001257425865275441,-0.0037073156941996865
movi_c_v13_01,spatial_scattered,blur,6,0.004277820242648778,-0.0034597509702409823,-0.00131195117756433,-0.0037618410064885754
movi_c_v13_01,spatial_scattered,blur,7,0.003586660969969069,-0.002514138251165199,-0.002003110450244039,-0.004453000279168284
movi_c_v13_01,spatial_scattered,blur,8,0.00920397634007708,0.003912345809138462,0.0036142049198639725,0.001164315090939727
movi_c_v13_01,spatial_scattered,blur,9,0.003767417578777632,-0.002829435657314268,-0.0018223538414354756,-0.004272243670359721
movi_c_v13_01,spatial_scattered,blur,10,0.008319234127629915,0.0030046780400302025,0.0027294627074168076,0.0002795728784925622
movi_c_v13_01,spatial_scattered,blur,11,0.0021294450895050776,-0.004625620580969307,-0.00346032633070803,-0.0059102161596322755
movi_c_v13_01,spatial_scattered,blur,12,0.008039661249137353,0.001974720204916551,0.0024498898289242454,0.0
movi_c_v13_02,temporal_front,mean,1,0.0164392133231277,0.01223984051367107,0.014648588781608981,0.009101090340775442
movi_c_v13_02,temporal_front,mean,2,0.0077143737872050755,0.0050000405086306765,0.0059237492456863565,0.0003762508048528179
movi_c_v13_02,temporal_front,mean,3,0.017658026706547703,0.011297837414831407,0.015867402165028983,0.010319903724195445
movi_c_v13_02,temporal_front,mean,4,0.01074892408292405,0.008033044485033983,0.008958299541405331,0.003410801100571792
movi_c_v13_02,temporal_front,mean,5,0.004635684563366715,0.001944760399377151,0.0028450600218479965,-0.002702438418985542
movi_c_v13_02,temporal_front,mean,6,0.0029927525929756005,0.0011382660288904445,0.0012021280514568817,-0.004345370389376657
movi_c_v13_02,temporal_front,mean,7,0.0038089996113060964,-4.01806703388039e-05,0.0020183750697873775,-0.003529123371046161
movi_c_v13_02,temporal_front,mean,8,0.006264810785599484,0.004388146754842078,0.004474186244080765,-0.0010733121967527737
movi_c_v13_02,temporal_front,mean,9,0.00012797740212910913,-0.001596146972056604,-0.0016626471393896096,-0.0072101455802231484
movi_c_v13_02,temporal_front,mean,10,0.0014552898600551645,0.0009410103180923871,-0.00033533468146355427,-0.005882833122297093
movi_c_v13_02,temporal_front,mean,11,0.004528037286718134,0.0009130456964535996,0.002737412745199415,-0.0028100856956341236
movi_c_v13_02,temporal_front,mean,12,0.007338122982352258,0.0021437145095435,0.005547498440833539,0.0
movi_c_v13_02,temporal_front,blur,1,0.008155634969788883,0.006445145089404562,0.007685653834456223,0.006634550444067133
movi_c_v13_02,temporal_front,blur,2,0.001194887818366852,0.00036579906772778636,0.0007249066830341915,-0.0003261967073548977
movi_c_v13_02,temporal_front,blur,3,0.010670735642542506,0.007219529611396158,0.010200754507209845,0.009149651116820756
movi_c_v13_02,temporal_front,blur,4,0.005628224033370821,0.005116091466357904,0.005158242898038161,0.004107139507649071
movi_c_v13_02,temporal_front,blur,5,0.0026994188160083255,0.0018731087695058601,0.0022294376806756646,0.0011783342902865757
movi_c_v13_02,temporal_front,blur,6,-0.00011554725576790048,0.00010833329467696551,-0.0005855283911005611,-0.0016366317814896503
movi_c_v13_02,temporal_front,blur,7,0.0003082216706956631,-0.0005890645094920691,-0.00016175946463699759,-0.0012128628550260867
movi_c_v13_02,temporal_front,blur,8,0.0036343733844145243,0.003585596787292348,0.0031643922490818635,0.0021132888586927745
movi_c_v13_02,temporal_front,blur,9,-0.001139717561750353,-0.0012602308591693385,-0.0016096986970830136,-0.002660802087472103
movi_c_v13_02,temporal_front,blur,10,0.0004637371816517133,0.002138633039384663,-6.243953680947379e-06,-0.0010573473440700365
movi_c_v13_02,temporal_front,blur,11,0.0029542138827758357,0.0016281954984382156,0.002484232747443175,0.001433129357054086
movi_c_v13_02,temporal_front,blur,12,0.0015210845257217498,-0.0014394788793653892,0.0010511033903890892,0.0
movi_c_v13_02,temporal_middle,mean,1,0.003534325238555791,-0.0018025100754333794,-0.001964135006884489,-0.004762852138646578
movi_c_v13_02,temporal_middle,mean,2,0.010987398020224859,0.0045494655182862775,0.005488937774784579,0.0026902206430224895
movi_c_v13_02,temporal_middle,mean,3,0.007591412456304569,0.0020876953365908113,0.002092952210864289,-0.0007057649208978001
movi_c_v13_02,temporal_middle,mean,4,0.0059350680158086755,0.0011856567189688265,0.00043660777036839526,-0.002362109361393694
movi_c_v13_02,temporal_middle,mean,5,0.005884818938632241,-0.0018440625415087437,0.00038635869319196114,-0.002412358438570128
movi_c_v13_02,temporal_middle,mean,6,0.009996497519733194,0.0024928163519188544,0.004498037274292914,0.0016993201425308246
movi_c_v13_02,temporal_middle,mean,7,0.005401309279598809,-0.0007627891214885274,-9.715096584147088e-05,-0.00289586809760356
movi_c_v13_02,temporal_middle,mean,8,0.009540581724002517,0.003592870836039541,0.004042121478562237,0.0012434043468001477
movi_c_v13_02,temporal_middle,mean,9,0.00449336743734452,-0.0014194598322904888,-0.0010050928080957604,-0.0038038099398578495
movi_c_v13_02,temporal_middle,mean,10,0.0037501341612908856,-0.0020237537991645294,-0.0017483260841493946,-0.004547043215911484
movi_c_v13_02,temporal_middle,mean,11,0.008240762609060592,0.001800270626778862,0.002742302363620312,-5.641476814177704e-05
movi_c_v13_02,temporal_middle,mean,12,0.00829717737720237,-0.0006286338513196901,0.002798717131762089,0.0
movi_c_v13_02,temporal_middle,blur,1,0.0014239884914380996,-0.00024597422633243493,-0.0001657667806429508,-0.00016560567865997466
movi_c_v13_02,temporal_middle,blur,2,0.002813888794084174,7.903395698020477e-05,0.0012241335220031235,0.0012242946239860997
movi_c_v13_02,temporal_middle,blur,3,0.004327370964924304,0.0029934676177368153,0.002737615692843254,0.00273777679482623
movi_c_v13_02,temporal_middle,blur,4,0.004785469543447052,0.0024793237214583153,0.0031957142713660014,0.0031958753733489775
movi_c_v13_02,temporal_middle,blur,5,0.0037831217432650055,0.00035707387667342294,0.002193366471183955,0.0021935275731669313
movi_c_v13_02,temporal_middle,blur,6,0.0026158406514513732,0.00045507579897641204,0.0010260853793703228,0.001026246481353299
movi_c_v13_02,temporal_middle,blur,7,0.002871530135818534,0.0011457441366579113,0.0012817748637374837,0.0012819359657204599
movi_c_v13_02,temporal_middle,blur,8,0.0022760069778724468,-0.0001482373105171999,0.0006862517057913964,0.0006864128077743725
movi_c_v13_02,temporal_middle,blur,9,0.0015066826132674738,0.00016177191608579555,-8.307265881357662e-05,-8.291155683060047e-05
movi_c_v13_02,temporal_middle,blur,10,0.000694404396879067,-0.0019151842960996035,-0.0008953508752019834,-0.0008951897732190073
movi_c_v13_02,temporal_middle,blur,11,0.002728190939163433,0.00022148138455794575,0.0011384356670823825,0.0011385967690653587
movi_c_v13_02,temporal_middle,blur,12,0.0015895941700980742,-0.0012422105564858787,-1.6110198297614176e-07,0.0
movi_c_v13_02,temporal_back,mean,1,0.006273833762878267,-0.0009370959700243375,-0.0008581173981367556,-8.756692908162833e-05
movi_c_v13_02,temporal_back,mean,2,0.010924904120037215,0.004923645175942497,0.003792952959022193,0.00456350342807732
movi_c_v13_02,temporal_back,mean,3,0.017315021882402193,0.009670929351160873,0.010183070721387171,0.010953621190442298
movi_c_v13_02,temporal_back,mean,4,0.019571093340637336,-0.00677758509220135,0.012439142179622314,0.01320969264867744
movi_c_v13_02,temporal_back,mean,5,0.007474612598851071,-0.0013312410629004647,0.00034266143783604885,0.001113211906891176
movi_c_v13_02,temporal_back,mean,6,0.01767327534519625,-0.0007011221357186743,0.010541324184181227,0.011311874653236353
movi_c_v13_02,temporal_back,mean,7,0.0037782078709297506,-0.002173169738975041,-0.003353743290085272,-0.0025831928210301447
movi_c_v13_02,temporal_back,mean,8,0.005233852383832782,-0.0005559992572666079,-0.0018980987771822404,-0.0011275483081271132
movi_c_v13_02,temporal_back,mean,9,0.010292718766987008,0.0013680490694156413,0.0031607676059719854,0.003931318075027113
movi_c_v13_02,temporal_back,mean,10,0.011294921095385768,0.0035101069469068253,0.004162969934370746,0.004933520403425873
movi_c_v13_02,temporal_back,mean,11,0.0028076394657393644,-0.0027959728402183375,-0.004324311695275658,-0.003553761226220531
movi_c_v13_02,temporal_back,mean,12,0.006361400691959895,-0.0010597222791017824,-0.0007705504690551273,0.0
movi_c_v13_02,temporal_back,blur,1,0.007533103715904432,-0.0001859294284481212,0.0010743909881042084,0.0007328023437344067
movi_c_v13_02,temporal_back,blur,2,0.0076178595717009134,0.0005312622534630789,0.0011591468439006896,0.0008175581995308878
movi_c_v13_02,temporal_back,blur,3,0.012367042573959153,0.004261283730272755,0.005908329846158929,0.005566741201789127
movi_c_v13_02,temporal_back,blur,4,0.009358722915890905,-0.0046180370160454984,0.002900010188090681,0.002558421543720879
movi_c_v13_02,temporal_back,blur,5,0.007167294124134527,-0.0004118546708979558,0.0007085813963343028,0.0003669927519645011
movi_c_v13_02,temporal_back,blur,6,0.010256625892179794,-0.0022875329148973247,0.00379791316437957,0.003456324520009768
movi_c_v13_02,temporal_back,blur,7,0.004155364334847755,-0.002683152691073702,-0.0023033483929524685,-0.0026449370373222703
movi_c_v13_02,temporal_back,blur,8,0.007326615080939902,0.0013408219615587873,0.0008679023531396783,0.0005263137087698766
movi_c_v13_02,temporal_back,blur,9,0.007015440186896926,-0.0022692737348668866,0.0005567274590967024,0.00021513881472690066
movi_c_v13_02,temporal_back,blur,10,0.00959117632505524,0.0017776237946593998,0.0031324635972550157,0.002790874952885214
movi_c_v13_02,temporal_back,blur,11,0.0025821094423360558,-0.0042040758360916515,-0.003876603285464168,-0.00421819192983397
movi_c_v13_02,temporal_back,blur,12,0.006800301372170026,-0.0009513804968817778,0.00034158864436980175,0.0
movi_c_v13_02,spatial_block,mean,1,0.031232367923199833,0.019933282999426948,0.0214801256405485,0.016830866192482308
movi_c_v13_02,spatial_block,mean,2,0.01671187384702766,0.008092506917685779,0.006959631564376326,0.002310372116310133
movi_c_v13_02,spatial_block,mean,3,0.011525406033593089,0.0013477745816304534,0.0017731637509417562,-0.0028760956971244367
movi_c_v13_02,spatial_block,mean,4,0.006848857684802256,-0.009035494008647966,-0.002903384597849076,-0.007552644045915269
movi_c_v13_02,spatial_block,mean,5,0.048987328774175776,0.04058990756422698,0.03923508649152444,0.03458582704345825
movi_c_v13_02,spatial_block,mean,6,0.010362042250178782,-0.001559486563406173,0.0006097999675274499,-0.004039459480538743
movi_c_v13_02,spatial_block,mean,7,0.0019096053385772027,-0.007825922953691444,-0.00784263694407413,-0.012491896392140323
movi_c_v13_02,spatial_block,mean,8,0.00244759547469664,-0.005936334361358172,-0.0073046468079546924,-0.011953906256020885
movi_c_v13_02,spatial_block,mean,9,0.006441629653162528,-0.00485612788639996,-0.003310612629488804,-0.007959872077554997
movi_c_v13_02,spatial_block,mean,10,0.002992067628356576,-0.0069085770971123815,-0.006760174654294756,-0.011409434102360949
movi_c_v13_02,spatial_block,mean,11,0.0022280757334114387,-0.00739082961399525,-0.007524166549239894,-0.012173425997306087
movi_c_v13_02,spatial_block,mean,12,0.014401501730717525,0.005871984984409847,0.004649259448066193,0.0
movi_c_v13_02,spatial_block,blur,1,0.027635691712503352,0.02062991224326745,0.019523614437644644,0.0188126768163569
movi_c_v13_02,spatial_block,blur,2,0.012043965168404447,0.00479552623655044,0.003931887893545741,0.003220950272257994
movi_c_v13_02,spatial_block,blur,3,0.010137313944176385,0.0018951316187580947,0.002025236669317679,0.0013142990480299321
movi_c_v13_02,spatial_block,blur,4,0.0029981714598670273,-0.008977249132742485,-0.0051139058149916785,-0.0058248434362794255
movi_c_v13_02,spatial_block,blur,5,0.027061427493907164,0.020059061059484146,0.018949350219048457,0.01823841259776071
movi_c_v13_02,spatial_block,blur,6,0.004706538203168464,-0.0039729601873529,-0.0034055390716902414,-0.004116476692977988
movi_c_v13_02,spatial_block,blur,7,0.0006973909328361616,-0.007886350315649623,-0.007414686342022544,-0.008125623963310291
movi_c_v13_02,spatial_block,blur,8,0.0030436304123937497,-0.003653693819667329,-0.005068446862464956,-0.005779384483752703
movi_c_v13_02,spatial_block,blur,9,0.006118898647251569,-0.003479898804996181,-0.0019931786276071364,-0.0027041162488948833
movi_c_v13_02,spatial_block,blur,10,0.0031686658180866134,-0.004719274275304275,-0.004943411456772092,-0.005654349078059839
movi_c_v13_02,spatial_block,blur,11,0.0027479173422735315,-0.005830185484395104,-0.005364159932585174,-0.006075097553872921
movi_c_v13_02,spatial_block,blur,12,0.008823014896146453,0.0006221286923843907,0.000710937621287747,0.0
movi_c_v13_02,spatial_scattered,mean,1,0.012559753468889712,0.0052130132426265,0.005382857984806459,0.00485940230789994
movi_c_v13_02,spatial_scattered,mean,2,0.009620271566511462,0.0033632556627038275,0.00244337608242821,0.0019199204055216912
movi_c_v13_02,spatial_scattered,mean,3,0.01424435103181032,0.007081743756594465,0.007067455547727068,0.006543999870820549
movi_c_v13_02,spatial_scattered,mean,4,0.009138434696509656,0.0006854000643439218,0.0019615392124264037,0.001438083535519885
movi_c_v13_02,spatial_scattered,mean,5,0.009466986715113701,0.0029064651299245403,0.0022900912310304484,0.0017666355541239298
movi_c_v13_02,spatial_scattered,mean,6,0.009129669991976064,-4.309516062853992e-05,0.0019527745078928111,0.0014293188309862925
movi_c_v13_02,spatial_scattered,mean,7,0.006818514846547052,0.000563819020979313,-0.0003583806375362002,-0.0008818363144427188
movi_c_v13_02,spatial_scattered,mean,8,0.009139797603665234,0.002500940226819089,0.0019629021195819813,0.0014394464426754627
movi_c_v13_02,spatial_scattered,mean,9,0.006629044704347664,-0.0018664048336292458,-0.0005478507797355885,-0.001071306456642107
movi_c_v13_02,spatial_scattered,mean,10,0.0063735963254637484,-0.0005877696245398427,-0.0008032991586195042,-0.0013267548355260228
movi_c_v13_02,spatial_scattered,mean,11,0.0032478873512192807,-0.004506432681635124,-0.003929008132863972,-0.0044524638097704905
movi_c_v13_02,spatial_scattered,mean,12,0.007700351160989771,0.0007459578421986635,0.0005234556769065186,0.0
movi_c_v13_02,spatial_scattered,blur,1,0.008309323770151589,0.004161046326517481,0.0038917429330699678,0.002544586403091298
movi_c_v13_02,spatial_scattered,blur,2,0.0053754023164879206,0.001085140147681722,0.0009578214794062996,-0.0003893350505723703
movi_c_v13_02,spatial_scattered,blur,3,0.010961108190232549,0.0061768224456808145,0.006543527353150928,0.005196370823172258
movi_c_v13_02,spatial_scattered,blur,4,0.004255312952859636,-0.0016760337479427108,-0.00016226788422198535,-0.0015094244142006552
movi_c_v13_02,spatial_scattered,blur,5,0.006756964450949199,0.002430562772510636,0.002339383613867578,0.000992227083888908
movi_c_v13_02,spatial_scattered,blur,6,0.005572115757320417,0.0010759249720586617,0.0011545349202387962,-0.00019262160973987363
movi_c_v13_02,spatial_scattered,blur,7,0.00456281086567023,0.0005362638143408356,0.00014523002858860944,-0.0012019265013900604
movi_c_v13_02,spatial_scattered,blur,8,0.006162326410609875,0.0013436167032523372,0.0017447455735282542,0.00039758904354958435
movi_c_v13_02,spatial_scattered,blur,9,0.003805598005211297,-0.00018568439564910656,-0.000611982831870324,-0.001959139361848994
movi_c_v13_02,spatial_scattered,blur,10,0.0032094725590240403,-0.0006298622330125347,-0.0012081082780575807,-0.0025552648080362506
movi_c_v13_02,spatial_scattered,blur,11,-0.0001352347561620615,-0.004193618949332715,-0.0045528155932436825,-0.005899972123222352
movi_c_v13_02,spatial_scattered,blur,12,0.005764737367060291,0.0005265571763728811,0.0013471565299786699,0.0
movi_c_v13_03,temporal_front,mean,1,0.001265948250406712,-0.00016021028448391194,-0.0011335199993559586,-0.014944202369743476
movi_c_v13_03,temporal_front,mean,2,0.007016603447118186,0.0025398148658308806,0.004617135197355515,-0.009193547173032002
movi_c_v13_03,temporal_front,mean,3,0.011181965956379436,0.00701658141921883,0.008782497706616765,-0.005028184663770752
movi_c_v13_03,temporal_front,mean,4,0.00971673858679245,0.006076316621082026,0.00731727033702978,-0.006493412033357737
movi_c_v13_03,temporal_front,mean,5,0.001954715870747137,-0.0038623641325789366,-0.0004447523790155339,-0.014255434749403051
movi_c_v13_03,temporal_front,mean,6,0.0039684105977826345,0.001638673107820917,0.0015689423480199638,-0.012241740022367553
movi_c_v13_03,temporal_front,mean,7,0.006150563982393331,-0.0047592683115010494,0.0037510957326306604,-0.010059586637756857
movi_c_v13_03,temporal_front,mean,8,0.006041575288765477,0.003083577370224836,0.0036421070390028065,-0.01016857533138471
movi_c_v13_03,temporal_front,mean,9,0.0050675318106498946,-0.0021542208072328206,0.002668063560887224,-0.011142618809500293
movi_c_v13_03,temporal_front,mean,10,0.0030408426267765076,0.0007287243695888921,0.0006413743770138369,-0.01316930799337368
movi_c_v13_03,temporal_front,mean,11,0.01125899309284395,0.004474935073329189,0.008859524843081279,-0.004951157527306238
movi_c_v13_03,temporal_front,mean,12,0.016210150620150188,0.004958735422823768,0.013810682370387517,0.0
movi_c_v13_03,temporal_front,blur,1,-0.0008850777584386016,-0.0010859642285824256,-0.0013145916666695474,-0.007867381804894213
movi_c_v13_03,temporal_front,blur,2,0.002990701693577291,0.0016765515702137357,0.002561187785346345,-0.003991602352878321
movi_c_v13_03,temporal_front,blur,3,0.004804398910493557,0.003957964961692724,0.004374885002262611,-0.002177905135962055
movi_c_v13_03,temporal_front,blur,4,0.005186994392203825,0.004297108068317697,0.00475748048397288,-0.0017953096542517866
movi_c_v13_03,temporal_front,blur,5,-0.00047091666768595,-0.0013365964221905649,-0.0009004305759168958,-0.007453220714141562
movi_c_v13_03,temporal_front,blur,6,0.0014481483727808442,0.0011129892924951108,0.0010186344645498984,-0.005534155673674768
movi_c_v13_03,temporal_front,blur,7,0.0006266938236620945,-0.002913596233251418,0.0001971799154311486,-0.006355610222793517
movi_c_v13_03,temporal_front,blur,8,0.0033401668195559564,0.0033317896171539316,0.0029106529113250104,-0.0036421372268996555
movi_c_v13_03,temporal_front,blur,9,1.844757078495185e-05,-0.0014846061999542748,-0.000411066337445994,-0.00696385647567066
movi_c_v13_03,temporal_front,blur,10,0.00029141718527492255,0.0001906782343273165,-0.00013809672295602332,-0.006690886861180689
movi_c_v13_03,temporal_front,blur,11,0.006120749178760376,0.0041720770615956875,0.005691235270529431,-0.0008615548676952356
movi_c_v13_03,temporal_front,blur,12,0.006982304046455612,0.0030047042930827867,0.006552790138224666,0.0
movi_c_v13_03,temporal_middle,mean,1,0.005529028671042324,8.406863891885497e-05,-3.95880351404072e-05,-0.0035984567582848515
movi_c_v13_03,temporal_middle,mean,2,0.013915539729957183,0.007740359351941913,0.00834692302377445,0.004788054300630007
movi_c_v13_03,temporal_middle,mean,3,0.00815880778724043,0.0025047376009115956,0.0025901910810576982,-0.000968677642086746
movi_c_v13_03,temporal_middle,mean,4,0.008251148462621871,0.0025682355933436263,0.0026825317564391398,-0.0008763369667053045
movi_c_v13_03,temporal_middle,mean,5,0.007232815394870418,0.0002955720718099686,0.0016641986886876863,-0.001894670034456758
movi_c_v13_03,temporal_middle,mean,6,0.002838860620208661,-0.0016637144117314095,-0.0027297560859740706,-0.006288624809118515
movi_c_v13_03,temporal_middle,mean,7,0.002521261714351186,-0.0029975223675238567,-0.0030473549918315452,-0.0066062237149759895
movi_c_v13_03,temporal_middle,mean,8,0.013688497824022483,0.006976777477711822,0.00811988111783975,0.004561012394695307
movi_c_v13_03,temporal_middle,mean,9,0.003552345517404354,-0.002461014434418855,-0.0020162711887783775,-0.005575139911922822
movi_c_v13_03,temporal_middle,mean,10,0.0056286939525483914,0.00019577947451036425,6.007724636566004e-05,-0.003498791476778784
movi_c_v13_03,temporal_middle,mean,11,0.005345054630404467,-0.0008411143732937427,-0.0002235620757782648,-0.003782430798922709
movi_c_v13_03,temporal_middle,mean,12,0.009127485429327176,0.0020574772663469005,0.0035588687231444443,0.0
movi_c_v13_03,temporal_middle,blur,1,0.0036124157172418014,0.0007643503511985581,-6.449866557700634e-05,-0.003080074711598435
movi_c_v13_03,temporal_middle,blur,2,0.009550153327077315,0.005251006395055269,0.0058732389442585076,0.002857662898237079
movi_c_v13_03,temporal_middle,blur,3,0.0076095135113593,0.004435223351675047,0.003932599128540493,0.000917023082519064
movi_c_v13_03,temporal_middle,blur,4,0.0042851734605127145,0.0013591029605075633,0.0006082590776939067,-0.002407316968327522
movi_c_v13_03,temporal_middle,blur,5,0.0035383599437576185,-0.0005837295808003296,-0.00013855443906118925,-0.003154130485082618
movi_c_v13_03,temporal_middle,blur,6,0.0016721219077407978,-0.0016197187711185501,-0.00200479247507801,-0.005020368521099439
movi_c_v13_03,temporal_middle,blur,7,0.001750259529190168,-0.0014353556512446777,-0.0019266548536286399,-0.0049422308996500686
movi_c_v13_03,temporal_middle,blur,8,0.007416590639478304,0.0035830521763371057,0.0037396762566594965,0.0007241002106380678
movi_c_v13_03,temporal_middle,blur,9,0.00347751670273444,-0.0002044822251369518,-0.00019939768008436776,-0.0032149737261057965
movi_c_v13_03,temporal_middle,blur,10,0.0026634521304870207,-0.0004652352075461552,-0.001013462252331787,-0.004029038298353216
movi_c_v13_03,temporal_middle,blur,11,0.0035536241225265774,0.00024182613551497,-0.00012329026029223034,-0.003138866306313659
movi_c_v13_03,temporal_middle,blur,12,0.0066924904288402365,0.0023636934002091436,0.0030155760460214287,0.0
movi_c_v13_03,temporal_back,mean,1,0.020991604414065224,0.009812094106617875,0.013724523972581542,0.010271015820589091
movi_c_v13_03,temporal_back,mean,2,0.024874384564753882,0.013529385234759514,0.0176073041232702,0.01415379597127775
movi_c_v13_03,temporal_back,mean,3,0.02109423669104471,0.009666231202433559,0.013827156249561028,0.010373648097568577
movi_c_v13_03,temporal_back,mean,4,0.015447503159840226,0.0041448625280198215,0.008180422718356544,0.004726914566364093
movi_c_v13_03,temporal_back,mean,5,0.0070527799522543955,-0.0030247244491405176,-0.00021430048922928702,-0.003667808641221737
movi_c_v13_03,temporal_back,mean,6,0.014457404721722966,0.0007151777401304127,0.007190324280239284,0.0037368161282468337
movi_c_v13_03,temporal_back,mean,7,0.0033778705080453886,-0.00365737057222774,-0.003889209933438294,-0.007342718085430744
movi_c_v13_03,temporal_back,mean,8,0.0073036401009553,0.0006086438488979162,3.6559659471617316e-05,-0.0034169484925208327
movi_c_v13_03,temporal_back,mean,9,0.0032439250852054347,-0.0037171187418176084,-0.004023155356278248,-0.007476663508270698
movi_c_v13_03,temporal_back,mean,10,0.005565441998160114,-0.002487386852529175,-0.001701638443323568,-0.005155146595316018
movi_c_v13_03,temporal_back,mean,11,0.005296967224956428,-0.0015620070304556517,-0.0019701132165272544,-0.005423621368519704
movi_c_v13_03,temporal_back,mean,12,0.010720588593476132,-0.001329687999046425,0.00345350815199245,0.0
movi_c_v13_03,temporal_back,blur,1,0.01934016497380575,0.011046822598379302,0.01411641373789807,0.00767480180218616
movi_c_v13_03,temporal_back,blur,2,0.018895714599623137,0.010836821333915466,0.013671963363715456,0.007230351428003545
movi_c_v13_03,temporal_back,blur,3,0.015967109236766364,0.008201648965616998,0.010743358000858683,0.004301746065146772
movi_c_v13_03,temporal_back,blur,4,0.010252433013131057,0.002833396193614668,0.005028681777223376,-0.0014129301584885345
movi_c_v13_03,temporal_back,blur,5,0.0027747066892107597,-0.0036118261454954155,-0.0024490445466969213,-0.008890656482408832
movi_c_v13_03,temporal_back,blur,6,0.01023132026141782,-0.0015460444111540985,0.005007569025510139,-0.0014340429102017715
movi_c_v13_03,temporal_back,blur,7,0.00203695578322749,-0.0014522393951616661,-0.003186795452680191,-0.009628407388392102
movi_c_v13_03,temporal_back,blur,8,0.005531826192759048,0.0022350165500160113,0.00030807495685136743,-0.006133536978860543
movi_c_v13_03,temporal_back,blur,9,0.001750361818096735,-0.0014241159680796387,-0.003473389417810946,-0.009915001353522856
movi_c_v13_03,temporal_back,blur,10,0.005066648017721165,-8.234561678792211e-06,-0.00015710321818651618,-0.006598715153898427
movi_c_v13_03,temporal_back,blur,11,0.003799057357945501,0.0011541154635075213,-0.0014246938779621798,-0.00786630581367409
movi_c_v13_03,temporal_back,blur,12,0.011665363171619592,0.0031118516366157225,0.006441611935711911,0.0
movi_c_v13_03,spatial_block,mean,1,0.002412004987065508,-0.006156313479035521,-0.0060887857048921665,-0.008627423350285213
movi_c_v13_03,spatial_block,mean,2,0.024250664850840264,0.019016252836142538,0.01574987415888259,0.013211236513489544
movi_c_v13_03,spatial_block,mean,3,0.003620633899188208,-0.002670397889904123,-0.0048801567927694665,-0.007418794438162513
movi_c_v13_03,spatial_block,mean,4,0.00952994022904674,0.0007241909935819333,0.001029149537089066,-0.0015094881083039802
movi_c_v13_03,spatial_block,mean,5,0.017579143586195167,0.012199376402789602,0.009078352894237493,0.0065397152488444465
movi_c_v13_03,spatial_block,mean,6,0.007690378092210404,-0.001164423956249383,-0.0008104125997472709,-0.003349050245140317
movi_c_v13_03,spatial_block,mean,7,0.0031321925473744017,-0.002925768399400508,-0.005368598144583273,-0.007907235789976319
movi_c_v13_03,spatial_block,mean,8,0.004461088309716477,-0.0032187908428596606,-0.004039702382241198,-0.006578340027634244
movi_c_v13_03,spatial_block,mean,9,0.01267896481543862,0.005541333699283002,0.004178174123480946,0.0016395364780878996
movi_c_v13_03,spatial_block,mean,10,0.006251877818646889,0.0010080035140888066,-0.0022489128733107853,-0.004787550518703831
movi_c_v13_03,spatial_block,mean,11,0.016393036115972315,0.010557230175886945,0.00789224542401464,0.005353607778621594
movi_c_v13_03,spatial_block,mean,12,0.01103942833735072,0.005052813503637917,0.002538637645393046,0.0
movi_c_v13_03,spatial_block,blur,1,0.0013216188489002523,-0.007468394216438967,-0.005118232279184694,-0.010836745962507277
movi_c_v13_03,spatial_block,blur,2,0.020202842563947998,0.015012710681796586,0.013762991435863053,0.008044477752540469
movi_c_v13_03,spatial_block,blur,3,0.004889346575303044,-0.000928265539404209,-0.0015505045527819021,-0.007269018236104485
movi_c_v13_03,spatial_block,blur,4,0.009659263521490602,-0.00014502599543309014,0.0032194123934056558,-0.0024991012899169274
movi_c_v13_03,spatial_block,blur,5,0.00933336272341656,0.0034716587182416587,0.0028935115953316144,-0.0028250020879909687
movi_c_v13_03,spatial_block,blur,6,0.006928326229436177,-0.0013489049801150479,0.0004884751013512307,-0.005230038581971352
movi_c_v13_03,spatial_block,blur,7,0.0018303637888996693,-0.004365291621262535,-0.004609487339185277,-0.01032800102250786
movi_c_v13_03,spatial_block,blur,8,0.005309809060652038,-0.0026560931948447965,-0.0011300420674329086,-0.006848555750755492
movi_c_v13_03,spatial_block,blur,9,0.010566121768997294,0.002184933838533354,0.004126270640912348,-0.0015922430424102352
movi_c_v13_03,spatial_block,blur,10,0.008590177321639691,0.002439891038994187,0.0021503261935547453,-0.003568187489767838
movi_c_v13_03,spatial_block,blur,11,0.013154443129076432,0.007150829977306057,0.006714592000991486,0.0009960783176689025
movi_c_v13_03,spatial_block,blur,12,0.01215836481140753,0.005340114734648497,0.005718513683322583,0.0
movi_c_v13_03,spatial_scattered,mean,1,0.017048148044239264,0.010574317355943497,0.010916544181645265,0.016659894327047065
movi_c_v13_03,spatial_scattered,mean,2,0.018277390437597463,0.013011209735156275,0.012145786575003464,0.017889136720405263
movi_c_v13_03,spatial_scattered,mean,3,0.022605638673100947,0.016842755156787237,0.016474034810506948,0.022217384955908748
movi_c_v13_03,spatial_scattered,mean,4,0.005342868864293582,-0.001375519415973507,-0.0007887349983004182,0.004954615147101382
movi_c_v13_03,spatial_scattered,mean,5,0.011499218690178337,0.005991507628463492,0.005367614827584337,0.011110964972986137
movi_c_v13_03,spatial_scattered,mean,6,0.0027630334886767915,-0.0038103694885098056,-0.0033685703739172084,0.002374779771484592
movi_c_v13_03,spatial_scattered,mean,7,-0.0008462737065176862,-0.00725671264450134,-0.006977877569111686,-0.0012345274237098858
movi_c_v13_03,spatial_scattered,mean,8,0.007821086740219974,0.0018483430079917484,0.0016894828776259736,0.007432833023027774
movi_c_v13_03,spatial_scattered,mean,9,0.0035461957812038536,-0.0026026796967572414,-0.0025854080813901463,0.003157942064011654
movi_c_v13_03,spatial_scattered,mean,10,0.014896364355021952,0.00866583851951963,0.008764760492427952,0.014508110637829752
movi_c_v13_03,spatial_scattered,mean,11,-0.0007779415722141136,-0.005775864203505214,-0.006909545434808114,-0.0011661952894063132
movi_c_v13_03,spatial_scattered,mean,12,0.0003882537171921996,-0.006265822329569552,-0.0057433501454018,0.0
movi_c_v13_03,spatial_scattered,blur,1,0.011835772496235575,0.00759519639484274,0.007999803372845893,0.011311772975176493
movi_c_v13_03,spatial_scattered,blur,2,0.01051974997688021,0.007718135224843955,0.0066837808534905285,0.009995750455821129
movi_c_v13_03,spatial_scattered,blur,3,0.012842840232256236,0.010193475615182246,0.009006871108866554,0.012318840711197154
movi_c_v13_03,spatial_scattered,blur,4,0.002083083592095969,-0.0008657472882511361,-0.001752885531293713,0.001559084071036887
movi_c_v13_03,spatial_scattered,blur,5,0.006833131490405098,0.004268949606527942,0.0029971623670154157,0.006309131969346016
movi_c_v13_03,spatial_scattered,blur,6,0.0008808887538136467,-0.0035052099795720437,-0.0029550803695760353,0.00035688923275456474
movi_c_v13_03,spatial_scattered,blur,7,0.001198764696668464,-0.0018215047888242206,-0.002637204426721218,0.000674765175609382
movi_c_v13_03,spatial_scattered,blur,8,0.00825129221403198,0.005822595058607605,0.004415323090642298,0.007727292692972898
movi_c_v13_03,spatial_scattered,blur,9,0.0019986482631707547,-0.0014694408250255733,-0.0018373208602189273,0.0014746487421116727
movi_c_v13_03,spatial_scattered,blur,10,0.010112385344113517,0.007476649710661976,0.006276416220723835,0.009588385823054435
movi_c_v13_03,spatial_scattered,blur,11,-0.0010385298478402527,-0.003163711932856731,-0.004874498971229935,-0.0015625293688993347
movi_c_v13_03,spatial_scattered,blur,12,0.000523999521059082,-0.0018549706848217662,-0.0033119696023306,0.0
movi_c_v14_00,temporal_front,mean,1,0.012565908242637036,0.009001101041691273,0.009312179843889953,0.0062254846241811546
movi_c_v14_00,temporal_front,mean,2,0.00580819330696003,0.00304945392033266,0.0025544649082129465,-0.0005322303114958515
movi_c_v14_00,temporal_front,mean,3,0.01899836752685702,0.008883922764836405,0.015744639128109934,0.012657943908401137
movi_c_v14_00,temporal_front,mean,4,0.0021886736694936015,-6.355597010358283e-05,-0.001065054729253482,-0.00415174994896228
movi_c_v14_00,temporal_front,mean,5,0.005962708056622468,0.001535061787835505,0.002708979657875384,-0.0003777155618334138
movi_c_v14_00,temporal_front,mean,6,0.002252130725787782,0.0009943760249163287,-0.0010015976729593015,-0.0040882928926680995
movi_c_v14_00,temporal_front,mean,7,0.001084023272673762,-0.0011110995839384388,-0.0021697051260733216,-0.0052564003457821196
movi_c_v14_00,temporal_front,mean,8,0.0032404946419719582,0.0005966519374674593,-1.3233756775125286e-05,-0.0030999289764839233
movi_c_v14_00,temporal_front,mean,9,0.002424068359199283,0.0006532735037961812,-0.0008296600395478007,-0.003916355259256599
movi_c_v14_00,temporal_front,mean,10,0.0015086829272477065,-0.0004642680246797295,-0.001745045471499377,-0.004831740691208175
movi_c_v14_00,temporal_front,mean,11,0.0012323926434156807,-0.0011471888879669434,-0.002021335755331403,-0.005108030975040201
movi_c_v14_00,temporal_front,mean,12,0.0063404236184558815,0.0028216031434662447,0.003086695219708798,0.0
movi_c_v14_00,temporal_front,blur,1,0.012998722753034375,0.008403758929150535,0.011534746452505443,0.004898534409947253
movi_c_v14_00,temporal_front,blur,2,0.0025067818282755727,-0.0001907170585888629,0.0010428055277466413,-0.00559340651481155
movi_c_v14_00,temporal_front,blur,3,0.008930538793914922,0.001574703742919163,0.00746656249338599,0.0008303504508277992
movi_c_v14_00,temporal_front,blur,4,0.0059597253556565866,0.00442817076278094,0.004495749055127655,-0.002140462987430536
movi_c_v14_00,temporal_front,blur,5,0.0026536478899270577,-0.0027167655330488554,0.0011896715893981262,-0.005446540453160065
movi_c_v14_00,temporal_front,blur,6,0.002857120772629007,0.0010241830885909797,0.0013931444721000756,-0.005243067570458115
movi_c_v14_00,temporal_front,blur,7,-0.0006359969648352948,-0.002917823286565461,-0.002099973265364226,-0.008736185307922417
movi_c_v14_00,temporal_front,blur,8,0.005417831472759427,0.002725291831922938,0.0039538551722304955,-0.0026823568703276957
movi_c_v14_00,temporal_front,blur,9,0.0003289916746125332,-0.0022685431832088674,-0.0011349846259163983,-0.007771196668474589
movi_c_v14_00,temporal_front,blur,10,0.002348955287990062,0.001975757935461712,0.0008849789874611307,-0.00575123305509706
movi_c_v14_00,temporal_front,blur,11,0.00020211523029034506,-0.0024948877159994463,-0.0012618610702385864,-0.007898073112796777
movi_c_v14_00,temporal_front,blur,12,0.008100188343087122,0.003759827053271418,0.006636212042558191,0.0
movi_c_v14_00,temporal_middle,mean,1,0.0025179899348248824,-0.004148049234569647,-0.0018374740444011923,-0.002718777022412411
movi_c_v14_00,temporal_middle,mean,2,0.024611500500945738,0.015502315517567533,0.020256036521719662,0.019374733543708444
movi_c_v14_00,temporal_middle,mean,3,0.00656542544025851,0.0027251403746932543,0.002209961461032435,0.0013286584830212167
movi_c_v14_00,temporal_middle,mean,4,0.015293980284312836,0.009503390954112383,0.01093851630508676,0.010057213327075543
movi_c_v14_00,temporal_middle,mean,5,0.0046533732269999906,-0.0027127120909675355,0.0002979092477739158,-0.0005833937302373027
movi_c_v14_00,temporal_middle,mean,6,0.005554921505781851,0.0009375353319360418,0.0011994575265557765,0.00031815454854455805
movi_c_v14_00,temporal_middle,mean,7,0.0033516836862024224,-0.003314204980911284,-0.0010037802930236523,-0.0018850832710348708
movi_c_v14_00,temporal_middle,mean,8,0.00550554560740435,0.001003883112139503,0.0011500816281782749,0.0002687786501670564
movi_c_v14_00,temporal_middle,mean,9,0.003507648288567644,-0.00039461628841959894,-0.0008478156906584306,-0.0017291186686696491
movi_c_v14_00,temporal_middle,mean,10,0.0027836002889265465,-0.0014589382329233862,-0.0015718636902995282,-0.0024531666683107467
movi_c_v14_00,temporal_middle,mean,11,0.009147087516338748,0.002418619033134413,0.004791623537112673,0.0039103205591014545
movi_c_v14_00,temporal_middle,mean,12,0.005236766957237293,-0.0013612557648267814,0.0008813029780112185,0.0
movi_c_v14_00,temporal_middle,blur,1,0.0021747119586171815,-0.0029768859597702297,-0.0011442845121676002,0.0001305331864075443
movi_c_v14_00,temporal_middle,blur,2,0.007934851080694472,0.002923127788886519,0.0046158546099096896,0.0058906723084848345
movi_c_v14_00,temporal_middle,blur,3,0.0049407640321483814,0.0011299144296349115,0.0016217675613635998,0.0028965852599387443
movi_c_v14_00,temporal_middle,blur,4,0.006770117631643036,0.001964120672174589,0.003451121160858254,0.004725938859433398
movi_c_v14_00,temporal_middle,blur,5,0.0031947180159594968,-0.0021716683224136295,-0.00012427845482528488,0.0011505392437498596
movi_c_v14_00,temporal_middle,blur,6,0.0036549973840550587,-0.0004562885249830284,0.00033600091327027704,0.0016108186118454215
movi_c_v14_00,temporal_middle,blur,7,0.0017824809600902602,-0.002004024614244241,-0.0015365155106945214,-0.0002616978121193769
movi_c_v14_00,temporal_middle,blur,8,0.006908740202149266,0.0030793351239392828,0.0035897437313644844,0.004864561429939629
movi_c_v14_00,temporal_middle,blur,9,0.0020168210907557382,-0.001371257719378812,-0.0013021753800290434,-2.735768145389894e-05
movi_c_v14_00,temporal_middle,blur,10,0.0036144641604849426,-0.0005643121997551308,0.0002954676897001609,0.0015702853882753054
movi_c_v14_00,temporal_middle,blur,11,0.003989146567634161,-0.0007623715477932764,0.0006701500968493792,0.0019449677954245237
movi_c_v14_00,temporal_middle,blur,12,0.002044178772209637,-0.0020866051657508393,-0.0012748176985751445,0.0
movi_c_v14_00,temporal_back,mean,1,0.005910293198303496,-0.0018809434299542254,-0.0016970885962545035,-0.004886503917747698
movi_c_v14_00,temporal_back,mean,2,0.010632963973162157,0.000725143672971643,0.003025582178604158,-0.00016383314288903605
movi_c_v14_00,temporal_back,mean,3,0.025239946075344966,0.013596347078292714,0.017632564280786966,0.014443148959293772
movi_c_v14_00,temporal_back,mean,4,0.014435398776250996,-0.006404096597631231,0.006828016981692997,0.003638601660199803
movi_c_v14_00,temporal_back,mean,5,0.00870184837225041,0.00032884197616393253,0.00109446657769241,-0.002094948743800784
movi_c_v14_00,temporal_back,mean,6,0.019291513923395676,0.0012703487890076692,0.011684132128837676,0.008494716807344482
movi_c_v14_00,temporal_back,mean,7,0.005043040635613005,-0.003147192716557612,-0.002564341158944994,-0.005753756480438188
movi_c_v14_00,temporal_back,mean,8,0.004284585680174757,-0.0013056343271735287,-0.003322796114383242,-0.006512211435876436
movi_c_v14_00,temporal_back,mean,9,0.009419387881859365,-0.0013370195280622364,0.0018120060873013655,-0.0013774092341918287
movi_c_v14_00,temporal_back,mean,10,0.010105332846524817,-0.0036607708557119256,0.002497951051966818,-0.0006914642695263762
movi_c_v14_00,temporal_back,mean,11,0.009526020815835201,-0.0006430388636364439,0.001918639021277202,-0.0012707763002159922
movi_c_v14_00,temporal_back,mean,12,0.010796797116051193,-0.0009524999315729445,0.003189415321493194,0.0
movi_c_v14_00,temporal_back,blur,1,0.007312121680591033,-0.0005001449671894935,0.0004973191172236895,-0.0015045570011960052
movi_c_v14_00,temporal_back,blur,2,0.010111418095282931,-0.0005199907727821973,0.003296615531915588,0.0012947394134958934
movi_c_v14_00,temporal_back,blur,3,0.026151756517483693,0.01489411734581921,0.01933695395411635,0.017335077835696655
movi_c_v14_00,temporal_back,blur,4,0.00617872729089608,-0.00999668240145779,-0.0006360752724712633,-0.002637951390890958
movi_c_v14_00,temporal_back,blur,5,0.00771535501362941,-0.0011725703602964987,0.000900552450262067,-0.0011013236681576277
movi_c_v14_00,temporal_back,blur,6,0.014490985874313411,0.0004909090269303498,0.007676183310946068,0.005674307192526373
movi_c_v14_00,temporal_back,blur,7,0.004338187714793218,-0.0038843695456169947,-0.0024766148485741253,-0.00447849096699382
movi_c_v14_00,temporal_back,blur,8,0.005599961395533981,0.00013559544745841024,-0.0012148411678333621,-0.003216717286253057
movi_c_v14_00,temporal_back,blur,9,0.006286670727780774,-0.005030575248356595,-0.000528131835586569,-0.0025300079540062637
movi_c_v14_00,temporal_back,blur,10,0.009726933554459971,-0.0043182928912847505,0.002912130991092628,0.0009102548726729331
movi_c_v14_00,temporal_back,blur,11,0.009013957997679123,-0.00187340758140353,0.0021991554343117796,0.00019727931589208492
movi_c_v14_00,temporal_back,blur,12,0.008816678681787038,-0.0019451074297386715,0.0020018761184196947,0.0
movi_c_v14_00,spatial_block,mean,1,0.002358207210256369,-0.007881484515446643,-0.005357320719366343,-0.020435225275489688
movi_c_v14_00,spatial_block,mean,2,0.033234806894897995,0.020491098671215756,0.025519278965275283,0.010441374409151938
movi_c_v14_00,spatial_block,mean,3,0.020319155124187915,0.014009750467901465,0.012603627194565203,-0.0024742773615581415
movi_c_v14_00,spatial_block,mean,4,0.002257123570584385,-0.007178170571070397,-0.005458404359038327,-0.020536308915161672
movi_c_v14_00,spatial_block,mean,5,0.029044382538541025,0.019814181162124002,0.021328854608918313,0.006250950052794968
movi_c_v14_00,spatial_block,mean,6,0.0037180065123447736,-0.004221313510830882,-0.003997521417277938,-0.019075425973401283
movi_c_v14_00,spatial_block,mean,7,0.0031454186250092775,-0.0058345330877369594,-0.0045701093046134345,-0.01964801386073678
movi_c_v14_00,spatial_block,mean,8,0.0017604472988171915,-0.009809121091870043,-0.00595508063080552,-0.021032985186928865
movi_c_v14_00,spatial_block,mean,9,0.0101370216922535,0.0009556390665275884,0.0024214937626307886,-0.012656410793492556
movi_c_v14_00,spatial_block,mean,10,0.002247020988509929,-0.007224567395378134,-0.005468506941112783,-0.020546411497236128
movi_c_v14_00,spatial_block,mean,11,0.0046830388484319085,-0.0074547326293753855,-0.0030324890811908034,-0.01811039363731415
movi_c_v14_00,spatial_block,mean,12,0.022793432485746057,0.013842760880952487,0.015077904556123345,0.0
movi_c_v14_00,spatial_block,blur,1,0.0015524788713963122,-0.011879158588376884,-0.009107019622483096,-0.015542841374932337
movi_c_v14_00,spatial_block,blur,2,0.022932620641537338,0.008109168466112168,0.01227312214765793,0.005837300395208689
movi_c_v14_00,spatial_block,blur,3,0.017384475657799436,0.008485935400930344,0.006724977163920029,0.00028915541147078727
movi_c_v14_00,spatial_block,blur,4,0.0028115931873911038,-0.006734388879676331,-0.007847905306488304,-0.014283727058937545
movi_c_v14_00,spatial_block,blur,5,0.024013970591193368,0.011841797996522666,0.01335447209731396,0.0069186503448647185
movi_c_v14_00,spatial_block,blur,6,0.0055336958359075705,-0.004447181592724947,-0.005125802657971837,-0.011561624410421079
movi_c_v14_00,spatial_block,blur,7,0.0029578944699516496,-0.008679197335947278,-0.007701604023927758,-0.014137425776377
movi_c_v14_00,spatial_block,blur,8,0.002717502016160722,-0.011218780831903419,-0.007941996477718686,-0.014377818230167927
movi_c_v14_00,spatial_block,blur,9,0.013302196720974435,0.0011738958542382525,0.0026426982270950274,-0.003793123525354214
movi_c_v14_00,spatial_block,blur,10,0.004372655529338854,-0.007384019664752883,-0.006286842964540554,-0.012722664716989796
movi_c_v14_00,spatial_block,blur,11,0.006005633505990371,-0.008910891046341277,-0.004653864987889037,-0.011089686740338278
movi_c_v14_00,spatial_block,blur,12,0.01709532024632865,0.006028182774498606,0.006435821752449241,0.0
movi_c_v14_00,spatial_scattered,mean,1,0.004332270968703589,0.0019686403857803367,0.0018668952095415672,0.004622624481382842
movi_c_v14_00,spatial_scattered,mean,2,0.010496672928431816,0.007707654818071305,0.008031297169269794,0.01078702644111107
movi_c_v14_00,spatial_scattered,mean,3,0.011998843374378287,0.009795588064123098,0.009533467615216265,0.01228919688705754
movi_c_v14_00,spatial_scattered,mean,4,3.703166297530647e-05,-0.0029942480268204674,-0.002428344096186715,0.0003273851756545598
movi_c_v14_00,spatial_scattered,mean,5,0.0007358507522371438,-0.001168550816048201,-0.0017295250069248778,0.0010262042649163972
movi_c_v14_00,spatial_scattered,mean,6,0.0035136395617927363,0.0009276639463013567,0.0010482638026307147,0.0038039930744719896
movi_c_v14_00,spatial_scattered,mean,7,-0.0005286711729839411,-0.0028958892201977524,-0.0029940469321459626,-0.0002383176603046877
movi_c_v14_00,spatial_scattered,mean,8,0.008940084597347076,0.006109814744940545,0.0064747088381850535,0.009230438110026329
movi_c_v14_00,spatial_scattered,mean,9,-0.0001420633442457131,-0.003040417200645481,-0.0026074391034077347,0.00014829016843354026
movi_c_v14_00,spatial_scattered,mean,10,0.004398222329900059,0.001902559128985367,0.0019328465707380373,0.004688575842579312
movi_c_v14_00,spatial_scattered,mean,11,-0.002243549799145317,-0.004120277186314063,-0.004708925558307339,-0.0019531962864660635
movi_c_v14_00,spatial_scattered,mean,12,-0.00029035351267925336,-0.0027583674898548813,-0.002755729271841275,0.0
movi_c_v14_00,spatial_scattered,blur,1,0.003775544420517196,0.00021128516199686587,-0.0006024672444906454,0.0029188443356699123
movi_c_v14_00,spatial_scattered,blur,2,0.012148400270819981,0.008409158141782816,0.00777038860581214,0.011291700185972697
movi_c_v14_00,spatial_scattered,blur,3,0.011531214245436794,0.008236548807658894,0.007153202580428952,0.01067451416058951
movi_c_v14_00,spatial_scattered,blur,4,-0.0006122781359452212,-0.003612762431673596,-0.004990289800953063,-0.001468978220792505
movi_c_v14_00,spatial_scattered,blur,5,0.002640868583431377,-0.0018543709144257141,-0.0017371430815764644,0.0017841684985840933
movi_c_v14_00,spatial_scattered,blur,6,0.0015776171665833338,-0.0019795540002267207,-0.0028003944984245077,0.00072091708173605
movi_c_v14_00,spatial_scattered,blur,7,-0.00156916060188661,-0.005375587303184326,-0.0059471722668944516,-0.002425860686733894
movi_c_v14_00,spatial_scattered,blur,8,0.009771411322543666,0.0051985655458494096,0.0053933996575358245,0.008914711237696382
movi_c_v14_00,spatial_scattered,blur,9,0.0011874511493723539,-0.0029396370262555855,-0.0031905605156354877,0.00033075106452506997
movi_c_v14_00,spatial_scattered,blur,10,0.005330788613778781,0.0014628174466081076,0.0009527769487709392,0.004474088528931497
movi_c_v14_00,spatial_scattered,blur,11,-0.0019871143806509117,-0.005836326176573259,-0.006365126045658753,-0.0028438144654981956
movi_c_v14_00,spatial_scattered,blur,12,0.0008567000848472839,-0.003035636091499446,-0.0035213115801605577,0.0
movi_c_v14_01,temporal_front,mean,1,0.0032425028410679735,-0.0029399252738809833,-0.0011988506719102414,-0.005920384550670343
movi_c_v14_01,temporal_front,mean,2,0.012711219492946957,0.007374851858161484,0.008269865979968743,0.00354833210120864
movi_c_v14_01,temporal_front,mean,3,0.014464228697488424,0.004262670754584863,0.01002287518451021,0.005301341305750107
movi_c_v14_01,temporal_front,mean,4,0.013143310212175296,0.005565324658359201,0.008701956699197082,0.00398042282043698
movi_c_v14_01,temporal_front,mean,5,0.004789782533581199,-0.0037513516441678076,0.0003484290206029845,-0.0043731048581571175
movi_c_v14_01,temporal_front,mean,6,0.0058703785613029025,0.002488506886384023,0.0014290250483246876,-0.0032925088304354144
movi_c_v14_01,temporal_front,mean,7,0.006513183324817651,-0.0018853458228518614,0.002071829811839436,-0.002649704066920666
movi_c_v14_01,temporal_front,mean,8,0.004400221184718056,-0.0009151408120305904,-4.1132328260158786e-05,-0.004762666207020261
movi_c_v14_01,temporal_front,mean,9,0.0038287472554031643,-0.003308745427659428,-0.0006126062575750506,-0.005334140136335153
movi_c_v14_01,temporal_front,mean,10,0.003574143477987568,0.0005796474534764209,-0.0008672100349906469,-0.005588743913750749
movi_c_v14_01,temporal_front,mean,11,0.008911177538237669,-0.00021215938581239067,0.004469824025259454,-0.0002517098535006479
movi_c_v14_01,temporal_front,mean,12,0.009162887391738317,-0.0016257257578659399,0.004721533878760102,0.0
movi_c_v14_01,temporal_front,blur,1,0.0007666826906438384,0.0004923846741957671,0.00036103783017652863,-0.0016773142150191545
movi_c_v14_01,temporal_front,blur,2,0.0034510085308204763,0.00356163244834636,0.0030453636703531664,0.0010070116251574834
movi_c_v14_01,temporal_front,blur,3,0.004752169786048199,0.0040256013664919195,0.00434652492558089,0.0023081728803852064
movi_c_v14_01,temporal_front,blur,4,0.0030457868289174295,0.0026773119496666573,0.0026401419684501195,0.0006017899232544366
movi_c_v14_01,temporal_front,blur,5,-0.0016582819376155244,-0.002101210763726972,-0.0020639267980828344,-0.004102278843278517
movi_c_v14_01,temporal_front,blur,6,0.0005930432041542089,-0.0006657094930178815,0.00018739834368689906,-0.001850953701508784
movi_c_v14_01,temporal_front,blur,7,0.000925125826312323,0.0006043395888181517,0.0005194809658450132,-0.00151887107935067
movi_c_v14_01,temporal_front,blur,8,0.004005925063600868,0.0037384113118326123,0.003600280203133558,0.0015619281579378752
movi_c_v14_01,temporal_front,blur,9,-0.002184720784377703,-0.0022522625200209756,-0.0025903656448450127,-0.004628717690040696
movi_c_v14_01,temporal_front,blur,10,-0.0007864348204934535,-0.000851759256376113,-0.0011920796809607632,-0.0032304317261564464
movi_c_v14_01,temporal_front,blur,11,-5.276320905378551e-05,-0.0007604805501263412,-0.0004584080695210953,-0.0024967601147167784
movi_c_v14_01,temporal_front,blur,12,0.002443996905662993,0.0018612814509393338,0.002038352045195683,0.0
movi_c_v14_01,temporal_middle,mean,1,0.0025135756232733675,-0.003276846392810266,-0.0009156704133043516,-0.005292686377210254
movi_c_v14_01,temporal_middle,mean,2,0.013976160156585093,0.006126091371531936,0.010546914120007375,0.006169898156101472
movi_c_v14_01,temporal_middle,mean,3,0.005678787153072684,-0.0008038970830356318,0.002249541116494965,-0.0021274748474109373
movi_c_v14_01,temporal_middle,mean,4,0.0076325238845650345,-0.0007153782121365939,0.004203277847987316,-0.0001737381159185869
movi_c_v14_01,temporal_middle,mean,5,0.005519560863085471,-0.0014182620301169306,0.002090314826507752,-0.0022867011373981505
movi_c_v14_01,temporal_middle,mean,6,0.004895431208341239,-0.00148206655292286,0.0014661851717635197,-0.0029108307921423826
movi_c_v14_01,temporal_middle,mean,7,0.004624536185189654,-0.0036198359562167326,0.0011952901486119347,-0.0031817258152939676
movi_c_v14_01,temporal_middle,mean,8,0.005243078292494485,-0.00011009780242576817,0.001813832255916766,-0.002563183707989136
movi_c_v14_01,temporal_middle,mean,9,0.005322335555581925,0.00013295959604064933,0.001893089519004206,-0.0024839264449016962
movi_c_v14_01,temporal_middle,mean,10,0.004285530436474061,0.00020216203330147842,0.0008562843998963419,-0.0035207315640095604
movi_c_v14_01,temporal_middle,mean,11,0.005530978304530643,-0.0014753090639374467,0.0021017322679529236,-0.0022752836959529787
movi_c_v14_01,temporal_middle,mean,12,0.007806262000483621,-0.0010090137629083697,0.004377015963905903,0.0
movi_c_v14_01,temporal_middle,blur,1,0.00019499440112091815,-0.0016031733921411477,-0.0004422585924602762,0.0002924717211587602
movi_c_v14_01,temporal_middle,blur,2,0.0022181357369889243,0.00036778902530561664,0.00158088274340773,0.0023156130570267663
movi_c_v14_01,temporal_middle,blur,3,0.0018968464590329859,0.0005970436258763145,0.0012595934654517915,0.001994323779070828
movi_c_v14_01,temporal_middle,blur,4,-0.0004009655083285768,-0.001850626377691067,-0.0010382185019097712,-0.00030348818829073476
movi_c_v14_01,temporal_middle,blur,5,0.003376535951405635,0.0014849372110647592,0.0027392829578244404,0.003474013271443477
movi_c_v14_01,temporal_middle,blur,6,0.0018850353253366814,-0.000831203965518168,0.001247782331755487,0.0019825126453745234
movi_c_v14_01,temporal_middle,blur,7,0.0003857540164230455,-0.0009283221879891428,-0.00025149897715814884,0.00048323133646088756
movi_c_v14_01,temporal_middle,blur,8,0.002668661382491,0.0005649873435305728,0.0020314083889098056,0.002766138702528842
movi_c_v14_01,temporal_middle,blur,9,0.00016908707710483473,-0.0005980694366637765,-0.00046816591647635963,0.00026656439714267677
movi_c_v14_01,temporal_middle,blur,10,0.0036729195406414172,0.0014749630854231643,0.003035666547060223,0.0037703968606792593
movi_c_v14_01,temporal_middle,blur,11,0.0005256076839287305,-0.0006356118524018333,-0.00011164530965246389,0.0006230850039665725
movi_c_v14_01,temporal_middle,blur,12,-9.747732003784204e-05,-0.0013612915947958475,-0.0007347303136190364,0.0
movi_c_v14_01,temporal_back,mean,1,0.0030858786519717407,0.00022826277482827307,-0.0017271831873925487,-0.001599653026643999
movi_c_v14_01,temporal_back,mean,2,0.009215465169996273,0.004976267783622923,0.004402403330631984,0.004529933491380533
movi_c_v14_01,temporal_back,mean,3,0.005776026289459835,0.001526806539665082,0.0009629644500955452,0.001090494610844095
movi_c_v14_01,temporal_back,mean,4,0.006469590229005062,0.002753674911370574,0.0016565283896407728,0.0017840585503893225
movi_c_v14_01,temporal_back,mean,5,0.003746259170724353,0.00019221898856562137,-0.0010668026686399363,-0.0009392725078913866
movi_c_v14_01,temporal_back,mean,6,0.005273965354552712,-0.0054920140522295435,0.00046090351518842266,0.0005884336759369724
movi_c_v14_01,temporal_back,mean,7,0.0037838772999453374,-0.00017678929766651308,-0.001029184539418952,-0.0009016543786704023
movi_c_v14_01,temporal_back,mean,8,0.005441296536696449,0.0018634702396934286,0.00062823469733216,0.0007557648580807097
movi_c_v14_01,temporal_back,mean,9,0.0036209084074348974,-9.433058799135363e-05,-0.001192153431929392,-0.0010646232711808423
movi_c_v14_01,temporal_back,mean,10,0.00823438125018916,0.0031844323926804403,0.0034213194108248706,0.0035488495715734203
movi_c_v14_01,temporal_back,mean,11,0.004437134779839869,0.0005542414249030494,-0.00037592705952442084,-0.0002483968987758711
movi_c_v14_01,temporal_back,mean,12,0.00468553167861574,-0.00334468275281293,-0.00012753016074854972,0.0
movi_c_v14_01,temporal_back,blur,1,0.001650267458005561,-0.0015879912918835095,-0.0030431181454200207,-0.0034686178617082675
movi_c_v14_01,temporal_back,blur,2,0.007318568471102904,0.002484607152452874,0.0026251828676773226,0.0021996831513890758
movi_c_v14_01,temporal_back,blur,3,0.006165418923836263,0.0012472152245443695,0.0014720333204106817,0.001046533604122435
movi_c_v14_01,temporal_back,blur,4,0.004536201430123454,0.00016795708381149143,-0.0001571841733021273,-0.0005826838895903741
movi_c_v14_01,temporal_back,blur,5,0.004384965060778012,0.00045728860452887155,-0.00030842054264756946,-0.0007339202589358162
movi_c_v14_01,temporal_back,blur,6,0.00879874236915723,-0.0016236620708570317,0.004105356765731649,0.0036798570494434024
movi_c_v14_01,temporal_back,blur,7,0.003585074308210756,-0.0012211939224063455,-0.0011083112952148255,-0.0015338110115030723
movi_c_v14_01,temporal_back,blur,8,0.0058113521881354435,0.0019102672028752008,0.0011179665847098619,0.0006924668684216151
movi_c_v14_01,temporal_back,blur,9,0.0046158398526192634,-2.7891680839127637e-05,-7.75457508063182e-05,-0.000503045467094565
movi_c_v14_01,temporal_back,blur,10,0.010326817049407078,0.0044291315112806595,0.005633431445981496,0.005207931729693249
movi_c_v14_01,temporal_back,blur,11,0.006947723453426646,0.002341550835350777,0.0022543378500010647,0.001828838133712818
movi_c_v14_01,temporal_back,blur,12,0.005118885319713828,-0.0021290731324009977,0.0004254997162882468,0.0
movi_c_v14_01,spatial_block,mean,1,0.006363501631123647,-0.00300001939913469,-0.0036718101287119467,0.0009175803851820818
movi_c_v14_01,spatial_block,mean,2,0.008102376478056894,-0.0010482729547045908,-0.0019329352817786995,0.002656455232115329
movi_c_v14_01,spatial_block,mean,3,0.02410501050149494,0.01628057471712071,0.014069698741659345,0.018659089255553374
movi_c_v14_01,spatial_block,mean,4,0.004372594757504067,-0.004792593352288673,-0.005662717002331527,-0.0010733264884374982
movi_c_v14_01,spatial_block,mean,5,0.005675943683389084,-0.003979825375113858,-0.0043593680764465095,0.00023002243744751905
movi_c_v14_01,spatial_block,mean,6,0.0025226422180102404,-0.007939981916484762,-0.007512669541825353,-0.0029232790279313248
movi_c_v14_01,spatial_block,mean,7,0.004238022174590461,-0.004766029075450226,-0.0057972895852451325,-0.001207899071351104
movi_c_v14_01,spatial_block,mean,8,0.0164770164908844,0.007715789688394703,0.006441704731048806,0.011031095244942835
movi_c_v14_01,spatial_block,mean,9,0.01033457650455405,0.0011182261296692753,0.0002992647447184558,0.004888655258612484
movi_c_v14_01,spatial_block,mean,10,0.014988609805963837,0.006124983001190373,0.004953298046128244,0.009542688560022272
movi_c_v14_01,spatial_block,mean,11,0.009955792049641476,0.0018493011639978216,-7.951971019411717e-05,0.004509870803699911
movi_c_v14_01,spatial_block,mean,12,0.005445921245941565,-0.0039852875183816,-0.0045893905138940285,0.0
movi_c_v14_01,spatial_block,blur,1,0.0035002092676577057,-0.00512425336166078,-0.006008140982724933,0.00036574624967106173
movi_c_v14_01,spatial_block,blur,2,0.007925512996931894,-0.0006987130515007465,-0.001582837253450745,0.00479104997894525
movi_c_v14_01,spatial_block,blur,3,0.01385848338742146,0.005758672810968757,0.004350133137038822,0.010724020369434817
movi_c_v14_01,spatial_block,blur,4,0.004255054039910888,-0.005731998862295362,-0.0052532962104717505,0.0011205910219242443
movi_c_v14_01,spatial_block,blur,5,0.005525832845961476,-0.002567664854604709,-0.003982517404421163,0.002391369827974832
movi_c_v14_01,spatial_block,blur,6,0.00453264128440467,-0.005871641918488638,-0.004975708965977968,0.0013981782664180264
movi_c_v14_01,spatial_block,blur,7,0.0049363084106806565,-0.003260809170352005,-0.004572041839701982,0.0018018453926940126
movi_c_v14_01,spatial_block,blur,8,0.009509652162547289,0.0022279795176073742,1.301912164649796e-06,0.0063751891445606446
movi_c_v14_01,spatial_block,blur,9,0.008088569718850303,0.0006000203836915756,-0.0014197805315323362,0.0049541067008636586
movi_c_v14_01,spatial_block,blur,10,0.011313806989032948,0.0039550716764360505,0.0018054567386503097,0.008179343971046305
movi_c_v14_01,spatial_block,blur,11,0.008816581797344791,0.0010969744652501072,-0.0006917684530378474,0.005682118779358147
movi_c_v14_01,spatial_block,blur,12,0.003134463017986644,-0.0059379485979526945,-0.006373887232395995,0.0
movi_c_v14_01,spatial_scattered,mean,1,0.008305654648072647,0.0015060523398710002,0.003679602159837758,0.007036541857923684
movi_c_v14_01,spatial_scattered,mean,2,0.012790448457799641,0.00749490018411066,0.008164395969564753,0.011521335667650678
movi_c_v14_01,spatial_scattered,mean,3,0.016742549423972464,0.011114528603813605,0.012116496935737575,0.0154734366338235
movi_c_v14_01,spatial_scattered,mean,4,0.0010641777039738232,-0.0032760864086876324,-0.0035618747842610654,-0.00020493508617513978
movi_c_v14_01,spatial_scattered,mean,5,0.006671753003000491,0.0015330649656148942,0.0020457005147656027,0.005402640212851528
movi_c_v14_01,spatial_scattered,mean,6,0.0025387922743898006,-0.004176360080707764,-0.002087260213845088,0.0012696794842408377
movi_c_v14_01,spatial_scattered,mean,7,0.0014651804769221233,-0.004114517769859531,-0.0031608720113127653,0.00019606768677316033
movi_c_v14_01,spatial_scattered,mean,8,0.011648834575746614,0.00720316978827551,0.007022782087511725,0.010379721785597651
movi_c_v14_01,spatial_scattered,mean,9,0.003972263358444139,-0.0019425200998767949,-0.0006537891297907494,0.002703150568295176
movi_c_v14_01,spatial_scattered,mean,10,0.014954072065336277,0.008524850629178921,0.010328019577101388,0.013684959275187314
movi_c_v14_01,spatial_scattered,mean,11,0.00028501806938585617,-0.004870673502862595,-0.004341034418849032,-0.0009840947207631068
movi_c_v14_01,spatial_scattered,mean,12,0.001269112790148963,-0.004707392634328437,-0.0033569396980859256,0.0
movi_c_v14_01,spatial_scattered,blur,1,0.005534005299900224,-0.0005611085549621642,0.001302921403376918,0.00393380926522402
movi_c_v14_01,spatial_scattered,blur,2,0.008446367780559627,0.0035048719613946693,0.004215283884036321,0.006846171745883423
movi_c_v14_01,spatial_scattered,blur,3,0.01407591291653043,0.009061447938617035,0.009844829020007124,0.012475716881854226
movi_c_v14_01,spatial_scattered,blur,4,-0.00013433655346006823,-0.0028238590098977148,-0.004365420449983374,-0.0017345325881362728
movi_c_v14_01,spatial_scattered,blur,5,0.00497983385606382,0.00021270033026865587,0.0007487499595405138,0.0033796378213876155
movi_c_v14_01,spatial_scattered,blur,6,0.0039928367327854986,-0.0028668603013110028,-0.00023824716373780763,0.002392640698109294
movi_c_v14_01,spatial_scattered,blur,7,0.0010178526727884218,-0.004501844691133609,-0.0032132312237348843,-0.0005823433618877827
movi_c_v14_01,spatial_scattered,blur,8,0.007829747777849172,0.004679077052812749,0.003598663881325866,0.0062295517431729674
movi_c_v14_01,spatial_scattered,blur,9,0.0033720265843411035,-0.0021506506247055412,-0.0008590573121822027,0.001771830549664899
movi_c_v14_01,spatial_scattered,blur,10,0.010073144468700557,0.004635211167685727,0.0058420605721772505,0.008472948434024352
movi_c_v14_01,spatial_scattered,blur,11,0.00010950279167110111,-0.004087992187975509,-0.004121581104852205,-0.0014906932430051034
movi_c_v14_01,spatial_scattered,blur,12,0.0016001960346762045,-0.0039576006490315745,-0.0026308878618471017,0.0
movi_c_v14_02,temporal_front,mean,1,0.007703259913594218,0.0035073949525567345,0.006575271580765318,-8.270834575752062e-05
movi_c_v14_02,temporal_front,mean,2,0.008421749205117068,0.005719902010365133,0.007293760872288169,0.0006357809457653296
movi_c_v14_02,temporal_front,mean,3,0.01570605669092262,0.003513348057499588,0.014578068358093721,0.007920088431570882
movi_c_v14_02,temporal_front,mean,4,0.004273430311611426,0.001926634188477975,0.003145441978782526,-0.003512537947740313
movi_c_v14_02,temporal_front,mean,5,0.003554521586569548,0.00024139319715103325,0.002426533253740648,-0.004231446672782191
movi_c_v14_02,temporal_front,mean,6,-0.0022847407637387462,-0.0021132486336807865,-0.003412729096567646,-0.010070709023090485
movi_c_v14_02,temporal_front,mean,7,0.002086849286303094,-0.003199199771046879,0.0009588609534741943,-0.005699118973048645
movi_c_v14_02,temporal_front,mean,8,0.002651272174596153,0.002190492830188314,0.0015232838417672534,-0.005134696084755586
movi_c_v14_02,temporal_front,mean,9,0.0013001938521430834,-0.0006615642275321632,0.0001722055193141836,-0.006485774407208655
movi_c_v14_02,temporal_front,mean,10,0.0005493154510225473,0.000409263918834298,-0.0005786728818063525,-0.0072366528083291914
movi_c_v14_02,temporal_front,mean,11,0.001479497383020556,-0.001308225207346562,0.00035150905019165624,-0.006306470876331183
movi_c_v14_02,temporal_front,mean,12,0.007785968259351739,0.0014302457643898814,0.006657979926522839,0.0
movi_c_v14_02,temporal_front,blur,1,0.007986170948405591,0.004663959125291458,0.007077547463223051,0.0023242209451361795
movi_c_v14_02,temporal_front,blur,2,0.0021395658619820512,-0.00040977673251996194,0.0012309423767995118,-0.00352238414128736
movi_c_v14_02,temporal_front,blur,3,0.006181480064461953,1.857091700367252e-05,0.005272856579279413,0.0005195300611925413
movi_c_v14_02,temporal_front,blur,4,0.0027757288544527636,0.0005032073238236214,0.0018671053692702242,-0.002886221148816648
movi_c_v14_02,temporal_front,blur,5,-0.0015901958005126726,-0.004914327087590506,-0.002498819285695212,-0.007252145803782084
movi_c_v14_02,temporal_front,blur,6,-0.001897003516834861,-0.0016410412203099096,-0.0028056270020174003,-0.007558953520104272
movi_c_v14_02,temporal_front,blur,7,2.489828031770891e-05,-0.00425731425569494,-0.0008837252048648306,-0.0056370517229517025
movi_c_v14_02,temporal_front,blur,8,0.0023612954079167414,0.001949745717833573,0.001452671922734202,-0.00330065459535267
movi_c_v14_02,temporal_front,blur,9,-0.002093153052134089,-0.0035466078233687233,-0.0030017765373166285,-0.0077551030554035005
movi_c_v14_02,temporal_front,blur,10,0.0004216804198498014,0.0006054283276030192,-0.0004869430653327381,-0.00524026958341961
movi_c_v14_02,temporal_front,blur,11,-0.0004105732018498953,-0.0029995609938298085,-0.0013191966870324348,-0.006072523205119307
movi_c_v14_02,temporal_front,blur,12,0.0056619500032694114,0.0008355262559596914,0.004753326518086872,0.0
movi_c_v14_02,temporal_middle,mean,1,0.0038968916397075226,0.001810325177898068,0.0008856149739891275,-0.0023296116459723404
movi_c_v14_02,temporal_middle,mean,2,0.010904353585155846,0.007919112852701008,0.00789307691943745,0.004677850299475983
movi_c_v14_02,temporal_middle,mean,3,0.005059479901509012,0.0024368203956151393,0.002048203235790617,-0.001167023384170851
movi_c_v14_02,temporal_middle,mean,4,0.0029246291425489845,-0.001699001233504009,-8.66475231694106e-05,-0.0033018741431308785
movi_c_v14_02,temporal_middle,mean,5,0.001940273804512005,-0.002588403699979147,-0.0010710028612063902,-0.004286229481167858
movi_c_v14_02,temporal_middle,mean,6,0.004062685050250869,0.0017165985098151668,0.0010514083845324742,-0.0021638182354289937
movi_c_v14_02,temporal_middle,mean,7,0.003176918024232367,0.0007823684094874217,0.00016564135851397177,-0.003049585261447496
movi_c_v14_02,temporal_middle,mean,8,0.006651146296585142,0.004311025221333531,0.003639869630866747,0.000424643010905279
movi_c_v14_02,temporal_middle,mean,9,0.0020812812269772607,-0.00014867135948615218,-0.0009299954387411344,-0.004145222058702602
movi_c_v14_02,temporal_middle,mean,10,0.001683824681628865,-0.00045868586867570116,-0.0013274519840895302,-0.004542678604050998
movi_c_v14_02,temporal_middle,mean,11,0.007816731966670876,0.004937134447144054,0.00480545530095248,0.0015902286809910127
movi_c_v14_02,temporal_middle,mean,12,0.006226503285679863,0.0015903491985630085,0.003215226619961468,0.0
movi_c_v14_02,temporal_middle,blur,1,0.0014970468981080343,-0.0003363042999936876,-0.00047476395081824663,-0.0007022137803341932
movi_c_v14_02,temporal_middle,blur,2,0.0031286403652154293,0.001486489032325326,0.0011568295162891484,0.0009293796867732018
movi_c_v14_02,temporal_middle,blur,3,0.0015239315084175642,-0.00031676201199689236,-0.0004478793405087167,-0.0006753291700246633
movi_c_v14_02,temporal_middle,blur,4,0.0020991420810760886,0.0007059350539847891,0.00012733123214980768,-0.00010011859736613893
movi_c_v14_02,temporal_middle,blur,5,0.0016743173762631125,-0.0008992002166413973,-0.0002974934726631684,-0.000524943302179115
movi_c_v14_02,temporal_middle,blur,6,0.002262722455854127,0.0008359428551049468,0.0002909116069278461,6.346177741189951e-05
movi_c_v14_02,temporal_middle,blur,7,0.002461167566010336,0.00026759451693033265,0.0004893567170840551,0.00026190688756810854
movi_c_v14_02,temporal_middle,blur,8,0.0040377267792945926,0.0026109688323670737,0.0020659159303683117,0.001838466100852365
movi_c_v14_02,temporal_middle,blur,9,-0.0003433257956954039,-0.00269784782675897,-0.0023151366446216848,-0.0025425864741376314
movi_c_v14_02,temporal_middle,blur,10,0.0028972495048602553,0.0016670721159064057,0.0009254386559339745,0.0006979888264180278
movi_c_v14_02,temporal_middle,blur,11,0.002945783350602693,0.0005328713895219974,0.0009739725016764123,0.0007465226721604656
movi_c_v14_02,temporal_middle,blur,12,0.0021992606784422275,-0.0007168784294045625,0.0002274498295159466,0.0
movi_c_v14_02,temporal_back,mean,1,0.004099332021287538,-0.002824151087474247,-0.0012856172721573689,-0.00718998013697425
movi_c_v14_02,temporal_back,mean,2,0.017362651609097002,0.007408655965364441,0.011977702315652095,0.006073339450835213
movi_c_v14_02,temporal_back,mean,3,0.012434437140606547,0.005019826615638379,0.0070494878471616396,0.0011451249823447585
movi_c_v14_02,temporal_back,mean,4,0.007552420637460533,-0.0019396985284383383,0.0021674713440156257,-0.0037368915208012554
movi_c_v14_02,temporal_back,mean,5,0.0030560171731277563,-0.003311513339726198,-0.002328932120317151,-0.008233294985134032
movi_c_v14_02,temporal_back,mean,6,0.0123561822662277,0.0006951238645672344,0.006971232972782793,0.0010668701079659115
movi_c_v14_02,temporal_back,mean,7,0.005716445170108386,-0.0008764375059880924,0.000331495876663479,-0.005572866988153402
movi_c_v14_02,temporal_back,mean,8,0.008652128617526289,0.0026832918783297926,0.003267179324081382,-0.0026371835407354993
movi_c_v14_02,temporal_back,mean,9,0.007126531620793575,-0.00030189952471952174,0.0017415823273486675,-0.004162780537468214
movi_c_v14_02,temporal_back,mean,10,0.005330768129474528,-0.0016412404354258685,-5.418116397037931e-05,-0.00595854402878726
movi_c_v14_02,temporal_back,mean,11,0.00546511914915504,0.0010732416150010344,8.016985571013269e-05,-0.005824193009106748
movi_c_v14_02,temporal_back,mean,12,0.011289312158261788,0.0007288457145064129,0.005904362864816881,0.0
movi_c_v14_02,temporal_back,blur,1,0.004380834740466577,-0.005175441828385993,-0.0014423394002274952,-0.005740135417855674
movi_c_v14_02,temporal_back,blur,2,0.01874653080387656,0.0066513905872884384,0.012923356663182489,0.008625560645554309
movi_c_v14_02,temporal_back,blur,3,0.01832975288145211,0.008580355415644355,0.012506578740758039,0.00820878272312986
movi_c_v14_02,temporal_back,blur,4,0.0068061846362548195,-0.005577645004345802,0.0009830104955607473,-0.0033147855220674316
movi_c_v14_02,temporal_back,blur,5,0.00423910707658659,-0.004771891714215992,-0.0015840670641074821,-0.005881863081735661
movi_c_v14_02,temporal_back,blur,6,0.013704823773111552,-3.248394916277597e-06,0.00788164963241748,0.0035838536147893008
movi_c_v14_02,temporal_back,blur,7,0.006776309485742482,-0.0021295683866947943,0.0009531353450484099,-0.003344660672579769
movi_c_v14_02,temporal_back,blur,8,0.009382412511747873,0.001595486248320177,0.0035592383710538007,-0.0007385576465743782
movi_c_v14_02,temporal_back,blur,9,0.0063653670624035374,-0.0033894021351930093,0.0005421929217094652,-0.0037556030959187137
movi_c_v14_02,temporal_back,blur,10,0.0072328235301035715,-0.0022945432243973354,0.0014096493894094992,-0.0028881466282186796
movi_c_v14_02,temporal_back,blur,11,0.008165973187628794,0.003299903362458778,0.002342799046934722,-0.0019549969706934567
movi_c_v14_02,temporal_back,blur,12,0.010120970158322251,-0.003141690143506551,0.004297796017628179,0.0
movi_c_v14_02,spatial_block,mean,1,0.0006550540039048647,-0.0032172345645131717,-0.007988265225406743,-0.010189435395422497
movi_c_v14_02,spatial_block,mean,2,0.018667471300320093,0.013173562880699336,0.010024152071008485,0.007822981900992731
movi_c_v14_02,spatial_block,mean,3,0.0388959517126396,0.03473841281297407,0.03025263248332799,0.028051462313312236
movi_c_v14_02,spatial_block,mean,4,0.0029304043695435045,-0.0041679533654354435,-0.005712914859768103,-0.007914085029783857
movi_c_v14_02,spatial_block,mean,5,0.013602573680015162,0.009882577512343485,0.004959254450703554,0.0027580842806878003
movi_c_v14_02,spatial_block,mean,6,0.010327584402154644,-0.0008613335631444761,0.0016842651728430358,-0.000516904997172718
movi_c_v14_02,spatial_block,mean,7,0.004167760411947663,-0.00026417749332300743,-0.004475558817363945,-0.006676728987379699
movi_c_v14_02,spatial_block,mean,8,0.003330129304553897,-0.0005548835341346501,-0.005313189924757711,-0.0075143600947734646
movi_c_v14_02,spatial_block,mean,9,0.0016591835539631061,-0.004580872769576971,-0.006984135675348502,-0.009185305845364256
movi_c_v14_02,spatial_block,mean,10,0.0008392782508613861,-0.00471035049808181,-0.007804040978450222,-0.010005211148465976
movi_c_v14_02,spatial_block,mean,11,0.0028723127675576166,-0.0021472264405475077,-0.005771006461753991,-0.007972176631769745
movi_c_v14_02,spatial_block,mean,12,0.010844489399327362,0.00537695315288204,0.0022011701700157538,0.0
movi_c_v14_02,spatial_block,blur,1,0.0013251380774770283,-0.006904259719249092,-0.007030187335672955,-0.011722292420090819
movi_c_v14_02,spatial_block,blur,2,0.01450181714155252,0.005271315036188939,0.006146491728402537,0.001454386643984673
movi_c_v14_02,spatial_block,blur,3,0.026070037687111913,0.018791040568328476,0.01771471227396193,0.013022607189544066
movi_c_v14_02,spatial_block,blur,4,0.0020593143951477266,-0.008506921100521314,-0.006296011018002257,-0.01098811610242012
movi_c_v14_02,spatial_block,blur,5,0.015083279310469155,0.007984067735170908,0.006727953897319172,0.0020358488129013086
movi_c_v14_02,spatial_block,blur,6,0.008183805150683843,-0.0032209635624136004,-0.0001715202624661405,-0.004863625346884004
movi_c_v14_02,spatial_block,blur,7,0.003242282339580904,-0.004990715623408063,-0.005113043073569079,-0.009805148157986943
movi_c_v14_02,spatial_block,blur,8,0.0036789064282823913,-0.004876295354710495,-0.004676418984867592,-0.009368524069285455
movi_c_v14_02,spatial_block,blur,9,0.0010470595198625032,-0.008496858409150043,-0.00730826589328748,-0.012000370977705344
movi_c_v14_02,spatial_block,blur,10,0.0010006646881235426,-0.007121220651570578,-0.007354660725026441,-0.012046765809444304
movi_c_v14_02,spatial_block,blur,11,0.003184555354886376,-0.004439487300115119,-0.005170770058263607,-0.009862875142681471
movi_c_v14_02,spatial_block,blur,12,0.013047430497567847,0.004758311210074603,0.0046921050844178636,0.0
movi_c_v14_02,spatial_scattered,mean,1,0.010789097813876602,0.006158596308543911,0.006269939227015464,0.007921852843343014
movi_c_v14_02,spatial_scattered,mean,2,0.016086582206124245,0.010234944413277547,0.011567423619263106,0.013219337235590656
movi_c_v14_02,spatial_scattered,mean,3,0.010873936377590154,0.005299022179920769,0.006354777790729016,0.008006691407056565
movi_c_v14_02,spatial_scattered,mean,4,0.0021224959848943348,-0.006227001319348835,-0.0023966626019668036,-0.0007447489856392542
movi_c_v14_02,spatial_scattered,mean,5,0.0014326728719236126,-0.003997367736001345,-0.0030864857149375258,-0.0014345720986099764
movi_c_v14_02,spatial_scattered,mean,6,0.0023540543586924034,-0.0005515834912796316,-0.002165104228168735,-0.0005131906118411855
movi_c_v14_02,spatial_scattered,mean,7,0.0006146411154449583,-0.005498714030989116,-0.00390451747141618,-0.0022526038550886307
movi_c_v14_02,spatial_scattered,mean,8,0.007820728112476916,0.0013904885306118553,0.0033015695256157773,0.004953483141943327
movi_c_v14_02,spatial_scattered,mean,9,0.0032648023049302033,-0.0010971874442606833,-0.001254356281930935,0.00039755733439661434
movi_c_v14_02,spatial_scattered,mean,10,0.00523180076226426,-0.00022155466566897708,0.000712642175403122,0.0023645557917306714
movi_c_v14_02,spatial_scattered,mean,11,0.00021423487523064555,-0.00508799978937106,-0.004304923711630493,-0.0026530100953029434
movi_c_v14_02,spatial_scattered,mean,12,0.002867244970533589,-0.003141822927642794,-0.0016519136163275494,0.0
movi_c_v14_02,spatial_scattered,blur,1,0.01101187172338669,0.0033634458486770935,0.0029903633524779316,0.006201431537204538
movi_c_v14_02,spatial_scattered,blur,2,0.008823055025017013,0.0005524869266816026,0.0008015466541082539,0.00401261483883486
movi_c_v14_02,spatial_scattered,blur,3,0.006466761969134649,-0.0018413673360098137,-0.0015547464017741097,0.0016563217829524968
movi_c_v14_02,spatial_scattered,blur,4,0.0048090733964574195,-0.004436902917637653,-0.003212434974451339,-1.3667897247326977e-06
movi_c_v14_02,spatial_scattered,blur,5,0.004423620342918877,-0.003450807572323633,-0.0035978880279898817,-0.00038681984326327523
movi_c_v14_02,spatial_scattered,blur,6,0.005894576946603891,0.0005489893962666121,-0.0021269314243048676,0.001084136760421739
movi_c_v14_02,spatial_scattered,blur,7,0.0011277507301309386,-0.007477668797202205,-0.00689375764077782,-0.0036826894560512136
movi_c_v14_02,spatial_scattered,blur,8,0.009834729098973094,0.0013104603583881103,0.0018132207280643353,0.005024288912790942
movi_c_v14_02,spatial_scattered,blur,9,0.0030996318260277933,-0.004522133733600664,-0.004921876544880965,-0.0017108083601543589
movi_c_v14_02,spatial_scattered,blur,10,0.009463305588537807,0.0009100212427548184,0.0014417972176290483,0.004652865402355655
movi_c_v14_02,spatial_scattered,blur,11,0.0006285770608376318,-0.007546813563547286,-0.007392931310071127,-0.00418186312534452
movi_c_v14_02,spatial_scattered,blur,12,0.004810440186182152,-0.003550434487205231,-0.0032110681847266065,0.0
movi_c_v14_03,temporal_front,mean,1,0.005908301330443511,0.0015177509474269364,0.003806166703833306,-0.0006848106423775757
movi_c_v14_03,temporal_front,mean,2,0.0079607254103774,0.004448972353444066,0.005858590783767196,0.0013676134375563143
movi_c_v14_03,temporal_front,mean,3,0.005468631620187181,-8.727457308647501e-05,0.0033664969935769764,-0.0011244803526339053
movi_c_v14_03,temporal_front,mean,4,0.0008643092408401332,-0.000688671163819432,-0.0012378253857700714,-0.005728802731980953
movi_c_v14_03,temporal_front,mean,5,0.0025387988416677443,-0.001580195007269321,0.0004366642150575397,-0.004054313131153342
movi_c_v14_03,temporal_front,mean,6,0.003910576960348133,-0.0012134607422966681,0.0018084423337379287,-0.002682535012472953
movi_c_v14_03,temporal_front,mean,7,0.012155463364351915,0.0022171169556104067,0.01005332873774171,0.005562351391530829
movi_c_v14_03,temporal_front,mean,8,0.0022209693982488954,-0.0002160553026534875,0.00011883477163869083,-0.004372142574572191
movi_c_v14_03,temporal_front,mean,9,0.0068851037358169664,0.002726228429881572,0.0047829691092067615,0.00029199176299588014
movi_c_v14_03,temporal_front,mean,10,0.0018064615033374087,-0.0006148258847505916,-0.0002956731232727958,-0.0047866504694836776
movi_c_v14_03,temporal_front,mean,11,0.0054039791613592625,0.001658051207129363,0.003301844534749058,-0.0011891328114618238
movi_c_v14_03,temporal_front,mean,12,0.006593111972821086,4.8291121133507524e-05,0.004490977346210881,0.0
movi_c_v14_03,temporal_front,blur,1,-0.0010234589640757408,0.0006385644481397372,0.000680477404409241,-4.1831683952220367e-05
movi_c_v14_03,temporal_front,blur,2,-0.0015257596485886982,0.0007989362074141138,0.00017817671989628359,-0.0005441323684651778
movi_c_v14_03,temporal_front,blur,3,-0.00037003189076867393,0.0021737464577592145,0.0013339044777163078,0.0006115953893548465
movi_c_v14_03,temporal_front,blur,4,-0.0005502330240741982,-8.51652569625605e-05,0.0011537033444107836,0.00043139425604932224
movi_c_v14_03,temporal_front,blur,5,-0.0015276754767469258,0.0007583818247263916,0.00017626089173805592,-0.0005460481966234054
movi_c_v14_03,temporal_front,blur,6,-0.0026977057851099717,-0.0006208547881161688,-0.00099376941662499,-0.0017160785049864513
movi_c_v14_03,temporal_front,blur,7,-0.00034462060464324207,0.0016117501311305369,0.0013593157638417397,0.0006370066754802783
movi_c_v14_03,temporal_front,blur,8,-0.0008822861384897296,0.0005534751818541499,0.0008216502299952522,9.934114163379082e-05
movi_c_v14_03,temporal_front,blur,9,-0.0014524444360527466,0.00014657711984193233,0.0002514919324322351,-0.00047081715592922624
movi_c_v14_03,temporal_front,blur,10,-0.0009744426360335234,0.0004466894426488066,0.0007294937324514583,7.184644089996972e-06
movi_c_v14_03,temporal_front,blur,11,-0.0009579148230199896,0.0010685318066206242,0.0007460215454649921,2.371245710353076e-05
movi_c_v14_03,temporal_front,blur,12,-0.0009816272801235204,0.0004191489357990481,0.0007223090883614613,0.0
movi_c_v14_03,temporal_middle,mean,1,0.0028417749019385985,-0.0011570815239258332,-0.0004883529245744609,-0.006980084268961351
movi_c_v14_03,temporal_middle,mean,2,0.006612941786338644,-0.0019299483186628885,0.0032828139598255848,-0.003208917384561305
movi_c_v14_03,temporal_middle,mean,3,0.003169015623048166,-0.0014802667122691222,-0.00016111220346489352,-0.006652843547851783
movi_c_v14_03,temporal_middle,mean,4,0.0049057436813458866,-0.002977208614231305,0.0015756158548328272,-0.004916115489554063
movi_c_v14_03,temporal_middle,mean,5,0.00492042674163673,-0.0015759936461981665,0.0015902989151236704,-0.004901432429263219
movi_c_v14_03,temporal_middle,mean,6,0.0039532153524521885,-0.0019546939213988352,0.0006230875259391291,-0.005868643818447761
movi_c_v14_03,temporal_middle,mean,7,0.0025908642692102912,-0.004192134810831212,-0.0007392635573027682,-0.007230994901689658
movi_c_v14_03,temporal_middle,mean,8,0.009598684021807191,0.004662475544739271,0.006268556195294131,-0.00022317514909275804
movi_c_v14_03,temporal_middle,mean,9,0.005581718643948852,0.0013981653245714138,0.0022515908174357926,-0.004240140526951097
movi_c_v14_03,temporal_middle,mean,10,0.0013447295565776063,-0.0021207324899280198,-0.001985398269935453,-0.008477129614322343
movi_c_v14_03,temporal_middle,mean,11,0.007845086486756414,0.0007759984634835666,0.004514958660243354,-0.001976772684143535
movi_c_v14_03,temporal_middle,mean,12,0.00982185917089995,0.0013850457844736264,0.006491731344386889,0.0
movi_c_v14_03,temporal_middle,blur,1,-0.000680626860532163,0.00026251450827937306,-0.00024853853380801816,9.356721171271953e-05
movi_c_v14_03,temporal_middle,blur,2,0.0007656056555396251,0.001716530610688364,0.00119769398226377,0.0015397997277845077
movi_c_v14_03,temporal_middle,blur,3,0.0002357725472439398,0.001369616767186647,0.0006678608739680847,0.0010099666194888224
movi_c_v14_03,temporal_middle,blur,4,-0.0008373676794803941,-7.340922804969596e-05,-0.00040527935275624927,-6.317360723551158e-05
movi_c_v14_03,temporal_middle,blur,5,0.0007055343522337498,0.002346551059303148,0.0011376226789578947,0.0014797284244786324
movi_c_v14_03,temporal_middle,blur,6,-0.0005628885311703691,0.0005432790271608183,-0.0001308002044462242,0.0002113055410745135
movi_c_v14_03,temporal_middle,blur,7,0.00016031302187147212,0.001490341093401996,0.000592401348595617,0.0009345070941163547
movi_c_v14_03,temporal_middle,blur,8,0.00038417641832233507,0.0010292945933983257,0.0008162647450464799,0.0011583704905672176
movi_c_v14_03,temporal_middle,blur,9,-0.0011092061147330856,0.0001074626673429242,-0.0006771177880089407,-0.00033501204248820304
movi_c_v14_03,temporal_middle,blur,10,-0.0016977083098597134,-0.0012015710278212945,-0.0012656199831355686,-0.0009235142376148309
movi_c_v14_03,temporal_middle,blur,11,0.0017384526726278438,0.0031193046809467146,0.0021705409993519886,0.0025126467448727263
movi_c_v14_03,temporal_middle,blur,12,-0.0007741940722448826,0.000196517569242031,-0.0003421057455207377,0.0
movi_c_v14_03,temporal_back,mean,1,0.012470916306370983,0.002922237176282186,0.005795977220413769,0.0016902387469815983
movi_c_v14_03,temporal_back,mean,2,0.015411532205665268,0.006116823355434767,0.008736593119708053,0.004630854646275884
movi_c_v14_03,temporal_back,mean,3,0.021694841213010352,0.011500301000754942,0.015019902127053137,0.010914163653620967
movi_c_v14_03,temporal_back,mean,4,0.014835581635632256,-0.00369542243367001,0.00816064254967504,0.004054904076242871
movi_c_v14_03,temporal_back,mean,5,0.005804409432986102,-0.0016234621909904474,-0.0008705296529711122,-0.004976268126403283
movi_c_v14_03,temporal_back,mean,6,0.016993509605442214,-0.0005707943646513503,0.010318570519485,0.00621283204605283
movi_c_v14_03,temporal_back,mean,7,0.007986560493127293,-0.0031675383645041553,0.0013116214071700787,-0.0027941170662620918
movi_c_v14_03,temporal_back,mean,8,0.0029094180522326596,-0.0007971227645825105,-0.0037655210337245544,-0.007871259507156725
movi_c_v14_03,temporal_back,mean,9,0.006343336219301943,-0.002414299852327809,-0.00033160286665527127,-0.004437341340087442
movi_c_v14_03,temporal_back,mean,10,0.008716151903706781,4.2779963285721756e-05,0.0020412128177495674,-0.002064525655682603
movi_c_v14_03,temporal_back,mean,11,0.007281917592248277,-0.001934125599014699,0.0006069785062910631,-0.0034987599671411074
movi_c_v14_03,temporal_back,mean,12,0.010780677559389384,-0.0031376577256127716,0.0041057384734321705,0.0
movi_c_v14_03,temporal_back,blur,1,0.007766476110421916,0.00041481605565148617,0.003425178959474806,0.001201462172697454
movi_c_v14_03,temporal_back,blur,2,0.00921285961537821,0.0023360401186146573,0.004871562464431101,0.0026478456776537485
movi_c_v14_03,temporal_back,blur,3,0.015731450828911253,0.007836354204464232,0.011390153677964143,0.009166436891186791
movi_c_v14_03,temporal_back,blur,4,0.0069343630067453255,-0.004515406432444191,0.0025930658557982156,0.0003693490690208634
movi_c_v14_03,temporal_back,blur,5,0.004037863818203036,-0.001297649908883332,-0.00030343333274407414,-0.0025271501195214263
movi_c_v14_03,temporal_back,blur,6,0.012401414934211319,0.0018710295135883435,0.008060117783264209,0.005836400996486857
movi_c_v14_03,temporal_back,blur,7,0.0036605510582388145,-0.003922489592823153,-0.0006807460927082953,-0.0029044628794856475
movi_c_v14_03,temporal_back,blur,8,0.0035813253648041554,0.0004130415243465504,-0.0007599717861429545,-0.0029836885729203066
movi_c_v14_03,temporal_back,blur,9,0.00516814573400981,-0.0011641217266121773,0.0008268485830627004,-0.0013968682037146518
movi_c_v14_03,temporal_back,blur,10,0.004179016282609638,-0.0027709767810900248,-0.00016228086833747213,-0.0023859976551148243
movi_c_v14_03,temporal_back,blur,11,0.00485037523900711,-0.002182091547358822,0.0005090780880599999,-0.0017146386987173523
movi_c_v14_03,temporal_back,blur,12,0.006565013937724462,-0.003193857799192271,0.002223716786777352,0.0
movi_c_v14_03,spatial_block,mean,1,0.03901343969032223,0.029013635220963008,0.030552252757844157,0.02856945667227284
movi_c_v14_03,spatial_block,mean,2,0.057314597121410404,0.046226593333598354,0.048853410188932335,0.04687061410336102
movi_c_v14_03,spatial_block,mean,3,0.011651471283999681,0.0023415387989887595,0.0031902843515216137,0.0012074882659502961
movi_c_v14_03,spatial_block,mean,4,0.013738827975089185,-0.004658434187510479,0.005277641042611117,0.0032948449570397997
movi_c_v14_03,spatial_block,mean,5,0.029934098324662317,0.020226397798741545,0.021472911392184248,0.019490115306612932
movi_c_v14_03,spatial_block,mean,6,0.007101802569913995,-0.001524420571097881,-0.0013593843625640725,-0.00334218044813539
movi_c_v14_03,spatial_block,mean,7,0.0033111618538066434,-0.005970923627271807,-0.005150025078671424,-0.007132821164242742
movi_c_v14_03,spatial_block,mean,8,0.004881365971626361,-0.0049968361892369275,-0.0035798209608517064,-0.005562617046423024
movi_c_v14_03,spatial_block,mean,9,0.010519673759400772,-0.0005384276537550772,0.002058486826922704,7.569074135138631e-05
movi_c_v14_03,spatial_block,mean,10,0.0046538694593342145,-0.005402280640595855,-0.0038073174731438533,-0.005790113558715171
movi_c_v14_03,spatial_block,mean,11,0.009591237947067843,0.0003246364194056852,0.0011300510145897755,-0.0008527450709815421
movi_c_v14_03,spatial_block,mean,12,0.010443983018049385,0.001120513754583996,0.0019827960855713176,0.0
movi_c_v14_03,spatial_block,blur,1,0.016187634387071936,0.010105545289955147,0.009501701583589983,0.012298428273735063
movi_c_v14_03,spatial_block,blur,2,0.029701675529465676,0.02358419187981453,0.023015742725983723,0.025812469416128803
movi_c_v14_03,spatial_block,blur,3,0.008904490538232945,0.0032502115613499694,0.002218557734750992,0.0050152844248960715
movi_c_v14_03,spatial_block,blur,4,0.006758063119986613,-0.00433887642013886,7.21303165046594e-05,0.0028688570066497388
movi_c_v14_03,spatial_block,blur,5,0.019544494530540524,0.013385543319956266,0.01285856172705857,0.01565528841720365
movi_c_v14_03,spatial_block,blur,6,0.005375589163962191,-0.00016733780053190817,-0.001310343639519762,0.0014863830506253173
movi_c_v14_03,spatial_block,blur,7,0.0007709645460937109,-0.004842458800613699,-0.005914968257388242,-0.003118241567243163
movi_c_v14_03,spatial_block,blur,8,0.0035947772028637193,-0.0019880025362111935,-0.003091155600618234,-0.00029442891047315456
movi_c_v14_03,spatial_block,blur,9,0.008671671420112492,0.0025000199590009915,0.001985738616630539,0.004782465306775618
movi_c_v14_03,spatial_block,blur,10,0.004081628011718408,-0.0017600898327152876,-0.0026043047917635453,0.000192421898381534
movi_c_v14_03,spatial_block,blur,11,0.008564174457561968,0.0027885933078195535,0.001878241654080015,0.0046749683442250944
movi_c_v14_03,spatial_block,blur,12,0.003889206113336874,-0.0016247115380583948,-0.0027967266901450794,0.0
movi_c_v14_03,spatial_scattered,mean,1,0.01291061174175634,0.006307965585854262,0.00592317020737639,0.010899983124069812
movi_c_v14_03,spatial_scattered,mean,2,0.01327375607267045,0.006552216291548119,0.006286314538290501,0.011263127454983923
movi_c_v14_03,spatial_scattered,mean,3,0.014798869427854244,0.007792727692913133,0.007811427893474295,0.012788240810167717
movi_c_v14_03,spatial_scattered,mean,4,0.004467134120529348,-0.002180854968421057,-0.0025203074138506016,0.0024565055028428207
movi_c_v14_03,spatial_scattered,mean,5,0.007603279272441976,0.0010981053291421556,0.0006158377380620266,0.005592650654755449
movi_c_v14_03,spatial_scattered,mean,6,0.003699156362920397,-0.002414398930786728,-0.0032882851714595525,0.0016885277452338698
movi_c_v14_03,spatial_scattered,mean,7,0.002311774509061393,-0.004454630357842067,-0.004675667025318557,0.00030114589137486547
movi_c_v14_03,spatial_scattered,mean,8,0.008176618844949801,0.0020962795282611175,0.0011891773105698515,0.006165990227263274
movi_c_v14_03,spatial_scattered,mean,9,0.007106284962316356,0.00043514857954370535,0.00011884342793640635,0.005095656344629829
movi_c_v14_03,spatial_scattered,mean,10,0.008953234116191422,0.0019182681787214273,0.0019657925818114723,0.006942605498504895
movi_c_v14_03,spatial_scattered,mean,11,0.0013447784075395486,-0.005058706857615595,-0.005642663126840401,-0.0006658502101469788
movi_c_v14_03,spatial_scattered,mean,12,0.0020106286176865273,-0.003868889694633208,-0.004976812916693422,0.0
movi_c_v14_03,spatial_scattered,blur,1,0.009476388256961621,0.004611313091272902,0.004355447804579045,0.008671124058640123
movi_c_v14_03,spatial_scattered,blur,2,0.009818731202987707,0.0054034075169994145,0.004697790750605131,0.009013467004666209
movi_c_v14_03,spatial_scattered,blur,3,0.010298511504503782,0.005353114852893211,0.005177571052121206,0.009493247306182284
movi_c_v14_03,spatial_scattered,blur,4,0.0013024425766048342,-0.003449766489420562,-0.0038184978757777417,0.0004971783782833361
movi_c_v14_03,spatial_scattered,blur,5,0.005922288179383783,0.001467333503088919,0.0008013477270012075,0.005117023981062285
movi_c_v14_03,spatial_scattered,blur,6,0.0035030863159238868,-0.0009918249842741922,-0.0016178541364586891,0.0026978221176023887
movi_c_v14_03,spatial_scattered,blur,7,0.0019716882614972953,-0.002665550311096869,-0.0031492521908852806,0.0011664240631757972
movi_c_v14_03,spatial_scattered,blur,8,0.007104842058896499,0.0028186526612534735,0.001983901606513923,0.006299577860575001
movi_c_v14_03,spatial_scattered,blur,9,0.004792234872601386,-0.00015979516109935598,-0.0003287055797811895,0.003986970674279888
movi_c_v14_03,spatial_scattered,blur,10,0.0048719671961341415,0.0002127488346688189,-0.00024897325624843435,0.0040667029978126434
movi_c_v14_03,spatial_scattered,blur,11,0.0010045204400856989,-0.0034985389688148016,-0.004116420012296877,0.00019925624176420076
movi_c_v14_03,spatial_scattered,blur,12,0.0008052641983214981,-0.003519281903285469,-0.004315676254061078,0.0
movi_c_v15_00,temporal_front,mean,1,0.025861796987645125,0.017010899282576965,0.01946337414524864,0.018415136407498922
movi_c_v15_00,temporal_front,mean,2,0.0069172254738520955,0.0005269513070277343,0.0005188026314556131,-0.0005294351062941072
movi_c_v15_00,temporal_front,mean,3,0.016909135938199316,0.006416067959214048,0.010510713095802832,0.009462475358053113
movi_c_v15_00,temporal_front,mean,4,0.02460483880085218,0.01381366705016355,0.018206415958455697,0.017158178220705977
movi_c_v15_00,temporal_front,mean,5,0.024499448813624314,0.016040576179204104,0.01810102597122783,0.01705278823347811
movi_c_v15_00,temporal_front,mean,6,0.01386636327441959,0.0075765510701815515,0.007467940432023108,0.006419702694273388
movi_c_v15_00,temporal_front,mean,7,0.0063655585135511394,-0.00381492278333484,-3.2864328845342954e-05,-0.0010811020665950632
movi_c_v15_00,temporal_front,mean,8,0.0159366747982157,0.009664236775032253,0.009538251955819217,0.008490014218069497
movi_c_v15_00,temporal_front,mean,9,0.0047749943002557416,-0.0021668345863234224,-0.0016234285421407408,-0.002671666279890461
movi_c_v15_00,temporal_front,mean,10,0.004422317404875864,-0.0005263822617011709,-0.0019761054375206184,-0.0030243431752703387
movi_c_v15_00,temporal_front,mean,11,0.0018166814538824738,-0.004054140347263406,-0.004581741388514009,-0.005629979126263729
movi_c_v15_00,temporal_front,mean,12,0.007446660580146203,-0.0021924408051957247,0.0010482377377497203,0.0
movi_c_v15_00,temporal_front,blur,1,0.011152440908134054,0.007276901824192383,0.009828106311622675,0.007915994020839312
movi_c_v15_00,temporal_front,blur,2,0.005463933127943799,0.0029389277901135102,0.00413959853143242,0.002227486240649057
movi_c_v15_00,temporal_front,blur,3,0.009625413607281974,0.004745378483815177,0.008301079010770596,0.006388966719987232
movi_c_v15_00,temporal_front,blur,4,0.008964943221706267,0.004374513132110088,0.007640608625194889,0.005728496334411526
movi_c_v15_00,temporal_front,blur,5,0.012004968780129355,0.008838735529275906,0.010680634183617976,0.008768521892834613
movi_c_v15_00,temporal_front,blur,6,0.006922702873140452,0.005152959034491718,0.005598368276629073,0.00368625598584571
movi_c_v15_00,temporal_front,blur,7,0.0009077347810819703,-0.003113212960531464,-0.00041659981542940816,-0.0023287121062127714
movi_c_v15_00,temporal_front,blur,8,0.007938106578204485,0.005350265858116857,0.006613771981693106,0.004701659690909743
movi_c_v15_00,temporal_front,blur,9,0.0019419286367901023,-0.0004551930567532705,0.0006175940402787239,-0.0012945182505046393
movi_c_v15_00,temporal_front,blur,10,0.0022917856178306106,0.0006610333290659742,0.0009674510213192322,-0.000944661269464131
movi_c_v15_00,temporal_front,blur,11,0.0005028177493253683,-0.0015504403544041034,-0.0008215168471860101,-0.0027336291379693733
movi_c_v15_00,temporal_front,blur,12,0.0032364468872947416,-0.0003030046105765294,0.0019121122907833632,0.0
movi_c_v15_00,temporal_middle,mean,1,0.008759492833524618,-0.0009069757846700277,-0.000737518805477122,-0.005747555611730237
movi_c_v15_00,temporal_middle,mean,2,0.01627538181406607,0.005976987645247012,0.00677837017506433,0.0017683333688112146
movi_c_v15_00,temporal_middle,mean,3,0.012416399394690303,0.002193146535125182,0.002919387755688563,-0.0020906490505645525
movi_c_v15_00,temporal_middle,mean,4,0.005819949218872189,-0.0010712615366134104,-0.003677062420129551,-0.008687099226382666
movi_c_v15_00,temporal_middle,mean,5,0.011525938945420422,6.725650087117431e-05,0.002028927306418682,-0.0029811094998344334
movi_c_v15_00,temporal_middle,mean,6,0.012931261669697158,0.0024506471734175115,0.0034342500306954182,-0.001575786775557697
movi_c_v15_00,temporal_middle,mean,7,0.0069105423733398785,-0.0021201219618184695,-0.0025864692656618615,-0.007596506071914977
movi_c_v15_00,temporal_middle,mean,8,0.012416280318720108,0.0036145514428306633,0.0029192686797183676,-0.0020907681265347478
movi_c_v15_00,temporal_middle,mean,9,0.010660918966238886,0.0029586150926286985,0.0011639073272371459,-0.0038461294790159695
movi_c_v15_00,temporal_middle,mean,10,0.007923357420688282,0.001290745544249054,-0.0015736542183134583,-0.006583691024566574
movi_c_v15_00,temporal_middle,mean,11,0.010940182298816992,0.0010565818500923117,0.0014431706598152516,-0.0035668661464378637
movi_c_v15_00,temporal_middle,mean,12,0.014507048445254855,2.183759542343823e-05,0.005010036806253115,0.0
movi_c_v15_00,temporal_middle,blur,1,0.004436004090733636,-6.734609174581952e-05,0.00027470062658885297,0.0030728083594202538
movi_c_v15_00,temporal_middle,blur,2,0.009899877897352027,0.005598166515823788,0.005738574433207244,0.008536682166038645
movi_c_v15_00,temporal_middle,blur,3,0.010834962556827588,0.00671924364557186,0.006673659092682804,0.009471766825514205
movi_c_v15_00,temporal_middle,blur,4,0.0017424474822516078,-0.0005432636492536855,-0.0024188559818931754,0.0003792517509382254
movi_c_v15_00,temporal_middle,blur,5,0.006960138584654718,0.0029844777997705867,0.002798835120509935,0.005596942853341336
movi_c_v15_00,temporal_middle,blur,6,0.00863070554154699,0.002562389992327126,0.004469402077402207,0.007267509810233608
movi_c_v15_00,temporal_middle,blur,7,0.0031050443776403647,-0.0008176583418719741,-0.0010562590865044186,0.0017418486463269822
movi_c_v15_00,temporal_middle,blur,8,0.007719812099948431,0.004425973551546281,0.0035585086358036477,0.0063566163686350485
movi_c_v15_00,temporal_middle,blur,9,0.006095868606079136,0.002744112995989645,0.0019345651419343524,0.004732672874765753
movi_c_v15_00,temporal_middle,blur,10,0.004406170440715229,0.0020881679472733636,0.00024486697657044587,0.0030429747094018467
movi_c_v15_00,temporal_middle,blur,11,0.0019244455966800356,-0.002422845718695073,-0.0022368578674647477,0.0005612498653666531
movi_c_v15_00,temporal_middle,blur,12,0.0013631957313133825,-0.004148913072849036,-0.002798107732831401,0.0
movi_c_v15_00,temporal_back,mean,1,0.00935005406047118,-0.002215864652134414,-0.002268973480255121,0.0013603377972613018
movi_c_v15_00,temporal_back,mean,2,0.008844698245735083,-0.0006192074355158006,-0.002774329294991218,0.0008549819825252047
movi_c_v15_00,temporal_back,mean,3,0.024931419931777832,0.011713826965286925,0.01331239239105153,0.016941703668567953
movi_c_v15_00,temporal_back,mean,4,0.01454682967041021,-0.009184716574502077,0.0029278021296839096,0.006557113407200332
movi_c_v15_00,temporal_back,mean,5,0.006412220399155788,-0.003936369029242029,-0.005206807141570513,-0.0015774958640540904
movi_c_v15_00,temporal_back,mean,6,0.022925410237585542,0.0016198895672896833,0.01130638269685924,0.014935693974375663
movi_c_v15_00,temporal_back,mean,7,0.005479339827486274,-0.00364586922912106,-0.006139687713240027,-0.0025103764357236047
movi_c_v15_00,temporal_back,mean,8,0.009237761900013575,-0.0013293182662179603,-0.0023812656407127264,0.0012480456368036963
movi_c_v15_00,temporal_back,mean,9,0.008142455157411299,-0.0062310954250965524,-0.003476572383315002,0.00015273889420142073
movi_c_v15_00,temporal_back,mean,10,0.020506765321275044,0.004837550731699041,0.008887737780548743,0.012517049058065166
movi_c_v15_00,temporal_back,mean,11,0.013883661557307136,0.004459353565103222,0.0022646340165808354,0.005893945294097258
movi_c_v15_00,temporal_back,mean,12,0.007989716263209878,-0.01083337564137606,-0.0036293112775164227,0.0
movi_c_v15_00,temporal_back,blur,1,0.006044793389590297,-0.004493990857452982,-0.003453743715670421,0.0002673919260174351
movi_c_v15_00,temporal_back,blur,2,0.005551373509868118,-0.003805896427263736,-0.0039471635953926,-0.00022602795370474382
movi_c_v15_00,temporal_back,blur,3,0.024621711926131717,0.012973342434701274,0.015123174820871,0.018844310462558855
movi_c_v15_00,temporal_back,blur,4,0.0065205808426334055,-0.00913492050934676,-0.0029779562626273126,0.0007431793790605434
movi_c_v15_00,temporal_back,blur,5,0.005013238945204668,-0.004525210163299912,-0.00448529816005605,-0.0007641625183681944
movi_c_v15_00,temporal_back,blur,6,0.014528804168216669,-0.0015342647468399306,0.005030267062955951,0.008751402704643807
movi_c_v15_00,temporal_back,blur,7,0.003126494333937968,-0.005752890910017294,-0.00637204277132275,-0.002650907129634894
movi_c_v15_00,temporal_back,blur,8,0.008647224637807649,-0.0010380664627035099,-0.0008513124674530692,0.002869823174234787
movi_c_v15_00,temporal_back,blur,9,0.004913020361706932,-0.007095205385040345,-0.004585516743553786,-0.0008643811018659298
movi_c_v15_00,temporal_back,blur,10,0.017594949244101765,0.0048540134155175,0.008096412138841047,0.011817547780528903
movi_c_v15_00,temporal_back,blur,11,0.012396278273409944,0.0030739556613464582,0.002897741168149226,0.006618876809837082
movi_c_v15_00,temporal_back,blur,12,0.005777401463572862,-0.009110506763044294,-0.003721135641687856,0.0
movi_c_v15_00,spatial_block,mean,1,0.027979686982773533,0.023346512201513143,0.02238757742511943,0.017077553434787673
movi_c_v15_00,spatial_block,mean,2,0.010717416055786355,0.008169770918689015,0.005125306498132254,-0.00018471749219950429
movi_c_v15_00,spatial_block,mean,3,0.003186552735515158,-0.0004838482042356742,-0.0024055568221389434,-0.0077155808124707015
movi_c_v15_00,spatial_block,mean,4,0.0009717233132517933,-0.014987760621311758,-0.004620386244402308,-0.009930410234734066
movi_c_v15_00,spatial_block,mean,5,0.055280160159095315,0.05188733220134537,0.049688050601441214,0.044378026611109456
movi_c_v15_00,spatial_block,mean,6,0.015777986803931054,0.006777715612903079,0.010185877246276953,0.004875853255945195
movi_c_v15_00,spatial_block,mean,7,0.0003637119391495247,-0.006044675097898004,-0.005228397618504577,-0.010538421608836335
movi_c_v15_00,spatial_block,mean,8,0.00940887085338682,0.006409630819736778,0.003816761295732718,-0.0014932626945990402
movi_c_v15_00,spatial_block,mean,9,0.011143698936806667,0.003806044625857541,0.005551589379152566,0.00024156538882080802
movi_c_v15_00,spatial_block,mean,10,-0.00023554158638072753,-0.0056613997326591115,-0.005827651144034829,-0.011137675134366587
movi_c_v15_00,spatial_block,mean,11,0.013912251734923275,0.006454446391101154,0.008320142177269174,0.003010118186937416
movi_c_v15_00,spatial_block,mean,12,0.01090213354798586,0.0032686703642140396,0.005310023990331758,0.0
movi_c_v15_00,spatial_block,blur,1,0.01803291624460235,0.009968044296075784,0.008945048146684176,0.004235479675895326
movi_c_v15_00,spatial_block,blur,2,0.011410414750158138,0.004579740499679612,0.002322546652239965,-0.0023870218185488845
movi_c_v15_00,spatial_block,blur,3,0.008181034720991076,0.0005936176451141195,-0.0009068333769270964,-0.005616401847715946
movi_c_v15_00,spatial_block,blur,4,0.0023990699915504843,-0.014484153455321131,-0.006688798106367688,-0.011398366577156538
movi_c_v15_00,spatial_block,blur,5,0.03671310459275956,0.02856755007773063,0.027625236494841388,0.022915668024052538
movi_c_v15_00,spatial_block,blur,6,0.015274094792866233,0.004908804286441729,0.0061862266949480604,0.0014766582241592108
movi_c_v15_00,spatial_block,blur,7,0.003077999160485123,-0.007196400150164392,-0.006009868937433049,-0.010719437408221899
movi_c_v15_00,spatial_block,blur,8,0.011402657963983098,0.004118415561531068,0.0023147898660649258,-0.002394778604723924
movi_c_v15_00,spatial_block,blur,9,0.012125357463185549,0.0023389434104254345,0.0030374893652673762,-0.0016720791055214734
movi_c_v15_00,spatial_block,blur,10,0.004640820731370177,-0.0037934443991427536,-0.004447047366547996,-0.009156615837336846
movi_c_v15_00,spatial_block,blur,11,0.015472735362523804,0.004993825961289722,0.0063848672646056315,0.0016752987938167818
movi_c_v15_00,spatial_block,blur,12,0.013797436568707022,0.004204546455839675,0.00470956847078885,0.0
movi_c_v15_00,spatial_scattered,mean,1,0.01211028470746478,0.0011863414003683657,0.0008576927477019769,-0.0008558057212585402
movi_c_v15_00,spatial_scattered,mean,2,0.010189878221651183,-0.001503093559543922,-0.0010627137381116203,-0.0027762122070721373
movi_c_v15_00,spatial_scattered,mean,3,0.028892985058848963,0.017452666496893733,0.01764039309908616,0.015926894630125643
movi_c_v15_00,spatial_scattered,mean,4,0.010211105691723343,-0.0032950326750908667,-0.0010414862680394599,-0.002754984736999977
movi_c_v15_00,spatial_scattered,mean,5,0.014988129785029392,0.002669704699045483,0.0037355378252665883,0.0020220393563060712
movi_c_v15_00,spatial_scattered,mean,6,0.009627077090027192,-0.0030030723283213465,-0.0016255148697356114,-0.0033390133386961285
movi_c_v15_00,spatial_scattered,mean,7,0.00554230614009632,-0.005375276192238135,-0.005710285819666483,-0.007423784288627
movi_c_v15_00,spatial_scattered,mean,8,0.02418921906609206,0.011627441611500533,0.012936627106329257,0.01122312863736874
movi_c_v15_00,spatial_scattered,mean,9,0.010080856059331067,-0.002120095794010032,-0.0011717359004317363,-0.0028852343693922533
movi_c_v15_00,spatial_scattered,mean,10,0.015940009311731007,0.003409415262067025,0.004687417351968204,0.002973918883007687
movi_c_v15_00,spatial_scattered,mean,11,0.003035199727539961,-0.008994973896555791,-0.008217392232222842,-0.00993089070118336
movi_c_v15_00,spatial_scattered,mean,12,0.01296609042872332,0.0011404004953255633,0.001713498468960517,0.0
movi_c_v15_00,spatial_scattered,blur,1,0.007658079277157781,0.00029973762016495976,0.0014357194856012096,-0.0017806926402103018
movi_c_v15_00,spatial_scattered,blur,2,0.006467790904656989,-0.0012516002011706178,0.00024543111310041787,-0.0029709810127110936
movi_c_v15_00,spatial_scattered,blur,3,0.01825124188743399,0.010901816219674825,0.012028882095877418,0.008812469970065906
movi_c_v15_00,spatial_scattered,blur,4,0.002681310054405417,-0.005451030506971896,-0.0035410497371511545,-0.006757461862962666
movi_c_v15_00,spatial_scattered,blur,5,0.008867747387813485,0.001435537055411551,0.0026453875962569135,-0.0005710245295545979
movi_c_v15_00,spatial_scattered,blur,6,0.00494032100217201,-0.0022777533288724046,-0.0012820387893845613,-0.004498450915196073
movi_c_v15_00,spatial_scattered,blur,7,0.0019125277228447812,-0.0052624832833083985,-0.00430983206871179,-0.007526244194523302
movi_c_v15_00,spatial_scattered,blur,8,0.016129617711114652,0.008298353768564989,0.009907257919558082,0.006690845793746569
movi_c_v15_00,spatial_scattered,blur,9,0.006121678448190893,-0.0007869209562757868,-0.0001006813433656788,-0.0033170934691771903
movi_c_v15_00,spatial_scattered,blur,10,0.011188970533087983,0.0037168154466286074,0.004966610741531412,0.0017501986157199
movi_c_v15_00,spatial_scattered,blur,11,0.00039345013275216,-0.007080537333600219,-0.005828909658804411,-0.009045321784615923
movi_c_v15_00,spatial_scattered,blur,12,0.009438771917368083,0.0019462264559848563,0.0032164121258115115,0.0
movi_c_v15_01,temporal_front,mean,1,0.02489873523811348,0.01299639806306981,0.017080283254384453,-0.0001258258015416347
movi_c_v15_01,temporal_front,mean,2,0.015871713629189488,0.008276154304251066,0.00805326164546046,-0.009152847410465625
movi_c_v15_01,temporal_front,mean,3,0.014548238632952515,0.0052270555013053475,0.006729786649223487,-0.010476322406702598
movi_c_v15_01,temporal_front,mean,4,6.004120315861172e-05,-0.0004993442673203082,-0.007758410780570416,-0.0249645198364965
movi_c_v15_01,temporal_front,mean,5,0.003743159493712067,-0.007592200569625618,-0.0040752924900169605,-0.021281401545943046
movi_c_v15_01,temporal_front,mean,6,0.014910775976925139,0.005086116127424489,0.0070923239931961115,-0.010113785062729974
movi_c_v15_01,temporal_front,mean,7,0.020796596395175282,0.005629700239053107,0.012978144411446254,-0.004227964644479831
movi_c_v15_01,temporal_front,mean,8,0.003779585157030807,-0.001711242040200271,-0.004038866826698221,-0.021244975882624306
movi_c_v15_01,temporal_front,mean,9,0.018977297387425818,0.006811707095205141,0.01115884540369679,-0.0060472636522292955
movi_c_v15_01,temporal_front,mean,10,0.0018573426452929143,-0.005146257485251697,-0.005961109338436113,-0.0231672183943622
movi_c_v15_01,temporal_front,mean,11,0.018009510846725307,0.0072416780864401255,0.01019105886299628,-0.007015050192929806
movi_c_v15_01,temporal_front,mean,12,0.025024561039655113,0.012019196932126386,0.017206109055926087,0.0
movi_c_v15_01,temporal_front,blur,1,0.008354829229206828,0.005699532731803606,0.0062227108553637445,0.000580001975411859
movi_c_v15_01,temporal_front,blur,2,0.004621140747352759,0.0020787899485545194,0.002489022373509675,-0.0031536865064422104
movi_c_v15_01,temporal_front,blur,3,0.005121491511802079,0.0015099965850336274,0.002989373137958995,-0.0026533357419928905
movi_c_v15_01,temporal_front,blur,4,-0.0009591622756571772,-0.00021951609310758935,-0.003091280649500261,-0.008733989529452146
movi_c_v15_01,temporal_front,blur,5,0.0023911322151952685,-0.0009717762726609478,0.00025901384135218475,-0.005383695038599701
movi_c_v15_01,temporal_front,blur,6,0.004163007346702274,0.0007980169483433977,0.0020308889728591906,-0.003611819907092695
movi_c_v15_01,temporal_front,blur,7,0.007592626240590428,0.0021501062701246854,0.005460507866747344,-0.00018220101320454152
movi_c_v15_01,temporal_front,blur,8,0.001461169737639878,-3.15275740958576e-05,-0.0006709486362032058,-0.006313657516155091
movi_c_v15_01,temporal_front,blur,9,0.004566179958370498,0.00031598539093032497,0.002434061584527414,-0.0032086472954244716
movi_c_v15_01,temporal_front,blur,10,0.0005311321568211014,-0.0022832175882571506,-0.0016009862170219824,-0.007243695096973868
movi_c_v15_01,temporal_front,blur,11,0.003343222952508551,-0.0005236129695583847,0.0012111045786654673,-0.004431604301286418
movi_c_v15_01,temporal_front,blur,12,0.007774827253794969,0.0029780265814091473,0.005642708879951885,0.0
movi_c_v15_01,temporal_middle,mean,1,0.0037641312703921015,-0.0017149077753850035,-0.0012704989269122224,-0.005680070998501985
movi_c_v15_01,temporal_middle,mean,2,0.0151742602012932,0.009315262617178188,0.010139630003988875,0.005730057932399113
movi_c_v15_01,temporal_middle,mean,3,0.00770965259063372,0.002276028248238286,0.002675022393329396,-0.0017345496782603664
movi_c_v15_01,temporal_middle,mean,4,0.006939649088723798,4.3186027392801314e-05,0.0019050188914194743,-0.002504553180170288
movi_c_v15_01,temporal_middle,mean,5,0.00309924925567695,-0.002983966302134415,-0.0019353809416273737,-0.006344953013217136
movi_c_v15_01,temporal_middle,mean,6,0.00768707140315561,0.003663651840677333,0.002652441205851286,-0.0017571308657384765
movi_c_v15_01,temporal_middle,mean,7,0.0018689291630338278,-0.004117390518505977,-0.003165701034270496,-0.0075752731058602585
movi_c_v15_01,temporal_middle,mean,8,0.007200002394580962,0.0015338586563643508,0.002165372197276638,-0.002244199874313124
movi_c_v15_01,temporal_middle,mean,9,0.0017983125298801639,-0.00333593405584028,-0.00323631766742416,-0.0076458897390139224
movi_c_v15_01,temporal_middle,mean,10,0.0017441926609258473,-0.0032436046401129737,-0.0032904375363784766,-0.007700009607968239
movi_c_v15_01,temporal_middle,mean,11,0.005316159695479161,-4.707195374028129e-05,0.0002815294981748373,-0.004128042573414925
movi_c_v15_01,temporal_middle,mean,12,0.009444202268894086,0.0031069779475600967,0.004409572071589762,0.0
movi_c_v15_01,temporal_middle,blur,1,0.0017249335077926808,-0.0011845718751229604,-0.0009476275328250683,-0.0017018125250300997
movi_c_v15_01,temporal_middle,blur,2,0.008260342189665537,0.0059527707266425756,0.005587781149047788,0.0048335961568427566
movi_c_v15_01,temporal_middle,blur,3,0.006687794775440459,0.0045888251435436764,0.00401523373482271,0.003261048742617678
movi_c_v15_01,temporal_middle,blur,4,0.002414394431021316,-0.0004098237006789538,-0.000258166609596433,-0.0010123516018014644
movi_c_v15_01,temporal_middle,blur,5,0.0016824783302924473,-0.0011050915941973236,-0.0009900827103253018,-0.0017442677025303333
movi_c_v15_01,temporal_middle,blur,6,0.0038944217216685395,0.002158496212108174,0.0012218606810507904,0.00046767568884575894
movi_c_v15_01,temporal_middle,blur,7,0.0006509173483393305,-0.0024045533823853216,-0.0020216436922784187,-0.00277582868448345
movi_c_v15_01,temporal_middle,blur,8,0.003674739560590501,0.0016072197382610196,0.0010021785199727518,0.0002479935277677203
movi_c_v15_01,temporal_middle,blur,9,0.00043930083330223635,-0.002283715618596749,-0.0022332602073155128,-0.002987445199520544
movi_c_v15_01,temporal_middle,blur,10,0.0005340784660650133,-0.0012627907862454342,-0.002138482574552736,-0.0028926675667577673
movi_c_v15_01,temporal_middle,blur,11,0.0028795365155315222,0.000603891648347362,0.0002069754749137731,-0.0005472095172912583
movi_c_v15_01,temporal_middle,blur,12,0.0034267460328227806,-0.00012047864121367269,0.0007541849922050314,0.0
movi_c_v15_01,temporal_back,mean,1,0.018291549673560947,0.003957625089265634,0.008356290162967425,0.007719501052194211
movi_c_v15_01,temporal_back,mean,2,0.017493201653046908,0.00691536433122312,0.007557942142453386,0.006921153031680172
movi_c_v15_01,temporal_back,mean,3,0.023681008704505513,0.013226439561535538,0.01374574919391199,0.013108960083138776
movi_c_v15_01,temporal_back,mean,4,0.015077617014937927,0.0038904008726382555,0.005142357504344405,0.004505568393571191
movi_c_v15_01,temporal_back,mean,5,0.00916699034739199,-0.002306341098671524,-0.0007682691632015324,-0.0014050582739747464
movi_c_v15_01,temporal_back,mean,6,0.01662019469184961,-0.005525750752468972,0.006684935181256088,0.006048146070482874
movi_c_v15_01,temporal_back,mean,7,0.005830209608731485,-0.008012448108440226,-0.004105049901862038,-0.004741839012635252
movi_c_v15_01,temporal_back,mean,8,0.011322916796553395,0.0015077412454833992,0.0013876572859598726,0.0007508681751866586
movi_c_v15_01,temporal_back,mean,9,0.004366932857265193,-0.0055331786032800645,-0.005568326653328329,-0.006205115764101543
movi_c_v15_01,temporal_back,mean,10,0.005183075880199173,-0.004201317049809897,-0.00475218363039435,-0.005388972741167564
movi_c_v15_01,temporal_back,mean,11,0.011984131445460733,0.0014193946206764174,0.0020488719348672104,0.0014120828240939964
movi_c_v15_01,temporal_back,mean,12,0.010572048621366736,-2.1273323465385158e-06,0.000636789110773214,0.0
movi_c_v15_01,temporal_back,blur,1,0.012490821726249268,0.0029783876844693778,0.006936640808229644,0.006504592257157271
movi_c_v15_01,temporal_back,blur,2,0.01377032662862998,0.005514677906106602,0.008216145710610356,0.007784097159537984
movi_c_v15_01,temporal_back,blur,3,0.021171751329152277,0.012972081431747181,0.015617570411132653,0.01518552186006028
movi_c_v15_01,temporal_back,blur,4,0.009360349188737072,0.0008259759622355114,0.003806168270717447,0.0033741197196450745
movi_c_v15_01,temporal_back,blur,5,0.005600488964707884,-0.0033008241736538855,4.6308046688259275e-05,-0.00038574050438411334
movi_c_v15_01,temporal_back,blur,6,0.011212985465613778,-0.002271876605358991,0.005658804547594154,0.005226755996521781
movi_c_v15_01,temporal_back,blur,7,0.0036968168583324523,-0.005651726112994804,-0.0018573640596871721,-0.0022894126107595447
movi_c_v15_01,temporal_back,blur,8,0.005683193800609887,-0.001935594157559395,0.00012901288259026256,-0.00030303566848211005
movi_c_v15_01,temporal_back,blur,9,0.0029890041888163132,-0.0034848156314087513,-0.002565176729203311,-0.002997225280275684
movi_c_v15_01,temporal_back,blur,10,0.003120889937949345,-0.003830887637840563,-0.0024332909800702796,-0.002865339531142652
movi_c_v15_01,temporal_back,blur,11,0.007799452207874147,0.0002420327473796986,0.0022452712898545224,0.0018132227387821498
movi_c_v15_01,temporal_back,blur,12,0.005986229469091997,-0.0008604135556205721,0.0004320485510723726,0.0
movi_c_v15_01,spatial_block,mean,1,0.009707528139433763,-0.0006849637813677312,0.0010692993181766006,-0.006749603756726841
movi_c_v15_01,spatial_block,mean,2,0.006020335146373346,-0.0051196481382016126,-0.002617893674883817,-0.010436796749787258
movi_c_v15_01,spatial_block,mean,3,0.019320350572143874,0.01275469226794575,0.010682121750886711,0.00286321867598327
movi_c_v15_01,spatial_block,mean,4,0.012773475284791558,-0.00038141407038191043,0.004135246463534395,-0.003683656611369046
movi_c_v15_01,spatial_block,mean,5,0.025638167894641795,0.013373187813599677,0.01699993907338463,0.00918103599848119
movi_c_v15_01,spatial_block,mean,6,0.0042604520386611,-0.002244578828261494,-0.0043777767825960625,-0.012196679857499504
movi_c_v15_01,spatial_block,mean,7,0.004469406867657177,-0.007284904873572215,-0.004168821953599985,-0.011987725028503426
movi_c_v15_01,spatial_block,mean,8,0.008123732449039078,0.0006863793843011239,-0.0005144963722180842,-0.008333399447121526
movi_c_v15_01,spatial_block,mean,9,0.014356230336743048,0.0014974989711847853,0.005718001515485885,-0.002100901559417556
movi_c_v15_01,spatial_block,mean,10,0.011083189714542474,0.0008349040296512875,0.0024449608932853115,-0.00537394218161813
movi_c_v15_01,spatial_block,mean,11,0.0045089010593025725,-0.006678566891744472,-0.00412932776195459,-0.011948230836858031
movi_c_v15_01,spatial_block,mean,12,0.016457131896160604,0.004443330698959932,0.007818903074903441,0.0
movi_c_v15_01,spatial_block,blur,1,0.010551955074820651,-0.0007369144186923915,0.0008436233601178209,-0.004887457526911221
movi_c_v15_01,spatial_block,blur,2,0.004707644552981782,-0.007209828836925336,-0.005000687161721048,-0.01073176804875009
movi_c_v15_01,spatial_block,blur,3,0.025016801937564503,0.016204653181293792,0.015308470222861673,0.009577389335832631
movi_c_v15_01,spatial_block,blur,4,0.010217161132934582,-0.002408318246052624,0.0005088294182317519,-0.00522225146879729
movi_c_v15_01,spatial_block,blur,5,0.029064139257600985,0.017134573433721635,0.019355807542898153,0.013624726655869113
movi_c_v15_01,spatial_block,blur,6,0.009284692597616107,0.0003689302842341622,-0.00042363911708672396,-0.006154720004115766
movi_c_v15_01,spatial_block,blur,7,0.004849692579009579,-0.0068614733484851555,-0.0048586391356932514,-0.010589720022722293
movi_c_v15_01,spatial_block,blur,8,0.00385039630286399,-0.005652573825658314,-0.005857935411838841,-0.011589016298867882
movi_c_v15_01,spatial_block,blur,9,0.014390534580449477,0.0010000726635907755,0.004682202865746646,-0.0010488780212823956
movi_c_v15_01,spatial_block,blur,10,0.011710907504957069,0.0007392991040271468,0.0020025757902542383,-0.0037285050967748035
movi_c_v15_01,spatial_block,blur,11,0.003581681569884587,-0.007932576610626999,-0.006126650144818243,-0.011857731031847285
movi_c_v15_01,spatial_block,blur,12,0.015439412601731872,0.0036341824884059317,0.005731080887029042,0.0
movi_c_v15_01,spatial_scattered,mean,1,0.004190405776237749,-0.001358455885322833,-0.0005511336600177259,0.001646491373164749
movi_c_v15_01,spatial_scattered,mean,2,0.005052434564788433,-0.0006529962155353841,0.000310895128532958,0.002508520161715433
movi_c_v15_01,spatial_scattered,mean,3,0.01525798607191231,0.01029645046690945,0.010516446635656835,0.01271407166883931
movi_c_v15_01,spatial_scattered,mean,4,0.001890216543363188,-0.006001401338423565,-0.002851322892892287,-0.000653697859709812
movi_c_v15_01,spatial_scattered,mean,5,0.00401276719798116,-0.0019417936366555128,-0.0007287722382743151,0.0014688527949081598
movi_c_v15_01,spatial_scattered,mean,6,0.009998247702090568,0.004652842904391903,0.005256708265835093,0.007454333299017568
movi_c_v15_01,spatial_scattered,mean,7,0.0008442304161915271,-0.004894035628923469,-0.0038973090200639477,-0.0016996839868814728
movi_c_v15_01,spatial_scattered,mean,8,0.006813878251569094,0.0008768623311516217,0.0020723388153136195,0.0042699638484960944
movi_c_v15_01,spatial_scattered,mean,9,0.0018090027493714578,-0.0044846694108372125,-0.002932536686884017,-0.0007349116537015421
movi_c_v15_01,spatial_scattered,mean,10,0.01001490797010518,0.004169891145150133,0.005273368533849705,0.00747099356703218
movi_c_v15_01,spatial_scattered,mean,11,2.4992612026597527e-05,-0.005605715079463984,-0.004716546824228877,-0.0025189217910464023
movi_c_v15_01,spatial_scattered,mean,12,0.002543914403073,-0.0034983395401635047,-0.002197625033182475,0.0
movi_c_v15_01,spatial_scattered,blur,1,0.004667860373175126,0.0006511190177844366,0.00016496391915273457,0.0018938765649156863
movi_c_v15_01,spatial_scattered,blur,2,0.0039892520147887245,-3.3928450651643516e-05,-0.0005136444392336665,0.0012152682065292852
movi_c_v15_01,spatial_scattered,blur,3,0.008978419421253325,0.005876586457264557,0.004475522967230934,0.006204435612993886
movi_c_v15_01,spatial_scattered,blur,4,0.0004747868665507804,-0.0054078775676118145,-0.004028109587471611,-0.002299196941708659
movi_c_v15_01,spatial_scattered,blur,5,0.002494840056077141,-0.001810269711869335,-0.00200805639794525,-0.00027914375218229814
movi_c_v15_01,spatial_scattered,blur,6,0.00597187444333247,0.003518449044159396,0.001468977989310079,0.0031978906350730307
movi_c_v15_01,spatial_scattered,blur,7,6.051220985059391e-05,-0.004265091473241685,-0.004442384244171797,-0.0027134715984088453
movi_c_v15_01,spatial_scattered,blur,8,0.007085550025329179,0.002447417406554779,0.002582653571306788,0.00431156621706974
movi_c_v15_01,spatial_scattered,blur,9,0.0015358600614567841,-0.002531491479020505,-0.002967036392565607,-0.0012381237468026551
movi_c_v15_01,spatial_scattered,blur,10,0.00840653179035944,0.004675172801029396,0.0039036353363370484,0.0056325479821
movi_c_v15_01,spatial_scattered,blur,11,0.0015594692593213777,-0.0015356784293440264,-0.0029434271947010133,-0.0012145145489380615
movi_c_v15_01,spatial_scattered,blur,12,0.0027739838082594392,-0.0018409016346543723,-0.0017289126457629518,0.0
movi_c_v15_02,temporal_front,mean,1,0.018271881043035343,0.0044027559979877475,0.01402804648966971,0.008609754813341919
movi_c_v15_02,temporal_front,mean,2,0.00875335196837601,0.002626980609593728,0.004509517415010378,-0.0009087742613174132
movi_c_v15_02,temporal_front,mean,3,0.012121322553176994,0.00339006497815301,0.007877487999811361,0.00245919632348357
movi_c_v15_02,temporal_front,mean,4,0.0010305254991723745,-0.00023375515001429936,-0.0032133090541932585,-0.00863160073052105
movi_c_v15_02,temporal_front,mean,5,0.0025012443426645214,-0.006045136322437342,-0.0017425902107011115,-0.007160881887028903
movi_c_v15_02,temporal_front,mean,6,0.009333972465944917,-0.00040342696389587297,0.0050901379125792845,-0.0003281537637485066
movi_c_v15_02,temporal_front,mean,7,0.01775313045954363,0.002455398230677308,0.013509295906177998,0.008091004229850207
movi_c_v15_02,temporal_front,mean,8,0.006157985147637213,0.0015632247843146612,0.0019141505942715797,-0.0035041410820562113
movi_c_v15_02,temporal_front,mean,9,0.004436458856247882,-0.002599248715998592,0.0001926243028822494,-0.005225667373445542
movi_c_v15_02,temporal_front,mean,10,0.0018632580591440018,-0.0026832925106238985,-0.002380576494221631,-0.007798868170549422
movi_c_v15_02,temporal_front,mean,11,0.013026684716428094,0.003917531682121464,0.008782850163062461,0.00336455848673467
movi_c_v15_02,temporal_front,mean,12,0.009662126229693424,-0.002670617627374786,0.005418291676327791,0.0
movi_c_v15_02,temporal_front,blur,1,0.004177926904797236,0.0037494313571239854,0.005190365467422427,0.003715622367309157
movi_c_v15_02,temporal_front,blur,2,0.0018400304863828154,0.0020504055980316758,0.0028524690490080067,0.0013777259488947369
movi_c_v15_02,temporal_front,blur,3,0.002155257294505275,0.0020847912312694414,0.0031676958571304663,0.0016929527570171965
movi_c_v15_02,temporal_front,blur,4,-0.001007264084206927,-0.00032850731032933267,5.174478418264574e-06,-0.0014695686216950055
movi_c_v15_02,temporal_front,blur,5,-0.0007900588193139324,-0.001216156329805466,0.0002223797433112591,-0.001252363356802011
movi_c_v15_02,temporal_front,blur,6,5.2172075600154244e-05,0.000373234787215256,0.0010646106382253457,-0.0004101324618879243
movi_c_v15_02,temporal_front,blur,7,0.0032469914131807442,0.0025681374871097487,0.0042594299758059355,0.0027846868756926657
movi_c_v15_02,temporal_front,blur,8,0.00124313457927272,0.001637119157059182,0.0022555731418979113,0.0007808300417846414
movi_c_v15_02,temporal_front,blur,9,-0.0018235264649011373,-0.001909773458411812,-0.0008110879022759458,-0.002285831002389216
movi_c_v15_02,temporal_front,blur,10,-0.0003866190644976619,-9.129723727141492e-05,0.0006258194981275296,-0.0008489236019857405
movi_c_v15_02,temporal_front,blur,11,0.002083901305043212,0.0022517080538035548,0.0030963398676684033,0.0016215967675551335
movi_c_v15_02,temporal_front,blur,12,0.00046230453748807854,0.000303433538988244,0.00147474310011327,0.0
movi_c_v15_02,temporal_middle,mean,1,0.004449490153666136,0.0007374510577075424,0.0010804030679643084,-0.00021882247683224776
movi_c_v15_02,temporal_middle,mean,2,0.01172629011907278,0.007028673078679974,0.008357203033370952,0.007057977488574396
movi_c_v15_02,temporal_middle,mean,3,0.005256094841318726,0.0015184750761789712,0.0018870077556168985,0.0005877822108203423
movi_c_v15_02,temporal_middle,mean,4,0.004413822696461178,0.000989784098116675,0.0010447356107593508,-0.0002544899340372053
movi_c_v15_02,temporal_middle,mean,5,0.004478839374185251,-8.105900059240945e-05,0.0011097522884834232,-0.00018947325631313294
movi_c_v15_02,temporal_middle,mean,6,0.005742824293532789,0.0014246652657136467,0.0023737372078309615,0.0010745116630344054
movi_c_v15_02,temporal_middle,mean,7,0.0026441276445284823,-0.0012453721396948891,-0.0007249594411733451,-0.0020241849859699013
movi_c_v15_02,temporal_middle,mean,8,0.0041209507725121775,-0.0006275172705394088,0.0007518636868103501,-0.0005473618579862061
movi_c_v15_02,temporal_middle,mean,9,0.0034469379914957576,-0.0006142396575399278,7.785090579393028e-05,-0.0012213746390026259
movi_c_v15_02,temporal_middle,mean,10,0.002904776549896737,-0.0012414679212288853,-0.0004643105358050903,-0.0017635360806016465
movi_c_v15_02,temporal_middle,mean,11,0.004478666116639274,0.0008622647148189091,0.0011095790309374465,-0.0001896465138591097
movi_c_v15_02,temporal_middle,mean,12,0.0046683126304983835,-0.0010224606994872305,0.0012992255447965562,0.0
movi_c_v15_02,temporal_middle,blur,1,0.002103188844641446,0.002023450569711612,0.0017771318467077284,0.004105152144915247
movi_c_v15_02,temporal_middle,blur,2,0.004449543834724179,0.00403381315202415,0.004123486836790462,0.00645150713499798
movi_c_v15_02,temporal_middle,blur,3,0.0005982177288594848,0.0005151187105641627,0.00027216073092576715,0.002600181029133286
movi_c_v15_02,temporal_middle,blur,4,-0.0009521520878117418,-0.000637842235196066,-0.0012782090857454593,0.0010498112124620596
movi_c_v15_02,temporal_middle,blur,5,0.0006704448504410987,0.0004516857513153413,0.0003443878525073811,0.0026724081507149
movi_c_v15_02,temporal_middle,blur,6,0.0016145035177436151,0.0009955740545484573,0.0012884465198098975,0.0036164668180174164
movi_c_v15_02,temporal_middle,blur,7,0.0010574599859203282,0.0009069670734190849,0.0007314029879866106,0.0030594232861941295
movi_c_v15_02,temporal_middle,blur,8,0.001803654274864952,0.0010155262727827852,0.0014775972769312344,0.0038056175751387533
movi_c_v15_02,temporal_middle,blur,9,-0.0003467102408788447,-0.000671352446420248,-0.0006727672388125623,0.0016552530593949566
movi_c_v15_02,temporal_middle,blur,10,0.0007875320549498577,-7.27040696156811e-05,0.00046147505701614006,0.002789495355223659
movi_c_v15_02,temporal_middle,blur,11,0.0010556480603206575,0.0012041127209204323,0.0007295910623869399,0.003057611360594459
movi_c_v15_02,temporal_middle,blur,12,-0.0020019633002738013,-0.0022477584783672233,-0.002328020298207519,0.0
movi_c_v15_02,temporal_back,mean,1,0.022508924338388803,0.003817543657735605,0.015382980168003435,0.0069860500310507945
movi_c_v15_02,temporal_back,mean,2,0.014253610856352794,0.006153444103946729,0.0071276666859674265,-0.001269263450985214
movi_c_v15_02,temporal_back,mean,3,0.03866377789994058,0.025892580226804997,0.03153783372955521,0.02314090359260257
movi_c_v15_02,temporal_back,mean,4,0.008940898451476498,-0.0017644132234848255,0.00181495428109113,-0.0065819758558615105
movi_c_v15_02,temporal_back,mean,5,0.005986180341157055,-0.0030746641342180112,-0.001139763829228313,-0.009536693966180954
movi_c_v15_02,temporal_back,mean,6,0.018032249306238368,-0.0004050322856224593,0.010906305135853,0.00250937499890036
movi_c_v15_02,temporal_back,mean,7,0.003104296968422182,-0.004406368673409156,-0.0040216472019631855,-0.012418577338915826
movi_c_v15_02,temporal_back,mean,8,0.0060257127613349,0.0002208205245330568,-0.0011002314090504672,-0.009497161546003108
movi_c_v15_02,temporal_back,mean,9,0.004150142923095568,-0.0028622026832652763,-0.0029758012472898,-0.01137273138424244
movi_c_v15_02,temporal_back,mean,10,0.007836864610701766,-0.0004015102388278402,0.0007109204403163982,-0.007686009696636242
movi_c_v15_02,temporal_back,mean,11,0.013779677628797393,0.004905839892776228,0.006653733458412026,-0.001743196678540615
movi_c_v15_02,temporal_back,mean,12,0.015522874307338008,0.0005780812382335521,0.00839693013695264,0.0
movi_c_v15_02,temporal_back,blur,1,0.016694889477222197,0.0023927881612224953,0.012403709329176078,0.003625642802472351
movi_c_v15_02,temporal_back,blur,2,0.010613151178520797,0.003943529583090337,0.006321971030474678,-0.0024560954962290493
movi_c_v15_02,temporal_back,blur,3,0.030830543528728827,0.02044525141968223,0.026539363380682707,0.01776129685397898
movi_c_v15_02,temporal_back,blur,4,0.0065679435895052984,5.3476438590401194e-05,0.00227676344145918,-0.0065013030852445475
movi_c_v15_02,temporal_back,blur,5,0.0026527534626077376,-0.004012928437227374,-0.0016384266854383807,-0.010416493212142108
movi_c_v15_02,temporal_back,blur,6,0.012129379893814796,-0.002496328664916078,0.007838199745768677,-0.0009398667809350503
movi_c_v15_02,temporal_back,blur,7,0.0008027241616369585,-0.0033746041966684626,-0.0034884559864091598,-0.012266522513112887
movi_c_v15_02,temporal_back,blur,8,0.0035614398194440122,0.0012441635500992643,-0.000729740328602106,-0.009507806855305834
movi_c_v15_02,temporal_back,blur,9,0.0023503106348382596,-0.0028904354572018382,-0.0019408695132078586,-0.010718936039911586
movi_c_v15_02,temporal_back,blur,10,0.0045098148498795565,-0.0011718993797351267,0.00021863470183343826,-0.00855943182487029
movi_c_v15_02,temporal_back,blur,11,0.007400054523313493,0.0009876224937746354,0.0031088743752673747,-0.005669192151436353
movi_c_v15_02,temporal_back,blur,12,0.013069246674749846,0.0003746053789872219,0.008778066526703727,0.0
movi_c_v15_02,spatial_block,mean,1,0.029847211180121236,0.020525282810754643,0.020934115779256635,0.005012764686100901
movi_c_v15_02,spatial_block,mean,2,0.03498469020394601,0.02457171878597164,0.02607159480308141,0.010150243709925677
movi_c_v15_02,spatial_block,mean,3,0.019822305722307143,0.009506916866015533,0.010909210321442542,-0.005012140771713192
movi_c_v15_02,spatial_block,mean,4,0.026288163657918973,0.012761692061426114,0.01737506825705437,0.001453717163898638
movi_c_v15_02,spatial_block,mean,5,0.0458488898105035,0.0351419156252191,0.0369357944096389,0.021014443316483167
movi_c_v15_02,spatial_block,mean,6,0.009808614394438697,-0.0032682187096571003,0.0008955189935740959,-0.015025832099581637
movi_c_v15_02,spatial_block,mean,7,0.017611959028334123,0.007300929452097149,0.008698863627469522,-0.0072224874656862115
movi_c_v15_02,spatial_block,mean,8,0.004262659895806653,-0.0063473700175853045,-0.004650435505057948,-0.02057178659821368
movi_c_v15_02,spatial_block,mean,9,0.0030359429117101655,-0.006601959185560724,-0.005877152489154436,-0.02179850358231017
movi_c_v15_02,spatial_block,mean,10,0.004639958471774341,-0.005288792659416472,-0.00427313692909026,-0.020194488022245993
movi_c_v15_02,spatial_block,mean,11,0.014043277735389048,0.004063931190740111,0.005130182334524447,-0.010791168758631287
movi_c_v15_02,spatial_block,mean,12,0.024834446494020335,0.014702969504640118,0.015921351093155733,0.0
movi_c_v15_02,spatial_block,blur,1,0.017318341700779394,0.007970771213641795,0.00582951344844577,-0.0037732149128165693
movi_c_v15_02,spatial_block,blur,2,0.02627111620683542,0.013896980389184485,0.014782287954501797,0.005179559593239458
movi_c_v15_02,spatial_block,blur,3,0.02017875447058759,0.00860543044327311,0.008689926218253966,-0.0009128021430083733
movi_c_v15_02,spatial_block,blur,4,0.015350122736108252,0.006753727788806341,0.0038612944837746275,-0.005741433877487712
movi_c_v15_02,spatial_block,blur,5,0.03903023007940554,0.026400029922858614,0.02754140182707191,0.017938673465809574
movi_c_v15_02,spatial_block,blur,6,0.010189801600978932,-0.002433901837901967,-0.0012990266513546924,-0.010901755012617032
movi_c_v15_02,spatial_block,blur,7,0.01659092374010185,0.005377558014382888,0.005102095487768224,-0.004500632873494115
movi_c_v15_02,spatial_block,blur,8,0.009219884492403407,-0.002830730563107675,-0.0022689437599302167,-0.011871672121192556
movi_c_v15_02,spatial_block,blur,9,0.005611320752527349,-0.0061923198530436565,-0.005877507499806275,-0.015480235861068614
movi_c_v15_02,spatial_block,blur,10,0.005563855782099725,-0.004786175728222522,-0.005924972470233899,-0.015527700831496238
movi_c_v15_02,spatial_block,blur,11,0.015588946586324814,0.0030170806021880825,0.00410011833399119,-0.005502610027271149
movi_c_v15_02,spatial_block,blur,12,0.021091556613595963,0.010346925738920118,0.009602728361262339,0.0
movi_c_v15_02,spatial_scattered,mean,1,0.008710219122596619,0.0021663937700330633,0.0025511333461069414,0.005793264545234433
movi_c_v15_02,spatial_scattered,mean,2,0.007428660929321262,0.0008645887365014149,0.0012695751528315853,0.004511706351959077
movi_c_v15_02,spatial_scattered,mean,3,0.014461439454845015,0.008622656001796274,0.008302353678355339,0.01154448487748283
movi_c_v15_02,spatial_scattered,mean,4,0.0019953451896810304,-0.0024637116744787857,-0.004163740586808647,-0.0009216093876811549
movi_c_v15_02,spatial_scattered,mean,5,0.004612052439272096,-0.001630459273491443,-0.0015470333372175809,0.001695097861909911
movi_c_v15_02,spatial_scattered,mean,6,0.0023822250301697157,-0.0052029705945720135,-0.0037768607463199615,-0.0005347295471924696
movi_c_v15_02,spatial_scattered,mean,7,0.0022479507793444764,-0.003698358915031637,-0.003911134997145201,-0.0006690037980177088
movi_c_v15_02,spatial_scattered,mean,8,0.008026851097117538,0.002769872687108303,0.0018677653206278606,0.0051098965197553525
movi_c_v15_02,spatial_scattered,mean,9,0.0032419440685611534,-0.0034974851561113685,-0.002917141707928524,0.00032498949119896814
movi_c_v15_02,spatial_scattered,mean,10,0.00853423256312924,0.0018342100942922253,0.0023751467866395632,0.005617277985767055
movi_c_v15_02,spatial_scattered,mean,11,0.001806005149042833,-0.0032119037309454495,-0.004353080627446844,-0.0011109494283193522
movi_c_v15_02,spatial_scattered,mean,12,0.0029169545773621852,-0.003286298090707758,-0.003242131199127492,0.0
movi_c_v15_02,spatial_scattered,blur,1,0.007029624180462712,-0.0006712950357521024,0.0005577360969756988,0.004347764742220983
movi_c_v15_02,spatial_scattered,blur,2,0.00830427380593135,0.0006580355696071223,0.0018323857224443367,0.005622414367689621
movi_c_v15_02,spatial_scattered,blur,3,0.011086059425619355,0.0037888177924613924,0.004614171342132341,0.008404199987377625
movi_c_v15_02,spatial_scattered,blur,4,0.0013023052922008782,-0.0035950152814549314,-0.005169582791286135,-0.0013795541460408511
movi_c_v15_02,spatial_scattered,blur,5,0.00574607936712368,-0.00168970438730857,-0.0007258087163633338,0.0030642199288819505
movi_c_v15_02,spatial_scattered,blur,6,0.0014740317015264903,-0.005506641464007663,-0.004997856381960523,-0.001207827736715239
movi_c_v15_02,spatial_scattered,blur,7,0.0023800781600040732,-0.004917271555140139,-0.00409180992348294,-0.0003017812782376561
movi_c_v15_02,spatial_scattered,blur,8,0.008315278952980454,0.0016495435071023357,0.0018433908694934402,0.0056334195147387245
movi_c_v15_02,spatial_scattered,blur,9,0.0027954365223890054,-0.005114058443117667,-0.003676451561098008,0.00011357708414727608
movi_c_v15_02,spatial_scattered,blur,10,0.007197481000383088,-0.00034651883260206073,0.0007255929168960744,0.004515621562141359
movi_c_v15_02,spatial_scattered,blur,11,0.0013080284941996423,-0.005959048005078478,-0.005163859589287371,-0.001373830944042087
movi_c_v15_02,spatial_scattered,blur,12,0.0026818594382417293,-0.004594068862004493,-0.0037900286452452843,0.0
