scene,mask,layer,other,cosine,top179_overlap
movi_c_v12_01,spatial_block,1,1,1.0,1.0
movi_c_v12_01,spatial_block,1,2,0.2940770983695984,0.01675977653631285
movi_c_v12_01,spatial_block,1,3,0.45648807287216187,0.00558659217877095
movi_c_v12_01,spatial_block,1,4,0.7136339545249939,0.24022346368715083
movi_c_v12_01,spatial_block,1,5,0.3187289834022522,0.0782122905027933
movi_c_v12_01,spatial_block,1,6,0.40050479769706726,0.0670391061452514
movi_c_v12_01,spatial_block,1,7,0.6676962375640869,0.4022346368715084
movi_c_v12_01,spatial_block,1,8,0.5209061503410339,0.10614525139664804
movi_c_v12_01,spatial_block,1,9,0.5798763036727905,0.11173184357541899
movi_c_v12_01,spatial_block,1,10,0.3856823742389679,0.0111731843575419
movi_c_v12_01,spatial_block,1,11,0.5599458813667297,0.05027932960893855
movi_c_v12_01,spatial_block,1,12,0.6407415270805359,0.1452513966480447
movi_c_v12_01,spatial_block,2,1,0.2940770983695984,0.01675977653631285
movi_c_v12_01,spatial_block,2,2,1.0,1.0
movi_c_v12_01,spatial_block,2,3,0.5947656035423279,0.33519553072625696
movi_c_v12_01,spatial_block,2,4,0.4147147238254547,0.055865921787709494
movi_c_v12_01,spatial_block,2,5,0.23105326294898987,0.11173184357541899
movi_c_v12_01,spatial_block,2,6,0.45550036430358887,0.2011173184357542
movi_c_v12_01,spatial_block,2,7,0.19229821860790253,0.03910614525139665
movi_c_v12_01,spatial_block,2,8,0.19755004346370697,0.0223463687150838
movi_c_v12_01,spatial_block,2,9,0.24012815952301025,0.03910614525139665
movi_c_v12_01,spatial_block,2,10,0.353321373462677,0.0782122905027933
movi_c_v12_01,spatial_block,2,11,0.4486456513404846,0.1564245810055866
movi_c_v12_01,spatial_block,2,12,0.3801352083683014,0.1340782122905028
movi_c_v12_01,spatial_block,3,1,0.45648807287216187,0.00558659217877095
movi_c_v12_01,spatial_block,3,2,0.5947656035423279,0.33519553072625696
movi_c_v12_01,spatial_block,3,3,1.0,1.0
movi_c_v12_01,spatial_block,3,4,0.6845239400863647,0.0446927374301676
movi_c_v12_01,spatial_block,3,5,0.4754156768321991,0.16759776536312848
movi_c_v12_01,spatial_block,3,6,0.4359421730041504,0.0782122905027933
movi_c_v12_01,spatial_block,3,7,0.19689935445785522,0.00558659217877095
movi_c_v12_01,spatial_block,3,8,0.5098922848701477,0.07262569832402235
movi_c_v12_01,spatial_block,3,9,0.5620839595794678,0.08379888268156424
movi_c_v12_01,spatial_block,3,10,0.5954785346984863,0.09497206703910614
movi_c_v12_01,spatial_block,3,11,0.5743101239204407,0.12849162011173185
movi_c_v12_01,spatial_block,3,12,0.4161992371082306,0.0446927374301676
movi_c_v12_01,spatial_block,4,1,0.7136339545249939,0.24022346368715083
movi_c_v12_01,spatial_block,4,2,0.4147147238254547,0.055865921787709494
movi_c_v12_01,spatial_block,4,3,0.6845239400863647,0.0446927374301676
movi_c_v12_01,spatial_block,4,4,1.0,1.0
movi_c_v12_01,spatial_block,4,5,0.49436575174331665,0.11731843575418995
movi_c_v12_01,spatial_block,4,6,0.48480096459388733,0.07262569832402235
movi_c_v12_01,spatial_block,4,7,0.5357311964035034,0.2681564245810056
movi_c_v12_01,spatial_block,4,8,0.6366843581199646,0.055865921787709494
movi_c_v12_01,spatial_block,4,9,0.7213497161865234,0.1564245810055866
movi_c_v12_01,spatial_block,4,10,0.6322406530380249,0.0446927374301676
movi_c_v12_01,spatial_block,4,11,0.6399198770523071,0.0893854748603352
movi_c_v12_01,spatial_block,4,12,0.6465092301368713,0.16759776536312848
movi_c_v12_01,spatial_block,5,1,0.3187289834022522,0.0782122905027933
movi_c_v12_01,spatial_block,5,2,0.23105326294898987,0.11173184357541899
movi_c_v12_01,spatial_block,5,3,0.4754156768321991,0.16759776536312848
movi_c_v12_01,spatial_block,5,4,0.49436575174331665,0.11731843575418995
movi_c_v12_01,spatial_block,5,5,1.0,1.0
movi_c_v12_01,spatial_block,5,6,0.2455962896347046,0.061452513966480445
movi_c_v12_01,spatial_block,5,7,0.2036714404821396,0.08379888268156424
movi_c_v12_01,spatial_block,5,8,0.394187331199646,0.09497206703910614
movi_c_v12_01,spatial_block,5,9,0.456474632024765,0.15083798882681565
movi_c_v12_01,spatial_block,5,10,0.3859129548072815,0.0893854748603352
movi_c_v12_01,spatial_block,5,11,0.34381288290023804,0.12849162011173185
movi_c_v12_01,spatial_block,5,12,0.27415773272514343,0.061452513966480445
movi_c_v12_01,spatial_block,6,1,0.40050479769706726,0.0670391061452514
movi_c_v12_01,spatial_block,6,2,0.45550036430358887,0.2011173184357542
movi_c_v12_01,spatial_block,6,3,0.4359421730041504,0.0782122905027933
movi_c_v12_01,spatial_block,6,4,0.48480096459388733,0.07262569832402235
movi_c_v12_01,spatial_block,6,5,0.2455962896347046,0.061452513966480445
movi_c_v12_01,spatial_block,6,6,1.0000001192092896,1.0
movi_c_v12_01,spatial_block,6,7,0.4601776599884033,0.20670391061452514
movi_c_v12_01,spatial_block,6,8,0.38801562786102295,0.08379888268156424
movi_c_v12_01,spatial_block,6,9,0.32437777519226074,0.0893854748603352
movi_c_v12_01,spatial_block,6,10,0.24385201930999756,0.01675977653631285
movi_c_v12_01,spatial_block,6,11,0.4970501959323883,0.11731843575418995
movi_c_v12_01,spatial_block,6,12,0.49286985397338867,0.1452513966480447
movi_c_v12_01,spatial_block,7,1,0.6676962375640869,0.4022346368715084
movi_c_v12_01,spatial_block,7,2,0.19229821860790253,0.03910614525139665
movi_c_v12_01,spatial_block,7,3,0.19689935445785522,0.00558659217877095
movi_c_v12_01,spatial_block,7,4,0.5357311964035034,0.2681564245810056
movi_c_v12_01,spatial_block,7,5,0.2036714404821396,0.08379888268156424
movi_c_v12_01,spatial_block,7,6,0.4601776599884033,0.20670391061452514
movi_c_v12_01,spatial_block,7,7,0.9999999403953552,1.0
movi_c_v12_01,spatial_block,7,8,0.39337748289108276,0.12849162011173185
movi_c_v12_01,spatial_block,7,9,0.5043264627456665,0.20670391061452514
movi_c_v12_01,spatial_block,7,10,0.14682698249816895,0.01675977653631285
movi_c_v12_01,spatial_block,7,11,0.4304557740688324,0.07262569832402235
movi_c_v12_01,spatial_block,7,12,0.5945132374763489,0.18435754189944134
movi_c_v12_01,spatial_block,8,1,0.5209061503410339,0.10614525139664804
movi_c_v12_01,spatial_block,8,2,0.19755004346370697,0.0223463687150838
movi_c_v12_01,spatial_block,8,3,0.5098922848701477,0.07262569832402235
movi_c_v12_01,spatial_block,8,4,0.6366843581199646,0.055865921787709494
movi_c_v12_01,spatial_block,8,5,0.394187331199646,0.09497206703910614
movi_c_v12_01,spatial_block,8,6,0.38801562786102295,0.08379888268156424
movi_c_v12_01,spatial_block,8,7,0.39337748289108276,0.12849162011173185
movi_c_v12_01,spatial_block,8,8,0.9999998807907104,1.0
movi_c_v12_01,spatial_block,8,9,0.5459274649620056,0.0782122905027933
movi_c_v12_01,spatial_block,8,10,0.5292037725448608,0.12849162011173185
movi_c_v12_01,spatial_block,8,11,0.4773589074611664,0.055865921787709494
movi_c_v12_01,spatial_block,8,12,0.42863142490386963,0.061452513966480445
movi_c_v12_01,spatial_block,9,1,0.5798763036727905,0.11173184357541899
movi_c_v12_01,spatial_block,9,2,0.24012815952301025,0.03910614525139665
movi_c_v12_01,spatial_block,9,3,0.5620839595794678,0.08379888268156424
movi_c_v12_01,spatial_block,9,4,0.7213497161865234,0.1564245810055866
movi_c_v12_01,spatial_block,9,5,0.456474632024765,0.15083798882681565
movi_c_v12_01,spatial_block,9,6,0.32437777519226074,0.0893854748603352
movi_c_v12_01,spatial_block,9,7,0.5043264627456665,0.20670391061452514
movi_c_v12_01,spatial_block,9,8,0.5459274649620056,0.0782122905027933
movi_c_v12_01,spatial_block,9,9,1.0000001192092896,1.0
movi_c_v12_01,spatial_block,9,10,0.5604490041732788,0.12290502793296089
movi_c_v12_01,spatial_block,9,11,0.5489744544029236,0.11731843575418995
movi_c_v12_01,spatial_block,9,12,0.552385687828064,0.11731843575418995
movi_c_v12_01,spatial_block,10,1,0.3856823742389679,0.0111731843575419
movi_c_v12_01,spatial_block,10,2,0.353321373462677,0.0782122905027933
movi_c_v12_01,spatial_block,10,3,0.5954785346984863,0.09497206703910614
movi_c_v12_01,spatial_block,10,4,0.6322406530380249,0.0446927374301676
movi_c_v12_01,spatial_block,10,5,0.3859129548072815,0.0893854748603352
movi_c_v12_01,spatial_block,10,6,0.24385201930999756,0.01675977653631285
movi_c_v12_01,spatial_block,10,7,0.14682698249816895,0.01675977653631285
movi_c_v12_01,spatial_block,10,8,0.5292037725448608,0.12849162011173185
movi_c_v12_01,spatial_block,10,9,0.5604490041732788,0.12290502793296089
movi_c_v12_01,spatial_block,10,10,0.9999999403953552,1.0
movi_c_v12_01,spatial_block,10,11,0.37789440155029297,0.027932960893854747
movi_c_v12_01,spatial_block,10,12,0.3805200755596161,0.027932960893854747
movi_c_v12_01,spatial_block,11,1,0.5599458813667297,0.05027932960893855
movi_c_v12_01,spatial_block,11,2,0.4486456513404846,0.1564245810055866
movi_c_v12_01,spatial_block,11,3,0.5743101239204407,0.12849162011173185
movi_c_v12_01,spatial_block,11,4,0.6399198770523071,0.0893854748603352
movi_c_v12_01,spatial_block,11,5,0.34381288290023804,0.12849162011173185
movi_c_v12_01,spatial_block,11,6,0.4970501959323883,0.11731843575418995
movi_c_v12_01,spatial_block,11,7,0.4304557740688324,0.07262569832402235
movi_c_v12_01,spatial_block,11,8,0.4773589074611664,0.055865921787709494
movi_c_v12_01,spatial_block,11,9,0.5489744544029236,0.11731843575418995
movi_c_v12_01,spatial_block,11,10,0.37789440155029297,0.027932960893854747
movi_c_v12_01,spatial_block,11,11,0.9999999403953552,1.0
movi_c_v12_01,spatial_block,11,12,0.5959644317626953,0.15083798882681565
movi_c_v12_01,spatial_block,12,1,0.6407415270805359,0.1452513966480447
movi_c_v12_01,spatial_block,12,2,0.3801352083683014,0.1340782122905028
movi_c_v12_01,spatial_block,12,3,0.4161992371082306,0.0446927374301676
movi_c_v12_01,spatial_block,12,4,0.6465092301368713,0.16759776536312848
movi_c_v12_01,spatial_block,12,5,0.27415773272514343,0.061452513966480445
movi_c_v12_01,spatial_block,12,6,0.49286985397338867,0.1452513966480447
movi_c_v12_01,spatial_block,12,7,0.5945132374763489,0.18435754189944134
movi_c_v12_01,spatial_block,12,8,0.42863142490386963,0.061452513966480445
movi_c_v12_01,spatial_block,12,9,0.552385687828064,0.11731843575418995
movi_c_v12_01,spatial_block,12,10,0.3805200755596161,0.027932960893854747
movi_c_v12_01,spatial_block,12,11,0.5959644317626953,0.15083798882681565
movi_c_v12_01,spatial_block,12,12,0.9999999403953552,1.0
movi_c_v12_01,spatial_scattered,1,1,1.0000001192092896,1.0
movi_c_v12_01,spatial_scattered,1,2,0.3192267119884491,0.11731843575418995
movi_c_v12_01,spatial_scattered,1,3,0.5580694079399109,0.13966480446927373
movi_c_v12_01,spatial_scattered,1,4,0.38320857286453247,0.01675977653631285
movi_c_v12_01,spatial_scattered,1,5,0.4157003164291382,0.15083798882681565
movi_c_v12_01,spatial_scattered,1,6,0.603584885597229,0.3575418994413408
movi_c_v12_01,spatial_scattered,1,7,0.3630053699016571,0.07262569832402235
movi_c_v12_01,spatial_scattered,1,8,0.2800295054912567,0.05027932960893855
movi_c_v12_01,spatial_scattered,1,9,0.3736916780471802,0.05027932960893855
movi_c_v12_01,spatial_scattered,1,10,0.3994929790496826,0.1005586592178771
movi_c_v12_01,spatial_scattered,1,11,0.30789750814437866,0.0223463687150838
movi_c_v12_01,spatial_scattered,1,12,0.38719338178634644,0.0335195530726257
movi_c_v12_01,spatial_scattered,2,1,0.3192267119884491,0.11731843575418995
movi_c_v12_01,spatial_scattered,2,2,1.0,1.0
movi_c_v12_01,spatial_scattered,2,3,0.6032174825668335,0.25139664804469275
movi_c_v12_01,spatial_scattered,2,4,0.4536021947860718,0.0446927374301676
movi_c_v12_01,spatial_scattered,2,5,0.0837002545595169,0.0
movi_c_v12_01,spatial_scattered,2,6,0.2491471916437149,0.055865921787709494
movi_c_v12_01,spatial_scattered,2,7,0.03595774248242378,0.0
movi_c_v12_01,spatial_scattered,2,8,0.339788556098938,0.16201117318435754
movi_c_v12_01,spatial_scattered,2,9,0.32571205496788025,0.0782122905027933
movi_c_v12_01,spatial_scattered,2,10,0.4286115765571594,0.1564245810055866
movi_c_v12_01,spatial_scattered,2,11,0.0773005336523056,0.0
movi_c_v12_01,spatial_scattered,2,12,0.2475096732378006,0.0782122905027933
movi_c_v12_01,spatial_scattered,3,1,0.5580694079399109,0.13966480446927373
movi_c_v12_01,spatial_scattered,3,2,0.6032174825668335,0.25139664804469275
movi_c_v12_01,spatial_scattered,3,3,1.0,1.0
movi_c_v12_01,spatial_scattered,3,4,0.561680793762207,0.0335195530726257
movi_c_v12_01,spatial_scattered,3,5,0.4168638586997986,0.0223463687150838
movi_c_v12_01,spatial_scattered,3,6,0.5215843915939331,0.061452513966480445
movi_c_v12_01,spatial_scattered,3,7,0.2832784354686737,0.0111731843575419
movi_c_v12_01,spatial_scattered,3,8,0.5466376543045044,0.16759776536312848
movi_c_v12_01,spatial_scattered,3,9,0.49399957060813904,0.061452513966480445
movi_c_v12_01,spatial_scattered,3,10,0.543150782585144,0.0782122905027933
movi_c_v12_01,spatial_scattered,3,11,0.2686343789100647,0.0
movi_c_v12_01,spatial_scattered,3,12,0.40821146965026855,0.0782122905027933
movi_c_v12_01,spatial_scattered,4,1,0.38320857286453247,0.01675977653631285
movi_c_v12_01,spatial_scattered,4,2,0.4536021947860718,0.0446927374301676
movi_c_v12_01,spatial_scattered,4,3,0.561680793762207,0.0335195530726257
movi_c_v12_01,spatial_scattered,4,4,1.0000001192092896,1.0
movi_c_v12_01,spatial_scattered,4,5,0.48603907227516174,0.07262569832402235
movi_c_v12_01,spatial_scattered,4,6,0.3593362867832184,0.00558659217877095
movi_c_v12_01,spatial_scattered,4,7,0.36506178975105286,0.0893854748603352
movi_c_v12_01,spatial_scattered,4,8,0.5237811803817749,0.0893854748603352
movi_c_v12_01,spatial_scattered,4,9,0.7531993389129639,0.1787709497206704
movi_c_v12_01,spatial_scattered,4,10,0.6987766027450562,0.16759776536312848
movi_c_v12_01,spatial_scattered,4,11,0.5872214436531067,0.18994413407821228
movi_c_v12_01,spatial_scattered,4,12,0.43461528420448303,0.055865921787709494
movi_c_v12_01,spatial_scattered,5,1,0.4157003164291382,0.15083798882681565
movi_c_v12_01,spatial_scattered,5,2,0.0837002545595169,0.0
movi_c_v12_01,spatial_scattered,5,3,0.4168638586997986,0.0223463687150838
movi_c_v12_01,spatial_scattered,5,4,0.48603907227516174,0.07262569832402235
movi_c_v12_01,spatial_scattered,5,5,1.0,1.0
movi_c_v12_01,spatial_scattered,5,6,0.5356829166412354,0.20670391061452514
movi_c_v12_01,spatial_scattered,5,7,0.4642791152000427,0.1452513966480447
movi_c_v12_01,spatial_scattered,5,8,0.39198949933052063,0.11173184357541899
movi_c_v12_01,spatial_scattered,5,9,0.385663777589798,0.0111731843575419
movi_c_v12_01,spatial_scattered,5,10,0.3792662024497986,0.0223463687150838
movi_c_v12_01,spatial_scattered,5,11,0.5376866459846497,0.1005586592178771
movi_c_v12_01,spatial_scattered,5,12,0.3766997456550598,0.027932960893854747
movi_c_v12_01,spatial_scattered,6,1,0.603584885597229,0.3575418994413408
movi_c_v12_01,spatial_scattered,6,2,0.2491471916437149,0.055865921787709494
movi_c_v12_01,spatial_scattered,6,3,0.5215843915939331,0.061452513966480445
movi_c_v12_01,spatial_scattered,6,4,0.3593362867832184,0.00558659217877095
movi_c_v12_01,spatial_scattered,6,5,0.5356829166412354,0.20670391061452514
movi_c_v12_01,spatial_scattered,6,6,1.0,1.0
movi_c_v12_01,spatial_scattered,6,7,0.6145005822181702,0.16759776536312848
movi_c_v12_01,spatial_scattered,6,8,0.2599922716617584,0.0335195530726257
movi_c_v12_01,spatial_scattered,6,9,0.4061279296875,0.03910614525139665
movi_c_v12_01,spatial_scattered,6,10,0.2466188222169876,0.0335195530726257
movi_c_v12_01,spatial_scattered,6,11,0.37427520751953125,0.00558659217877095
movi_c_v12_01,spatial_scattered,6,12,0.6098052859306335,0.1005586592178771
movi_c_v12_01,spatial_scattered,7,1,0.3630053699016571,0.07262569832402235
movi_c_v12_01,spatial_scattered,7,2,0.03595774248242378,0.0
movi_c_v12_01,spatial_scattered,7,3,0.2832784354686737,0.0111731843575419
movi_c_v12_01,spatial_scattered,7,4,0.36506178975105286,0.0893854748603352
movi_c_v12_01,spatial_scattered,7,5,0.4642791152000427,0.1452513966480447
movi_c_v12_01,spatial_scattered,7,6,0.6145005822181702,0.16759776536312848
movi_c_v12_01,spatial_scattered,7,7,1.0,1.0
movi_c_v12_01,spatial_scattered,7,8,0.12842167913913727,0.00558659217877095
movi_c_v12_01,spatial_scattered,7,9,0.40301305055618286,0.055865921787709494
movi_c_v12_01,spatial_scattered,7,10,0.0680416002869606,0.0
movi_c_v12_01,spatial_scattered,7,11,0.546530544757843,0.21787709497206703
movi_c_v12_01,spatial_scattered,7,12,0.6297732591629028,0.17318435754189945
movi_c_v12_01,spatial_scattered,8,1,0.2800295054912567,0.05027932960893855
movi_c_v12_01,spatial_scattered,8,2,0.339788556098938,0.16201117318435754
movi_c_v12_01,spatial_scattered,8,3,0.5466376543045044,0.16759776536312848
movi_c_v12_01,spatial_scattered,8,4,0.5237811803817749,0.0893854748603352
movi_c_v12_01,spatial_scattered,8,5,0.39198949933052063,0.11173184357541899
movi_c_v12_01,spatial_scattered,8,6,0.2599922716617584,0.0335195530726257
movi_c_v12_01,spatial_scattered,8,7,0.12842167913913727,0.00558659217877095
movi_c_v12_01,spatial_scattered,8,8,1.0,1.0
movi_c_v12_01,spatial_scattered,8,9,0.40421903133392334,0.0335195530726257
movi_c_v12_01,spatial_scattered,8,10,0.6873601078987122,0.31843575418994413
movi_c_v12_01,spatial_scattered,8,11,0.1919044703245163,0.00558659217877095
movi_c_v12_01,spatial_scattered,8,12,0.16302716732025146,0.027932960893854747
movi_c_v12_01,spatial_scattered,9,1,0.3736916780471802,0.05027932960893855
movi_c_v12_01,spatial_scattered,9,2,0.32571205496788025,0.0782122905027933
movi_c_v12_01,spatial_scattered,9,3,0.49399957060813904,0.061452513966480445
movi_c_v12_01,spatial_scattered,9,4,0.7531993389129639,0.1787709497206704
movi_c_v12_01,spatial_scattered,9,5,0.385663777589798,0.0111731843575419
movi_c_v12_01,spatial_scattered,9,6,0.4061279296875,0.03910614525139665
movi_c_v12_01,spatial_scattered,9,7,0.40301305055618286,0.055865921787709494
movi_c_v12_01,spatial_scattered,9,8,0.40421903133392334,0.0335195530726257
movi_c_v12_01,spatial_scattered,9,9,1.0,1.0
movi_c_v12_01,spatial_scattered,9,10,0.5856173634529114,0.15083798882681565
movi_c_v12_01,spatial_scattered,9,11,0.5861313939094543,0.18994413407821228
movi_c_v12_01,spatial_scattered,9,12,0.47838515043258667,0.12849162011173185
movi_c_v12_01,spatial_scattered,10,1,0.3994929790496826,0.1005586592178771
movi_c_v12_01,spatial_scattered,10,2,0.4286115765571594,0.1564245810055866
movi_c_v12_01,spatial_scattered,10,3,0.543150782585144,0.0782122905027933
movi_c_v12_01,spatial_scattered,10,4,0.6987766027450562,0.16759776536312848
movi_c_v12_01,spatial_scattered,10,5,0.3792662024497986,0.0223463687150838
movi_c_v12_01,spatial_scattered,10,6,0.2466188222169876,0.0335195530726257
movi_c_v12_01,spatial_scattered,10,7,0.0680416002869606,0.0
movi_c_v12_01,spatial_scattered,10,8,0.6873601078987122,0.31843575418994413
movi_c_v12_01,spatial_scattered,10,9,0.5856173634529114,0.15083798882681565
movi_c_v12_01,spatial_scattered,10,10,1.0,1.0
movi_c_v12_01,spatial_scattered,10,11,0.27452099323272705,0.00558659217877095
movi_c_v12_01,spatial_scattered,10,12,0.15403519570827484,0.0
movi_c_v12_01,spatial_scattered,11,1,0.30789750814437866,0.0223463687150838
movi_c_v12_01,spatial_scattered,11,2,0.0773005336523056,0.0
movi_c_v12_01,spatial_scattered,11,3,0.2686343789100647,0.0
movi_c_v12_01,spatial_scattered,11,4,0.5872214436531067,0.18994413407821228
movi_c_v12_01,spatial_scattered,11,5,0.5376866459846497,0.1005586592178771
movi_c_v12_01,spatial_scattered,11,6,0.37427520751953125,0.00558659217877095
movi_c_v12_01,spatial_scattered,11,7,0.546530544757843,0.21787709497206703
movi_c_v12_01,spatial_scattered,11,8,0.1919044703245163,0.00558659217877095
movi_c_v12_01,spatial_scattered,11,9,0.5861313939094543,0.18994413407821228
movi_c_v12_01,spatial_scattered,11,10,0.27452099323272705,0.00558659217877095
movi_c_v12_01,spatial_scattered,11,11,0.9999998807907104,1.0
movi_c_v12_01,spatial_scattered,11,12,0.5352892875671387,0.20670391061452514
movi_c_v12_01,spatial_scattered,12,1,0.38719338178634644,0.0335195530726257
movi_c_v12_01,spatial_scattered,12,2,0.2475096732378006,0.0782122905027933
movi_c_v12_01,spatial_scattered,12,3,0.40821146965026855,0.0782122905027933
movi_c_v12_01,spatial_scattered,12,4,0.43461528420448303,0.055865921787709494
movi_c_v12_01,spatial_scattered,12,5,0.3766997456550598,0.027932960893854747
movi_c_v12_01,spatial_scattered,12,6,0.6098052859306335,0.1005586592178771
movi_c_v12_01,spatial_scattered,12,7,0.6297732591629028,0.17318435754189945
movi_c_v12_01,spatial_scattered,12,8,0.16302716732025146,0.027932960893854747
movi_c_v12_01,spatial_scattered,12,9,0.47838515043258667,0.12849162011173185
movi_c_v12_01,spatial_scattered,12,10,0.15403519570827484,0.0
movi_c_v12_01,spatial_scattered,12,11,0.5352892875671387,0.20670391061452514
movi_c_v12_01,spatial_scattered,12,12,1.0,1.0
movi_c_v12_01,temporal_back,1,1,0.9999998807907104,1.0
movi_c_v12_01,temporal_back,1,2,0.4901544451713562,0.3575418994413408
movi_c_v12_01,temporal_back,1,3,0.3200411796569824,0.18435754189944134
movi_c_v12_01,temporal_back,1,4,0.26813554763793945,0.11731843575418995
movi_c_v12_01,temporal_back,1,5,0.2612284719944,0.0893854748603352
movi_c_v12_01,temporal_back,1,6,0.3211723566055298,0.18435754189944134
movi_c_v12_01,temporal_back,1,7,0.1969142109155655,0.061452513966480445
movi_c_v12_01,temporal_back,1,8,0.33728379011154175,0.18435754189944134
movi_c_v12_01,temporal_back,1,9,0.1005188450217247,0.0
movi_c_v12_01,temporal_back,1,10,0.23267590999603271,0.0446927374301676
movi_c_v12_01,temporal_back,1,11,0.3570250868797302,0.09497206703910614
movi_c_v12_01,temporal_back,1,12,0.4809599816799164,0.29608938547486036
movi_c_v12_01,temporal_back,2,1,0.4901544451713562,0.3575418994413408
movi_c_v12_01,temporal_back,2,2,1.0,1.0
movi_c_v12_01,temporal_back,2,3,0.5391210913658142,0.3463687150837989
movi_c_v12_01,temporal_back,2,4,0.2670148015022278,0.0893854748603352
movi_c_v12_01,temporal_back,2,5,0.2822093069553375,0.0893854748603352
movi_c_v12_01,temporal_back,2,6,0.3678370416164398,0.11731843575418995
movi_c_v12_01,temporal_back,2,7,0.3402717411518097,0.07262569832402235
movi_c_v12_01,temporal_back,2,8,0.3784433603286743,0.1005586592178771
movi_c_v12_01,temporal_back,2,9,0.16507242619991302,0.0
movi_c_v12_01,temporal_back,2,10,0.3961891233921051,0.12849162011173185
movi_c_v12_01,temporal_back,2,11,0.45533832907676697,0.12290502793296089
movi_c_v12_01,temporal_back,2,12,0.4841569662094116,0.22346368715083798
movi_c_v12_01,temporal_back,3,1,0.3200411796569824,0.18435754189944134
movi_c_v12_01,temporal_back,3,2,0.5391210913658142,0.3463687150837989
movi_c_v12_01,temporal_back,3,3,1.0000001192092896,1.0
movi_c_v12_01,temporal_back,3,4,0.4413718283176422,0.17318435754189945
movi_c_v12_01,temporal_back,3,5,0.25665050745010376,0.03910614525139665
movi_c_v12_01,temporal_back,3,6,0.48336294293403625,0.17318435754189945
movi_c_v12_01,temporal_back,3,7,0.3108743131160736,0.08379888268156424
movi_c_v12_01,temporal_back,3,8,0.46869513392448425,0.18435754189944134
movi_c_v12_01,temporal_back,3,9,0.21824564039707184,0.0335195530726257
movi_c_v12_01,temporal_back,3,10,0.5050039291381836,0.18994413407821228
movi_c_v12_01,temporal_back,3,11,0.4906243681907654,0.16201117318435754
movi_c_v12_01,temporal_back,3,12,0.5297713279724121,0.2011173184357542
movi_c_v12_01,temporal_back,4,1,0.26813554763793945,0.11731843575418995
movi_c_v12_01,temporal_back,4,2,0.2670148015022278,0.0893854748603352
movi_c_v12_01,temporal_back,4,3,0.4413718283176422,0.17318435754189945
movi_c_v12_01,temporal_back,4,4,1.0,1.0
movi_c_v12_01,temporal_back,4,5,0.21893468499183655,0.0111731843575419
movi_c_v12_01,temporal_back,4,6,0.2970961630344391,0.01675977653631285
movi_c_v12_01,temporal_back,4,7,0.29121434688568115,0.027932960893854747
movi_c_v12_01,temporal_back,4,8,0.5296557545661926,0.1452513966480447
movi_c_v12_01,temporal_back,4,9,0.40608564019203186,0.08379888268156424
movi_c_v12_01,temporal_back,4,10,0.6239771246910095,0.1564245810055866
movi_c_v12_01,temporal_back,4,11,0.5671101808547974,0.09497206703910614
movi_c_v12_01,temporal_back,4,12,0.39150020480155945,0.07262569832402235
movi_c_v12_01,temporal_back,5,1,0.2612284719944,0.0893854748603352
movi_c_v12_01,temporal_back,5,2,0.2822093069553375,0.0893854748603352
movi_c_v12_01,temporal_back,5,3,0.25665050745010376,0.03910614525139665
movi_c_v12_01,temporal_back,5,4,0.21893468499183655,0.0111731843575419
movi_c_v12_01,temporal_back,5,5,1.0,1.0
movi_c_v12_01,temporal_back,5,6,0.5589849948883057,0.18994413407821228
movi_c_v12_01,temporal_back,5,7,0.5147692561149597,0.1787709497206704
movi_c_v12_01,temporal_back,5,8,0.5936946272850037,0.18994413407821228
movi_c_v12_01,temporal_back,5,9,0.4289698600769043,0.0446927374301676
movi_c_v12_01,temporal_back,5,10,0.40536871552467346,0.027932960893854747
movi_c_v12_01,temporal_back,5,11,0.490327924489975,0.027932960893854747
movi_c_v12_01,temporal_back,5,12,0.4757044315338135,0.12849162011173185
movi_c_v12_01,temporal_back,6,1,0.3211723566055298,0.18435754189944134
movi_c_v12_01,temporal_back,6,2,0.3678370416164398,0.11731843575418995
movi_c_v12_01,temporal_back,6,3,0.48336294293403625,0.17318435754189945
movi_c_v12_01,temporal_back,6,4,0.2970961630344391,0.01675977653631285
movi_c_v12_01,temporal_back,6,5,0.5589849948883057,0.18994413407821228
movi_c_v12_01,temporal_back,6,6,1.0,1.0
movi_c_v12_01,temporal_back,6,7,0.4903680980205536,0.18435754189944134
movi_c_v12_01,temporal_back,6,8,0.5478197932243347,0.2122905027932961
movi_c_v12_01,temporal_back,6,9,0.3875664472579956,0.0893854748603352
movi_c_v12_01,temporal_back,6,10,0.4692983627319336,0.08379888268156424
movi_c_v12_01,temporal_back,6,11,0.5171206593513489,0.0782122905027933
movi_c_v12_01,temporal_back,6,12,0.6179417967796326,0.22905027932960895
movi_c_v12_01,temporal_back,7,1,0.1969142109155655,0.061452513966480445
movi_c_v12_01,temporal_back,7,2,0.3402717411518097,0.07262569832402235
movi_c_v12_01,temporal_back,7,3,0.3108743131160736,0.08379888268156424
movi_c_v12_01,temporal_back,7,4,0.29121434688568115,0.027932960893854747
movi_c_v12_01,temporal_back,7,5,0.5147692561149597,0.1787709497206704
movi_c_v12_01,temporal_back,7,6,0.4903680980205536,0.18435754189944134
movi_c_v12_01,temporal_back,7,7,1.0,1.0
movi_c_v12_01,temporal_back,7,8,0.4861881732940674,0.12849162011173185
movi_c_v12_01,temporal_back,7,9,0.6465986371040344,0.35195530726256985
movi_c_v12_01,temporal_back,7,10,0.5674349069595337,0.2122905027932961
movi_c_v12_01,temporal_back,7,11,0.5489920377731323,0.2011173184357542
movi_c_v12_01,temporal_back,7,12,0.3642905056476593,0.0335195530726257
movi_c_v12_01,temporal_back,8,1,0.33728379011154175,0.18435754189944134
movi_c_v12_01,temporal_back,8,2,0.3784433603286743,0.1005586592178771
movi_c_v12_01,temporal_back,8,3,0.46869513392448425,0.18435754189944134
movi_c_v12_01,temporal_back,8,4,0.5296557545661926,0.1452513966480447
movi_c_v12_01,temporal_back,8,5,0.5936946272850037,0.18994413407821228
movi_c_v12_01,temporal_back,8,6,0.5478197932243347,0.2122905027932961
movi_c_v12_01,temporal_back,8,7,0.4861881732940674,0.12849162011173185
movi_c_v12_01,temporal_back,8,8,1.0000001192092896,1.0
movi_c_v12_01,temporal_back,8,9,0.4073341488838196,0.027932960893854747
movi_c_v12_01,temporal_back,8,10,0.5493422746658325,0.09497206703910614
movi_c_v12_01,temporal_back,8,11,0.6096310615539551,0.061452513966480445
movi_c_v12_01,temporal_back,8,12,0.5076252222061157,0.0893854748603352
movi_c_v12_01,temporal_back,9,1,0.1005188450217247,0.0
movi_c_v12_01,temporal_back,9,2,0.16507242619991302,0.0
movi_c_v12_01,temporal_back,9,3,0.21824564039707184,0.0335195530726257
movi_c_v12_01,temporal_back,9,4,0.40608564019203186,0.08379888268156424
movi_c_v12_01,temporal_back,9,5,0.4289698600769043,0.0446927374301676
movi_c_v12_01,temporal_back,9,6,0.3875664472579956,0.0893854748603352
movi_c_v12_01,temporal_back,9,7,0.6465986371040344,0.35195530726256985
movi_c_v12_01,temporal_back,9,8,0.4073341488838196,0.027932960893854747
movi_c_v12_01,temporal_back,9,9,0.9999999403953552,1.0
movi_c_v12_01,temporal_back,9,10,0.6124006509780884,0.2849162011173184
movi_c_v12_01,temporal_back,9,11,0.5175350904464722,0.09497206703910614
movi_c_v12_01,temporal_back,9,12,0.313047856092453,0.027932960893854747
movi_c_v12_01,temporal_back,10,1,0.23267590999603271,0.0446927374301676
movi_c_v12_01,temporal_back,10,2,0.3961891233921051,0.12849162011173185
movi_c_v12_01,temporal_back,10,3,0.5050039291381836,0.18994413407821228
movi_c_v12_01,temporal_back,10,4,0.6239771246910095,0.1564245810055866
movi_c_v12_01,temporal_back,10,5,0.40536871552467346,0.027932960893854747
movi_c_v12_01,temporal_back,10,6,0.4692983627319336,0.08379888268156424
movi_c_v12_01,temporal_back,10,7,0.5674349069595337,0.2122905027932961
movi_c_v12_01,temporal_back,10,8,0.5493422746658325,0.09497206703910614
movi_c_v12_01,temporal_back,10,9,0.6124006509780884,0.2849162011173184
movi_c_v12_01,temporal_back,10,10,1.0,1.0
movi_c_v12_01,temporal_back,10,11,0.6279212832450867,0.11173184357541899
movi_c_v12_01,temporal_back,10,12,0.5158637762069702,0.055865921787709494
movi_c_v12_01,temporal_back,11,1,0.3570250868797302,0.09497206703910614
movi_c_v12_01,temporal_back,11,2,0.45533832907676697,0.12290502793296089
movi_c_v12_01,temporal_back,11,3,0.4906243681907654,0.16201117318435754
movi_c_v12_01,temporal_back,11,4,0.5671101808547974,0.09497206703910614
movi_c_v12_01,temporal_back,11,5,0.490327924489975,0.027932960893854747
movi_c_v12_01,temporal_back,11,6,0.5171206593513489,0.0782122905027933
movi_c_v12_01,temporal_back,11,7,0.5489920377731323,0.2011173184357542
movi_c_v12_01,temporal_back,11,8,0.6096310615539551,0.061452513966480445
movi_c_v12_01,temporal_back,11,9,0.5175350904464722,0.09497206703910614
movi_c_v12_01,temporal_back,11,10,0.6279212832450867,0.11173184357541899
movi_c_v12_01,temporal_back,11,11,0.9999999403953552,1.0
movi_c_v12_01,temporal_back,11,12,0.5740965008735657,0.07262569832402235
movi_c_v12_01,temporal_back,12,1,0.4809599816799164,0.29608938547486036
movi_c_v12_01,temporal_back,12,2,0.4841569662094116,0.22346368715083798
movi_c_v12_01,temporal_back,12,3,0.5297713279724121,0.2011173184357542
movi_c_v12_01,temporal_back,12,4,0.39150020480155945,0.07262569832402235
movi_c_v12_01,temporal_back,12,5,0.4757044315338135,0.12849162011173185
movi_c_v12_01,temporal_back,12,6,0.6179417967796326,0.22905027932960895
movi_c_v12_01,temporal_back,12,7,0.3642905056476593,0.0335195530726257
movi_c_v12_01,temporal_back,12,8,0.5076252222061157,0.0893854748603352
movi_c_v12_01,temporal_back,12,9,0.313047856092453,0.027932960893854747
movi_c_v12_01,temporal_back,12,10,0.5158637762069702,0.055865921787709494
movi_c_v12_01,temporal_back,12,11,0.5740965008735657,0.07262569832402235
movi_c_v12_01,temporal_back,12,12,1.0000001192092896,1.0
movi_c_v12_01,temporal_front,1,1,1.0,1.0
movi_c_v12_01,temporal_front,1,2,0.6367788314819336,0.3240223463687151
movi_c_v12_01,temporal_front,1,3,0.6214887499809265,0.40782122905027934
movi_c_v12_01,temporal_front,1,4,0.4333328902721405,0.05027932960893855
movi_c_v12_01,temporal_front,1,5,0.0652465894818306,0.01675977653631285
movi_c_v12_01,temporal_front,1,6,0.5135689973831177,0.31843575418994413
movi_c_v12_01,temporal_front,1,7,0.5339134335517883,0.3463687150837989
movi_c_v12_01,temporal_front,1,8,0.13792000710964203,0.08379888268156424
movi_c_v12_01,temporal_front,1,9,0.33040356636047363,0.13966480446927373
movi_c_v12_01,temporal_front,1,10,0.12729887664318085,0.055865921787709494
movi_c_v12_01,temporal_front,1,11,0.45024681091308594,0.22346368715083798
movi_c_v12_01,temporal_front,1,12,0.5445178747177124,0.3128491620111732
movi_c_v12_01,temporal_front,2,1,0.6367788314819336,0.3240223463687151
movi_c_v12_01,temporal_front,2,2,1.0,1.0
movi_c_v12_01,temporal_front,2,3,0.6313893795013428,0.27932960893854747
movi_c_v12_01,temporal_front,2,4,0.6088868975639343,0.061452513966480445
movi_c_v12_01,temporal_front,2,5,0.20769774913787842,0.027932960893854747
movi_c_v12_01,temporal_front,2,6,0.6328544616699219,0.17318435754189945
movi_c_v12_01,temporal_front,2,7,0.6185624003410339,0.36312849162011174
movi_c_v12_01,temporal_front,2,8,0.18635371327400208,0.0335195530726257
movi_c_v12_01,temporal_front,2,9,0.48102670907974243,0.16201117318435754
movi_c_v12_01,temporal_front,2,10,0.15322022140026093,0.01675977653631285
movi_c_v12_01,temporal_front,2,11,0.4738166034221649,0.1340782122905028
movi_c_v12_01,temporal_front,2,12,0.5988078117370605,0.3128491620111732
movi_c_v12_01,temporal_front,3,1,0.6214887499809265,0.40782122905027934
movi_c_v12_01,temporal_front,3,2,0.6313893795013428,0.27932960893854747
movi_c_v12_01,temporal_front,3,3,1.0000001192092896,1.0
movi_c_v12_01,temporal_front,3,4,0.4410048723220825,0.03910614525139665
movi_c_v12_01,temporal_front,3,5,0.1023663729429245,0.027932960893854747
movi_c_v12_01,temporal_front,3,6,0.5308216214179993,0.3128491620111732
movi_c_v12_01,temporal_front,3,7,0.5319197177886963,0.3463687150837989
movi_c_v12_01,temporal_front,3,8,0.14573755860328674,0.0446927374301676
movi_c_v12_01,temporal_front,3,9,0.3613429069519043,0.1452513966480447
movi_c_v12_01,temporal_front,3,10,0.15421970188617706,0.03910614525139665
movi_c_v12_01,temporal_front,3,11,0.4356497824192047,0.19553072625698323
movi_c_v12_01,temporal_front,3,12,0.5476089119911194,0.33519553072625696
movi_c_v12_01,temporal_front,4,1,0.4333328902721405,0.05027932960893855
movi_c_v12_01,temporal_front,4,2,0.6088868975639343,0.061452513966480445
movi_c_v12_01,temporal_front,4,3,0.4410048723220825,0.03910614525139665
movi_c_v12_01,temporal_front,4,4,1.0,1.0
movi_c_v12_01,temporal_front,4,5,0.3583488464355469,0.12849162011173185
movi_c_v12_01,temporal_front,4,6,0.5495270490646362,0.055865921787709494
movi_c_v12_01,temporal_front,4,7,0.49163618683815,0.027932960893854747
movi_c_v12_01,temporal_front,4,8,0.3663826584815979,0.0446927374301676
movi_c_v12_01,temporal_front,4,9,0.6001673936843872,0.061452513966480445
movi_c_v12_01,temporal_front,4,10,0.49470609426498413,0.20670391061452514
movi_c_v12_01,temporal_front,4,11,0.509987473487854,0.05027932960893855
movi_c_v12_01,temporal_front,4,12,0.4469631612300873,0.01675977653631285
movi_c_v12_01,temporal_front,5,1,0.0652465894818306,0.01675977653631285
movi_c_v12_01,temporal_front,5,2,0.20769774913787842,0.027932960893854747
movi_c_v12_01,temporal_front,5,3,0.1023663729429245,0.027932960893854747
movi_c_v12_01,temporal_front,5,4,0.3583488464355469,0.12849162011173185
movi_c_v12_01,temporal_front,5,5,1.0,1.0
movi_c_v12_01,temporal_front,5,6,0.40669354796409607,0.20670391061452514
movi_c_v12_01,temporal_front,5,7,0.4964982867240906,0.26256983240223464
movi_c_v12_01,temporal_front,5,8,0.050056010484695435,0.01675977653631285
movi_c_v12_01,temporal_front,5,9,0.2838417887687683,0.12849162011173185
movi_c_v12_01,temporal_front,5,10,0.2814446985721588,0.11731843575418995
movi_c_v12_01,temporal_front,5,11,0.08268528431653976,0.0223463687150838
movi_c_v12_01,temporal_front,5,12,0.37779563665390015,0.22346368715083798
movi_c_v12_01,temporal_front,6,1,0.5135689973831177,0.31843575418994413
movi_c_v12_01,temporal_front,6,2,0.6328544616699219,0.17318435754189945
movi_c_v12_01,temporal_front,6,3,0.5308216214179993,0.3128491620111732
movi_c_v12_01,temporal_front,6,4,0.5495270490646362,0.055865921787709494
movi_c_v12_01,temporal_front,6,5,0.40669354796409607,0.20670391061452514
movi_c_v12_01,temporal_front,6,6,0.9999999403953552,1.0
movi_c_v12_01,temporal_front,6,7,0.5712695717811584,0.24581005586592178
movi_c_v12_01,temporal_front,6,8,0.14306966960430145,0.0335195530726257
movi_c_v12_01,temporal_front,6,9,0.4226977527141571,0.1452513966480447
movi_c_v12_01,temporal_front,6,10,0.11993023008108139,0.00558659217877095
movi_c_v12_01,temporal_front,6,11,0.30428558588027954,0.0670391061452514
movi_c_v12_01,temporal_front,6,12,0.5395233631134033,0.24581005586592178
movi_c_v12_01,temporal_front,7,1,0.5339134335517883,0.3463687150837989
movi_c_v12_01,temporal_front,7,2,0.6185624003410339,0.36312849162011174
movi_c_v12_01,temporal_front,7,3,0.5319197177886963,0.3463687150837989
movi_c_v12_01,temporal_front,7,4,0.49163618683815,0.027932960893854747
movi_c_v12_01,temporal_front,7,5,0.4964982867240906,0.26256983240223464
movi_c_v12_01,temporal_front,7,6,0.5712695717811584,0.24581005586592178
movi_c_v12_01,temporal_front,7,7,1.0,1.0
movi_c_v12_01,temporal_front,7,8,0.11146102845668793,0.0223463687150838
movi_c_v12_01,temporal_front,7,9,0.5413312315940857,0.329608938547486
movi_c_v12_01,temporal_front,7,10,0.16134223341941833,0.03910614525139665
movi_c_v12_01,temporal_front,7,11,0.4425368905067444,0.20670391061452514
movi_c_v12_01,temporal_front,7,12,0.7404887080192566,0.5418994413407822
movi_c_v12_01,temporal_front,8,1,0.13792000710964203,0.08379888268156424
movi_c_v12_01,temporal_front,8,2,0.18635371327400208,0.0335195530726257
movi_c_v12_01,temporal_front,8,3,0.14573755860328674,0.0446927374301676
movi_c_v12_01,temporal_front,8,4,0.3663826584815979,0.0446927374301676
movi_c_v12_01,temporal_front,8,5,0.050056010484695435,0.01675977653631285
movi_c_v12_01,temporal_front,8,6,0.14306966960430145,0.0335195530726257
movi_c_v12_01,temporal_front,8,7,0.11146102845668793,0.0223463687150838
movi_c_v12_01,temporal_front,8,8,1.0,1.0
movi_c_v12_01,temporal_front,8,9,0.2800757586956024,0.0670391061452514
movi_c_v12_01,temporal_front,8,10,0.4865942597389221,0.2905027932960894
movi_c_v12_01,temporal_front,8,11,0.3220171630382538,0.18435754189944134
movi_c_v12_01,temporal_front,8,12,0.09512072056531906,0.01675977653631285
movi_c_v12_01,temporal_front,9,1,0.33040356636047363,0.13966480446927373
movi_c_v12_01,temporal_front,9,2,0.48102670907974243,0.16201117318435754
movi_c_v12_01,temporal_front,9,3,0.3613429069519043,0.1452513966480447
movi_c_v12_01,temporal_front,9,4,0.6001673936843872,0.061452513966480445
movi_c_v12_01,temporal_front,9,5,0.2838417887687683,0.12849162011173185
movi_c_v12_01,temporal_front,9,6,0.4226977527141571,0.1452513966480447
movi_c_v12_01,temporal_front,9,7,0.5413312315940857,0.329608938547486
movi_c_v12_01,temporal_front,9,8,0.2800757586956024,0.0670391061452514
movi_c_v12_01,temporal_front,9,9,0.9999999403953552,1.0
movi_c_v12_01,temporal_front,9,10,0.2328943908214569,0.03910614525139665
movi_c_v12_01,temporal_front,9,11,0.4152761697769165,0.1005586592178771
movi_c_v12_01,temporal_front,9,12,0.45389893651008606,0.22346368715083798
movi_c_v12_01,temporal_front,10,1,0.12729887664318085,0.055865921787709494
movi_c_v12_01,temporal_front,10,2,0.15322022140026093,0.01675977653631285
movi_c_v12_01,temporal_front,10,3,0.15421970188617706,0.03910614525139665
movi_c_v12_01,temporal_front,10,4,0.49470609426498413,0.20670391061452514
movi_c_v12_01,temporal_front,10,5,0.2814446985721588,0.11731843575418995
movi_c_v12_01,temporal_front,10,6,0.11993023008108139,0.00558659217877095
movi_c_v12_01,temporal_front,10,7,0.16134223341941833,0.03910614525139665
movi_c_v12_01,temporal_front,10,8,0.4865942597389221,0.2905027932960894
movi_c_v12_01,temporal_front,10,9,0.2328943908214569,0.03910614525139665
movi_c_v12_01,temporal_front,10,10,1.0,1.0
movi_c_v12_01,temporal_front,10,11,0.292186439037323,0.1005586592178771
movi_c_v12_01,temporal_front,10,12,0.15134470164775848,0.0223463687150838
movi_c_v12_01,temporal_front,11,1,0.45024681091308594,0.22346368715083798
movi_c_v12_01,temporal_front,11,2,0.4738166034221649,0.1340782122905028
movi_c_v12_01,temporal_front,11,3,0.4356497824192047,0.19553072625698323
movi_c_v12_01,temporal_front,11,4,0.509987473487854,0.05027932960893855
movi_c_v12_01,temporal_front,11,5,0.08268528431653976,0.0223463687150838
movi_c_v12_01,temporal_front,11,6,0.30428558588027954,0.0670391061452514
movi_c_v12_01,temporal_front,11,7,0.4425368905067444,0.20670391061452514
movi_c_v12_01,temporal_front,11,8,0.3220171630382538,0.18435754189944134
movi_c_v12_01,temporal_front,11,9,0.4152761697769165,0.1005586592178771
movi_c_v12_01,temporal_front,11,10,0.292186439037323,0.1005586592178771
movi_c_v12_01,temporal_front,11,11,1.0,1.0
movi_c_v12_01,temporal_front,11,12,0.45257145166397095,0.22346368715083798
movi_c_v12_01,temporal_front,12,1,0.5445178747177124,0.3128491620111732
movi_c_v12_01,temporal_front,12,2,0.5988078117370605,0.3128491620111732
movi_c_v12_01,temporal_front,12,3,0.5476089119911194,0.33519553072625696
movi_c_v12_01,temporal_front,12,4,0.4469631612300873,0.01675977653631285
movi_c_v12_01,temporal_front,12,5,0.37779563665390015,0.22346368715083798
movi_c_v12_01,temporal_front,12,6,0.5395233631134033,0.24581005586592178
movi_c_v12_01,temporal_front,12,7,0.7404887080192566,0.5418994413407822
movi_c_v12_01,temporal_front,12,8,0.09512072056531906,0.01675977653631285
movi_c_v12_01,temporal_front,12,9,0.45389893651008606,0.22346368715083798
movi_c_v12_01,temporal_front,12,10,0.15134470164775848,0.0223463687150838
movi_c_v12_01,temporal_front,12,11,0.45257145166397095,0.22346368715083798
movi_c_v12_01,temporal_front,12,12,0.9999998807907104,1.0
movi_c_v12_01,temporal_middle,1,1,0.9999998807907104,1.0
movi_c_v12_01,temporal_middle,1,2,0.34528905153274536,0.21787709497206703
movi_c_v12_01,temporal_middle,1,3,0.4015031158924103,0.2905027932960894
movi_c_v12_01,temporal_middle,1,4,0.18977661430835724,0.027932960893854747
movi_c_v12_01,temporal_middle,1,5,0.15222059190273285,0.05027932960893855
movi_c_v12_01,temporal_middle,1,6,0.2544005513191223,0.1005586592178771
movi_c_v12_01,temporal_middle,1,7,0.32797741889953613,0.15083798882681565
movi_c_v12_01,temporal_middle,1,8,0.14001379907131195,0.055865921787709494
movi_c_v12_01,temporal_middle,1,9,0.31566697359085083,0.17318435754189945
movi_c_v12_01,temporal_middle,1,10,0.15945599973201752,0.0335195530726257
movi_c_v12_01,temporal_middle,1,11,0.23340117931365967,0.12290502793296089
movi_c_v12_01,temporal_middle,1,12,0.32984447479248047,0.19553072625698323
movi_c_v12_01,temporal_middle,2,1,0.34528905153274536,0.21787709497206703
movi_c_v12_01,temporal_middle,2,2,1.0,1.0
movi_c_v12_01,temporal_middle,2,3,0.8026383519172668,0.4860335195530726
movi_c_v12_01,temporal_middle,2,4,0.6008041501045227,0.21787709497206703
movi_c_v12_01,temporal_middle,2,5,0.3257874548435211,0.061452513966480445
movi_c_v12_01,temporal_middle,2,6,0.5355454683303833,0.1452513966480447
movi_c_v12_01,temporal_middle,2,7,0.4939199686050415,0.1787709497206704
movi_c_v12_01,temporal_middle,2,8,0.2564237117767334,0.08379888268156424
movi_c_v12_01,temporal_middle,2,9,0.4906628429889679,0.1340782122905028
movi_c_v12_01,temporal_middle,2,10,0.34267115592956543,0.07262569832402235
movi_c_v12_01,temporal_middle,2,11,0.5477872490882874,0.3016759776536313
movi_c_v12_01,temporal_middle,2,12,0.47849372029304504,0.22346368715083798
movi_c_v12_01,temporal_middle,3,1,0.4015031158924103,0.2905027932960894
movi_c_v12_01,temporal_middle,3,2,0.8026383519172668,0.4860335195530726
movi_c_v12_01,temporal_middle,3,3,1.0,1.0
movi_c_v12_01,temporal_middle,3,4,0.5301390886306763,0.15083798882681565
movi_c_v12_01,temporal_middle,3,5,0.23717714846134186,0.0335195530726257
movi_c_v12_01,temporal_middle,3,6,0.48986393213272095,0.1787709497206704
movi_c_v12_01,temporal_middle,3,7,0.5481641888618469,0.2569832402234637
movi_c_v12_01,temporal_middle,3,8,0.13223257660865784,0.027932960893854747
movi_c_v12_01,temporal_middle,3,9,0.5190558433532715,0.2346368715083799
movi_c_v12_01,temporal_middle,3,10,0.2028413712978363,0.01675977653631285
movi_c_v12_01,temporal_middle,3,11,0.45509013533592224,0.2011173184357542
movi_c_v12_01,temporal_middle,3,12,0.4664257764816284,0.22905027932960895
movi_c_v12_01,temporal_middle,4,1,0.18977661430835724,0.027932960893854747
movi_c_v12_01,temporal_middle,4,2,0.6008041501045227,0.21787709497206703
movi_c_v12_01,temporal_middle,4,3,0.5301390886306763,0.15083798882681565
movi_c_v12_01,temporal_middle,4,4,1.0000001192092896,1.0
movi_c_v12_01,temporal_middle,4,5,0.5679169297218323,0.1564245810055866
movi_c_v12_01,temporal_middle,4,6,0.6079787015914917,0.11173184357541899
movi_c_v12_01,temporal_middle,4,7,0.5976951718330383,0.1340782122905028
movi_c_v12_01,temporal_middle,4,8,0.505949079990387,0.1452513966480447
movi_c_v12_01,temporal_middle,4,9,0.46738699078559875,0.027932960893854747
movi_c_v12_01,temporal_middle,4,10,0.4988335371017456,0.061452513966480445
movi_c_v12_01,temporal_middle,4,11,0.6536812782287598,0.18994413407821228
movi_c_v12_01,temporal_middle,4,12,0.5807837247848511,0.16201117318435754
movi_c_v12_01,temporal_middle,5,1,0.15222059190273285,0.05027932960893855
movi_c_v12_01,temporal_middle,5,2,0.3257874548435211,0.061452513966480445
movi_c_v12_01,temporal_middle,5,3,0.23717714846134186,0.0335195530726257
movi_c_v12_01,temporal_middle,5,4,0.5679169297218323,0.1564245810055866
movi_c_v12_01,temporal_middle,5,5,0.9999998807907104,1.0
movi_c_v12_01,temporal_middle,5,6,0.5389105677604675,0.1564245810055866
movi_c_v12_01,temporal_middle,5,7,0.3611014485359192,0.0335195530726257
movi_c_v12_01,temporal_middle,5,8,0.5630083084106445,0.2905027932960894
movi_c_v12_01,temporal_middle,5,9,0.4125414490699768,0.12290502793296089
movi_c_v12_01,temporal_middle,5,10,0.6524360775947571,0.329608938547486
movi_c_v12_01,temporal_middle,5,11,0.44961023330688477,0.17318435754189945
movi_c_v12_01,temporal_middle,5,12,0.39139288663864136,0.1005586592178771
movi_c_v12_01,temporal_middle,6,1,0.2544005513191223,0.1005586592178771
movi_c_v12_01,temporal_middle,6,2,0.5355454683303833,0.1452513966480447
movi_c_v12_01,temporal_middle,6,3,0.48986393213272095,0.1787709497206704
movi_c_v12_01,temporal_middle,6,4,0.6079787015914917,0.11173184357541899
movi_c_v12_01,temporal_middle,6,5,0.5389105677604675,0.1564245810055866
movi_c_v12_01,temporal_middle,6,6,0.9999998807907104,1.0
movi_c_v12_01,temporal_middle,6,7,0.6112865209579468,0.20670391061452514
movi_c_v12_01,temporal_middle,6,8,0.46762514114379883,0.2122905027932961
movi_c_v12_01,temporal_middle,6,9,0.46227535605430603,0.055865921787709494
movi_c_v12_01,temporal_middle,6,10,0.4473172426223755,0.1787709497206704
movi_c_v12_01,temporal_middle,6,11,0.5302035212516785,0.1340782122905028
movi_c_v12_01,temporal_middle,6,12,0.5864734649658203,0.15083798882681565
movi_c_v12_01,temporal_middle,7,1,0.32797741889953613,0.15083798882681565
movi_c_v12_01,temporal_middle,7,2,0.4939199686050415,0.1787709497206704
movi_c_v12_01,temporal_middle,7,3,0.5481641888618469,0.2569832402234637
movi_c_v12_01,temporal_middle,7,4,0.5976951718330383,0.1340782122905028
movi_c_v12_01,temporal_middle,7,5,0.3611014485359192,0.0335195530726257
movi_c_v12_01,temporal_middle,7,6,0.6112865209579468,0.20670391061452514
movi_c_v12_01,temporal_middle,7,7,1.0,1.0
movi_c_v12_01,temporal_middle,7,8,0.2867356240749359,0.0446927374301676
movi_c_v12_01,temporal_middle,7,9,0.4913998246192932,0.16759776536312848
movi_c_v12_01,temporal_middle,7,10,0.2303096204996109,0.01675977653631285
movi_c_v12_01,temporal_middle,7,11,0.5370829701423645,0.16201117318435754
movi_c_v12_01,temporal_middle,7,12,0.6325125098228455,0.2849162011173184
movi_c_v12_01,temporal_middle,8,1,0.14001379907131195,0.055865921787709494
movi_c_v12_01,temporal_middle,8,2,0.2564237117767334,0.08379888268156424
movi_c_v12_01,temporal_middle,8,3,0.13223257660865784,0.027932960893854747
movi_c_v12_01,temporal_middle,8,4,0.505949079990387,0.1452513966480447
movi_c_v12_01,temporal_middle,8,5,0.5630083084106445,0.2905027932960894
movi_c_v12_01,temporal_middle,8,6,0.46762514114379883,0.2122905027932961
movi_c_v12_01,temporal_middle,8,7,0.2867356240749359,0.0446927374301676
movi_c_v12_01,temporal_middle,8,8,1.0,1.0
movi_c_v12_01,temporal_middle,8,9,0.34590592980384827,0.09497206703910614
movi_c_v12_01,temporal_middle,8,10,0.641559362411499,0.40782122905027934
movi_c_v12_01,temporal_middle,8,11,0.4234023988246918,0.1452513966480447
movi_c_v12_01,temporal_middle,8,12,0.4484586715698242,0.1340782122905028
movi_c_v12_01,temporal_middle,9,1,0.31566697359085083,0.17318435754189945
movi_c_v12_01,temporal_middle,9,2,0.4906628429889679,0.1340782122905028
movi_c_v12_01,temporal_middle,9,3,0.5190558433532715,0.2346368715083799
movi_c_v12_01,temporal_middle,9,4,0.46738699078559875,0.027932960893854747
movi_c_v12_01,temporal_middle,9,5,0.4125414490699768,0.12290502793296089
movi_c_v12_01,temporal_middle,9,6,0.46227535605430603,0.055865921787709494
movi_c_v12_01,temporal_middle,9,7,0.4913998246192932,0.16759776536312848
movi_c_v12_01,temporal_middle,9,8,0.34590592980384827,0.09497206703910614
movi_c_v12_01,temporal_middle,9,9,1.0000001192092896,1.0
movi_c_v12_01,temporal_middle,9,10,0.29775482416152954,0.0782122905027933
movi_c_v12_01,temporal_middle,9,11,0.4094625413417816,0.0893854748603352
movi_c_v12_01,temporal_middle,9,12,0.5360587239265442,0.24022346368715083
movi_c_v12_01,temporal_middle,10,1,0.15945599973201752,0.0335195530726257
movi_c_v12_01,temporal_middle,10,2,0.34267115592956543,0.07262569832402235
movi_c_v12_01,temporal_middle,10,3,0.2028413712978363,0.01675977653631285
movi_c_v12_01,temporal_middle,10,4,0.4988335371017456,0.061452513966480445
movi_c_v12_01,temporal_middle,10,5,0.6524360775947571,0.329608938547486
movi_c_v12_01,temporal_middle,10,6,0.4473172426223755,0.1787709497206704
movi_c_v12_01,temporal_middle,10,7,0.2303096204996109,0.01675977653631285
movi_c_v12_01,temporal_middle,10,8,0.641559362411499,0.40782122905027934
movi_c_v12_01,temporal_middle,10,9,0.29775482416152954,0.0782122905027933
movi_c_v12_01,temporal_middle,10,10,1.0,1.0
movi_c_v12_01,temporal_middle,10,11,0.36499518156051636,0.061452513966480445
movi_c_v12_01,temporal_middle,10,12,0.29414406418800354,0.055865921787709494
movi_c_v12_01,temporal_middle,11,1,0.23340117931365967,0.12290502793296089
movi_c_v12_01,temporal_middle,11,2,0.5477872490882874,0.3016759776536313
movi_c_v12_01,temporal_middle,11,3,0.45509013533592224,0.2011173184357542
movi_c_v12_01,temporal_middle,11,4,0.6536812782287598,0.18994413407821228
movi_c_v12_01,temporal_middle,11,5,0.44961023330688477,0.17318435754189945
movi_c_v12_01,temporal_middle,11,6,0.5302035212516785,0.1340782122905028
movi_c_v12_01,temporal_middle,11,7,0.5370829701423645,0.16201117318435754
movi_c_v12_01,temporal_middle,11,8,0.4234023988246918,0.1452513966480447
movi_c_v12_01,temporal_middle,11,9,0.4094625413417816,0.0893854748603352
movi_c_v12_01,temporal_middle,11,10,0.36499518156051636,0.061452513966480445
movi_c_v12_01,temporal_middle,11,11,1.0,1.0
movi_c_v12_01,temporal_middle,11,12,0.5941837430000305,0.30726256983240224
movi_c_v12_01,temporal_middle,12,1,0.32984447479248047,0.19553072625698323
movi_c_v12_01,temporal_middle,12,2,0.47849372029304504,0.22346368715083798
movi_c_v12_01,temporal_middle,12,3,0.4664257764816284,0.22905027932960895
movi_c_v12_01,temporal_middle,12,4,0.5807837247848511,0.16201117318435754
movi_c_v12_01,temporal_middle,12,5,0.39139288663864136,0.1005586592178771
movi_c_v12_01,temporal_middle,12,6,0.5864734649658203,0.15083798882681565
movi_c_v12_01,temporal_middle,12,7,0.6325125098228455,0.2849162011173184
movi_c_v12_01,temporal_middle,12,8,0.4484586715698242,0.1340782122905028
movi_c_v12_01,temporal_middle,12,9,0.5360587239265442,0.24022346368715083
movi_c_v12_01,temporal_middle,12,10,0.29414406418800354,0.055865921787709494
movi_c_v12_01,temporal_middle,12,11,0.5941837430000305,0.30726256983240224
movi_c_v12_01,temporal_middle,12,12,0.9999998807907104,1.0
movi_c_v12_02,spatial_block,1,1,1.0000001192092896,1.0
movi_c_v12_02,spatial_block,1,2,0.41041135787963867,0.10614525139664804
movi_c_v12_02,spatial_block,1,3,0.38968104124069214,0.12849162011173185
movi_c_v12_02,spatial_block,1,4,0.5684463977813721,0.13966480446927373
movi_c_v12_02,spatial_block,1,5,0.30657315254211426,0.061452513966480445
movi_c_v12_02,spatial_block,1,6,0.3313978910446167,0.05027932960893855
movi_c_v12_02,spatial_block,1,7,0.5085793733596802,0.26256983240223464
movi_c_v12_02,spatial_block,1,8,0.4812275171279907,0.0893854748603352
movi_c_v12_02,spatial_block,1,9,0.43921932578086853,0.15083798882681565
movi_c_v12_02,spatial_block,1,10,0.47688156366348267,0.12290502793296089
movi_c_v12_02,spatial_block,1,11,0.4911248981952667,0.10614525139664804
movi_c_v12_02,spatial_block,1,12,0.6169553399085999,0.22905027932960895
movi_c_v12_02,spatial_block,2,1,0.41041135787963867,0.10614525139664804
movi_c_v12_02,spatial_block,2,2,1.0,1.0
movi_c_v12_02,spatial_block,2,3,0.6236138343811035,0.3016759776536313
movi_c_v12_02,spatial_block,2,4,0.5775529742240906,0.0
movi_c_v12_02,spatial_block,2,5,0.4441302418708801,0.11173184357541899
movi_c_v12_02,spatial_block,2,6,0.29543545842170715,0.0446927374301676
movi_c_v12_02,spatial_block,2,7,0.21283076703548431,0.01675977653631285
movi_c_v12_02,spatial_block,2,8,0.5975592732429504,0.1787709497206704
movi_c_v12_02,spatial_block,2,9,0.27413758635520935,0.0335195530726257
movi_c_v12_02,spatial_block,2,10,0.5790227651596069,0.18994413407821228
movi_c_v12_02,spatial_block,2,11,0.5350525379180908,0.08379888268156424
movi_c_v12_02,spatial_block,2,12,0.4271829128265381,0.07262569832402235
movi_c_v12_02,spatial_block,3,1,0.38968104124069214,0.12849162011173185
movi_c_v12_02,spatial_block,3,2,0.6236138343811035,0.3016759776536313
movi_c_v12_02,spatial_block,3,3,1.0,1.0
movi_c_v12_02,spatial_block,3,4,0.4199596643447876,0.0
movi_c_v12_02,spatial_block,3,5,0.24266372621059418,0.0335195530726257
movi_c_v12_02,spatial_block,3,6,0.2858176827430725,0.0670391061452514
movi_c_v12_02,spatial_block,3,7,0.08899977058172226,0.0111731843575419
movi_c_v12_02,spatial_block,3,8,0.4426746666431427,0.0782122905027933
movi_c_v12_02,spatial_block,3,9,0.16738897562026978,0.01675977653631285
movi_c_v12_02,spatial_block,3,10,0.5056523680686951,0.11173184357541899
movi_c_v12_02,spatial_block,3,11,0.33059361577033997,0.03910614525139665
movi_c_v12_02,spatial_block,3,12,0.4182894825935364,0.1564245810055866
movi_c_v12_02,spatial_block,4,1,0.5684463977813721,0.13966480446927373
movi_c_v12_02,spatial_block,4,2,0.5775529742240906,0.0
movi_c_v12_02,spatial_block,4,3,0.4199596643447876,0.0
movi_c_v12_02,spatial_block,4,4,0.9999998807907104,1.0
movi_c_v12_02,spatial_block,4,5,0.6470155715942383,0.18994413407821228
movi_c_v12_02,spatial_block,4,6,0.5232875347137451,0.061452513966480445
movi_c_v12_02,spatial_block,4,7,0.580042839050293,0.24022346368715083
movi_c_v12_02,spatial_block,4,8,0.6521223187446594,0.027932960893854747
movi_c_v12_02,spatial_block,4,9,0.5959268808364868,0.22346368715083798
movi_c_v12_02,spatial_block,4,10,0.5188516974449158,0.0446927374301676
movi_c_v12_02,spatial_block,4,11,0.8116050362586975,0.19553072625698323
movi_c_v12_02,spatial_block,4,12,0.6911383271217346,0.12290502793296089
movi_c_v12_02,spatial_block,5,1,0.30657315254211426,0.061452513966480445
movi_c_v12_02,spatial_block,5,2,0.4441302418708801,0.11173184357541899
movi_c_v12_02,spatial_block,5,3,0.24266372621059418,0.0335195530726257
movi_c_v12_02,spatial_block,5,4,0.6470155715942383,0.18994413407821228
movi_c_v12_02,spatial_block,5,5,1.0,1.0
movi_c_v12_02,spatial_block,5,6,0.24117504060268402,0.0670391061452514
movi_c_v12_02,spatial_block,5,7,0.3198685348033905,0.07262569832402235
movi_c_v12_02,spatial_block,5,8,0.4547477066516876,0.055865921787709494
movi_c_v12_02,spatial_block,5,9,0.4424320459365845,0.12290502793296089
movi_c_v12_02,spatial_block,5,10,0.4159410893917084,0.09497206703910614
movi_c_v12_02,spatial_block,5,11,0.5868237018585205,0.18994413407821228
movi_c_v12_02,spatial_block,5,12,0.40932539105415344,0.0446927374301676
movi_c_v12_02,spatial_block,6,1,0.3313978910446167,0.05027932960893855
movi_c_v12_02,spatial_block,6,2,0.29543545842170715,0.0446927374301676
movi_c_v12_02,spatial_block,6,3,0.2858176827430725,0.0670391061452514
movi_c_v12_02,spatial_block,6,4,0.5232875347137451,0.061452513966480445
movi_c_v12_02,spatial_block,6,5,0.24117504060268402,0.0670391061452514
movi_c_v12_02,spatial_block,6,6,1.0,1.0
movi_c_v12_02,spatial_block,6,7,0.502617359161377,0.1452513966480447
movi_c_v12_02,spatial_block,6,8,0.38220998644828796,0.0670391061452514
movi_c_v12_02,spatial_block,6,9,0.23687843978405,0.0223463687150838
movi_c_v12_02,spatial_block,6,10,0.18718543648719788,0.0111731843575419
movi_c_v12_02,spatial_block,6,11,0.41378873586654663,0.03910614525139665
movi_c_v12_02,spatial_block,6,12,0.53798907995224,0.15083798882681565
movi_c_v12_02,spatial_block,7,1,0.5085793733596802,0.26256983240223464
movi_c_v12_02,spatial_block,7,2,0.21283076703548431,0.01675977653631285
movi_c_v12_02,spatial_block,7,3,0.08899977058172226,0.0111731843575419
movi_c_v12_02,spatial_block,7,4,0.580042839050293,0.24022346368715083
movi_c_v12_02,spatial_block,7,5,0.3198685348033905,0.07262569832402235
movi_c_v12_02,spatial_block,7,6,0.502617359161377,0.1452513966480447
movi_c_v12_02,spatial_block,7,7,0.9999999403953552,1.0
movi_c_v12_02,spatial_block,7,8,0.32195448875427246,0.0446927374301676
movi_c_v12_02,spatial_block,7,9,0.4577042758464813,0.16759776536312848
movi_c_v12_02,spatial_block,7,10,0.11078877002000809,0.0
movi_c_v12_02,spatial_block,7,11,0.5861769318580627,0.22346368715083798
movi_c_v12_02,spatial_block,7,12,0.537095308303833,0.17318435754189945
movi_c_v12_02,spatial_block,8,1,0.4812275171279907,0.0893854748603352
movi_c_v12_02,spatial_block,8,2,0.5975592732429504,0.1787709497206704
movi_c_v12_02,spatial_block,8,3,0.4426746666431427,0.0782122905027933
movi_c_v12_02,spatial_block,8,4,0.6521223187446594,0.027932960893854747
movi_c_v12_02,spatial_block,8,5,0.4547477066516876,0.055865921787709494
movi_c_v12_02,spatial_block,8,6,0.38220998644828796,0.0670391061452514
movi_c_v12_02,spatial_block,8,7,0.32195448875427246,0.0446927374301676
movi_c_v12_02,spatial_block,8,8,0.9999998807907104,1.0
movi_c_v12_02,spatial_block,8,9,0.4379235506057739,0.0782122905027933
movi_c_v12_02,spatial_block,8,10,0.634645938873291,0.24022346368715083
movi_c_v12_02,spatial_block,8,11,0.6073848009109497,0.061452513966480445
movi_c_v12_02,spatial_block,8,12,0.5078549981117249,0.0670391061452514
movi_c_v12_02,spatial_block,9,1,0.43921932578086853,0.15083798882681565
movi_c_v12_02,spatial_block,9,2,0.27413758635520935,0.0335195530726257
movi_c_v12_02,spatial_block,9,3,0.16738897562026978,0.01675977653631285
movi_c_v12_02,spatial_block,9,4,0.5959268808364868,0.22346368715083798
movi_c_v12_02,spatial_block,9,5,0.4424320459365845,0.12290502793296089
movi_c_v12_02,spatial_block,9,6,0.23687843978405,0.0223463687150838
movi_c_v12_02,spatial_block,9,7,0.4577042758464813,0.16759776536312848
movi_c_v12_02,spatial_block,9,8,0.4379235506057739,0.0782122905027933
movi_c_v12_02,spatial_block,9,9,1.0,1.0
movi_c_v12_02,spatial_block,9,10,0.409502774477005,0.16201117318435754
movi_c_v12_02,spatial_block,9,11,0.607530415058136,0.2011173184357542
movi_c_v12_02,spatial_block,9,12,0.4625294804573059,0.0782122905027933
movi_c_v12_02,spatial_block,10,1,0.47688156366348267,0.12290502793296089
movi_c_v12_02,spatial_block,10,2,0.5790227651596069,0.18994413407821228
movi_c_v12_02,spatial_block,10,3,0.5056523680686951,0.11173184357541899
movi_c_v12_02,spatial_block,10,4,0.5188516974449158,0.0446927374301676
movi_c_v12_02,spatial_block,10,5,0.4159410893917084,0.09497206703910614
movi_c_v12_02,spatial_block,10,6,0.18718543648719788,0.0111731843575419
movi_c_v12_02,spatial_block,10,7,0.11078877002000809,0.0
movi_c_v12_02,spatial_block,10,8,0.634645938873291,0.24022346368715083
movi_c_v12_02,spatial_block,10,9,0.409502774477005,0.16201117318435754
movi_c_v12_02,spatial_block,10,10,0.9999998807907104,1.0
movi_c_v12_02,spatial_block,10,11,0.48891881108283997,0.0670391061452514
movi_c_v12_02,spatial_block,10,12,0.43806132674217224,0.0335195530726257
movi_c_v12_02,spatial_block,11,1,0.4911248981952667,0.10614525139664804
movi_c_v12_02,spatial_block,11,2,0.5350525379180908,0.08379888268156424
movi_c_v12_02,spatial_block,11,3,0.33059361577033997,0.03910614525139665
movi_c_v12_02,spatial_block,11,4,0.8116050362586975,0.19553072625698323
movi_c_v12_02,spatial_block,11,5,0.5868237018585205,0.18994413407821228
movi_c_v12_02,spatial_block,11,6,0.41378873586654663,0.03910614525139665
movi_c_v12_02,spatial_block,11,7,0.5861769318580627,0.22346368715083798
movi_c_v12_02,spatial_block,11,8,0.6073848009109497,0.061452513966480445
movi_c_v12_02,spatial_block,11,9,0.607530415058136,0.2011173184357542
movi_c_v12_02,spatial_block,11,10,0.48891881108283997,0.0670391061452514
movi_c_v12_02,spatial_block,11,11,1.0,1.0
movi_c_v12_02,spatial_block,11,12,0.6097829341888428,0.07262569832402235
movi_c_v12_02,spatial_block,12,1,0.6169553399085999,0.22905027932960895
movi_c_v12_02,spatial_block,12,2,0.4271829128265381,0.07262569832402235
movi_c_v12_02,spatial_block,12,3,0.4182894825935364,0.1564245810055866
movi_c_v12_02,spatial_block,12,4,0.6911383271217346,0.12290502793296089
movi_c_v12_02,spatial_block,12,5,0.40932539105415344,0.0446927374301676
movi_c_v12_02,spatial_block,12,6,0.53798907995224,0.15083798882681565
movi_c_v12_02,spatial_block,12,7,0.537095308303833,0.17318435754189945
movi_c_v12_02,spatial_block,12,8,0.5078549981117249,0.0670391061452514
movi_c_v12_02,spatial_block,12,9,0.4625294804573059,0.0782122905027933
movi_c_v12_02,spatial_block,12,10,0.43806132674217224,0.0335195530726257
movi_c_v12_02,spatial_block,12,11,0.6097829341888428,0.07262569832402235
movi_c_v12_02,spatial_block,12,12,0.9999999403953552,1.0
movi_c_v12_02,spatial_scattered,1,1,0.9999998807907104,1.0
movi_c_v12_02,spatial_scattered,1,2,0.38310539722442627,0.1564245810055866
movi_c_v12_02,spatial_scattered,1,3,0.5355573892593384,0.26256983240223464
movi_c_v12_02,spatial_scattered,1,4,0.5521543622016907,0.12290502793296089
movi_c_v12_02,spatial_scattered,1,5,0.3958647549152374,0.1005586592178771
movi_c_v12_02,spatial_scattered,1,6,0.39137932658195496,0.13966480446927373
movi_c_v12_02,spatial_scattered,1,7,0.33455753326416016,0.1005586592178771
movi_c_v12_02,spatial_scattered,1,8,0.3422907292842865,0.08379888268156424
movi_c_v12_02,spatial_scattered,1,9,0.4079497754573822,0.1005586592178771
movi_c_v12_02,spatial_scattered,1,10,0.5446386933326721,0.21787709497206703
movi_c_v12_02,spatial_scattered,1,11,0.28742334246635437,0.0335195530726257
movi_c_v12_02,spatial_scattered,1,12,0.36787089705467224,0.07262569832402235
movi_c_v12_02,spatial_scattered,2,1,0.38310539722442627,0.1564245810055866
movi_c_v12_02,spatial_scattered,2,2,1.0000001192092896,1.0
movi_c_v12_02,spatial_scattered,2,3,0.5525384545326233,0.27932960893854747
movi_c_v12_02,spatial_scattered,2,4,0.3354104161262512,0.0
movi_c_v12_02,spatial_scattered,2,5,0.26187655329704285,0.055865921787709494
movi_c_v12_02,spatial_scattered,2,6,0.3302205204963684,0.1340782122905028
movi_c_v12_02,spatial_scattered,2,7,0.19309581816196442,0.0670391061452514
movi_c_v12_02,spatial_scattered,2,8,0.22282865643501282,0.0223463687150838
movi_c_v12_02,spatial_scattered,2,9,0.255048543214798,0.03910614525139665
movi_c_v12_02,spatial_scattered,2,10,0.23018313944339752,0.0223463687150838
movi_c_v12_02,spatial_scattered,2,11,0.11102409660816193,0.00558659217877095
movi_c_v12_02,spatial_scattered,2,12,0.43217384815216064,0.1787709497206704
movi_c_v12_02,spatial_scattered,3,1,0.5355573892593384,0.26256983240223464
movi_c_v12_02,spatial_scattered,3,2,0.5525384545326233,0.27932960893854747
movi_c_v12_02,spatial_scattered,3,3,1.0,1.0
movi_c_v12_02,spatial_scattered,3,4,0.420002281665802,0.0
movi_c_v12_02,spatial_scattered,3,5,0.2659755349159241,0.0111731843575419
movi_c_v12_02,spatial_scattered,3,6,0.35026270151138306,0.08379888268156424
movi_c_v12_02,spatial_scattered,3,7,0.15056684613227844,0.0111731843575419
movi_c_v12_02,spatial_scattered,3,8,0.48925158381462097,0.1340782122905028
movi_c_v12_02,spatial_scattered,3,9,0.42879003286361694,0.12849162011173185
movi_c_v12_02,spatial_scattered,3,10,0.5190163254737854,0.2122905027932961
movi_c_v12_02,spatial_scattered,3,11,0.1375560462474823,0.00558659217877095
movi_c_v12_02,spatial_scattered,3,12,0.31149789690971375,0.061452513966480445
movi_c_v12_02,spatial_scattered,4,1,0.5521543622016907,0.12290502793296089
movi_c_v12_02,spatial_scattered,4,2,0.3354104161262512,0.0
movi_c_v12_02,spatial_scattered,4,3,0.420002281665802,0.0
movi_c_v12_02,spatial_scattered,4,4,0.9999999403953552,1.0
movi_c_v12_02,spatial_scattered,4,5,0.6795321106910706,0.11173184357541899
movi_c_v12_02,spatial_scattered,4,6,0.5304697751998901,0.027932960893854747
movi_c_v12_02,spatial_scattered,4,7,0.5672957301139832,0.2011173184357542
movi_c_v12_02,spatial_scattered,4,8,0.43668273091316223,0.00558659217877095
movi_c_v12_02,spatial_scattered,4,9,0.7029738426208496,0.11173184357541899
movi_c_v12_02,spatial_scattered,4,10,0.605624794960022,0.0335195530726257
movi_c_v12_02,spatial_scattered,4,11,0.7311334609985352,0.26256983240223464
movi_c_v12_02,spatial_scattered,4,12,0.6382943987846375,0.12849162011173185
movi_c_v12_02,spatial_scattered,5,1,0.3958647549152374,0.1005586592178771
movi_c_v12_02,spatial_scattered,5,2,0.26187655329704285,0.055865921787709494
movi_c_v12_02,spatial_scattered,5,3,0.2659755349159241,0.0111731843575419
movi_c_v12_02,spatial_scattered,5,4,0.6795321106910706,0.11173184357541899
movi_c_v12_02,spatial_scattered,5,5,1.0000001192092896,1.0
movi_c_v12_02,spatial_scattered,5,6,0.4963276982307434,0.22905027932960895
movi_c_v12_02,spatial_scattered,5,7,0.40723147988319397,0.1452513966480447
movi_c_v12_02,spatial_scattered,5,8,0.44427490234375,0.09497206703910614
movi_c_v12_02,spatial_scattered,5,9,0.4795551300048828,0.08379888268156424
movi_c_v12_02,spatial_scattered,5,10,0.4391818046569824,0.05027932960893855
movi_c_v12_02,spatial_scattered,5,11,0.5197639465332031,0.0893854748603352
movi_c_v12_02,spatial_scattered,5,12,0.46512213349342346,0.0893854748603352
movi_c_v12_02,spatial_scattered,6,1,0.39137932658195496,0.13966480446927373
movi_c_v12_02,spatial_scattered,6,2,0.3302205204963684,0.1340782122905028
movi_c_v12_02,spatial_scattered,6,3,0.35026270151138306,0.08379888268156424
movi_c_v12_02,spatial_scattered,6,4,0.5304697751998901,0.027932960893854747
movi_c_v12_02,spatial_scattered,6,5,0.4963276982307434,0.22905027932960895
movi_c_v12_02,spatial_scattered,6,6,1.0,1.0
movi_c_v12_02,spatial_scattered,6,7,0.565382719039917,0.16201117318435754
movi_c_v12_02,spatial_scattered,6,8,0.3031727075576782,0.05027932960893855
movi_c_v12_02,spatial_scattered,6,9,0.39829522371292114,0.08379888268156424
movi_c_v12_02,spatial_scattered,6,10,0.3126623332500458,0.11173184357541899
movi_c_v12_02,spatial_scattered,6,11,0.40686553716659546,0.03910614525139665
movi_c_v12_02,spatial_scattered,6,12,0.6227753162384033,0.11731843575418995
movi_c_v12_02,spatial_scattered,7,1,0.33455753326416016,0.1005586592178771
movi_c_v12_02,spatial_scattered,7,2,0.19309581816196442,0.0670391061452514
movi_c_v12_02,spatial_scattered,7,3,0.15056684613227844,0.0111731843575419
movi_c_v12_02,spatial_scattered,7,4,0.5672957301139832,0.2011173184357542
movi_c_v12_02,spatial_scattered,7,5,0.40723147988319397,0.1452513966480447
movi_c_v12_02,spatial_scattered,7,6,0.565382719039917,0.16201117318435754
movi_c_v12_02,spatial_scattered,7,7,1.0,1.0
movi_c_v12_02,spatial_scattered,7,8,0.22841089963912964,0.027932960893854747
movi_c_v12_02,spatial_scattered,7,9,0.37639451026916504,0.027932960893854747
movi_c_v12_02,spatial_scattered,7,10,0.08452219516038895,0.0
movi_c_v12_02,spatial_scattered,7,11,0.6096009016036987,0.3128491620111732
movi_c_v12_02,spatial_scattered,7,12,0.7096952199935913,0.21787709497206703
movi_c_v12_02,spatial_scattered,8,1,0.3422907292842865,0.08379888268156424
movi_c_v12_02,spatial_scattered,8,2,0.22282865643501282,0.0223463687150838
movi_c_v12_02,spatial_scattered,8,3,0.48925158381462097,0.1340782122905028
movi_c_v12_02,spatial_scattered,8,4,0.43668273091316223,0.00558659217877095
movi_c_v12_02,spatial_scattered,8,5,0.44427490234375,0.09497206703910614
movi_c_v12_02,spatial_scattered,8,6,0.3031727075576782,0.05027932960893855
movi_c_v12_02,spatial_scattered,8,7,0.22841089963912964,0.027932960893854747
movi_c_v12_02,spatial_scattered,8,8,1.0,1.0
movi_c_v12_02,spatial_scattered,8,9,0.3469812273979187,0.061452513966480445
movi_c_v12_02,spatial_scattered,8,10,0.5276957750320435,0.22905027932960895
movi_c_v12_02,spatial_scattered,8,11,0.2391534447669983,0.0111731843575419
movi_c_v12_02,spatial_scattered,8,12,0.2686691880226135,0.05027932960893855
movi_c_v12_02,spatial_scattered,9,1,0.4079497754573822,0.1005586592178771
movi_c_v12_02,spatial_scattered,9,2,0.255048543214798,0.03910614525139665
movi_c_v12_02,spatial_scattered,9,3,0.42879003286361694,0.12849162011173185
movi_c_v12_02,spatial_scattered,9,4,0.7029738426208496,0.11173184357541899
movi_c_v12_02,spatial_scattered,9,5,0.4795551300048828,0.08379888268156424
movi_c_v12_02,spatial_scattered,9,6,0.39829522371292114,0.08379888268156424
movi_c_v12_02,spatial_scattered,9,7,0.37639451026916504,0.027932960893854747
movi_c_v12_02,spatial_scattered,9,8,0.3469812273979187,0.061452513966480445
movi_c_v12_02,spatial_scattered,9,9,1.0,1.0
movi_c_v12_02,spatial_scattered,9,10,0.5118073225021362,0.1340782122905028
movi_c_v12_02,spatial_scattered,9,11,0.5391672849655151,0.0670391061452514
movi_c_v12_02,spatial_scattered,9,12,0.4867163598537445,0.0446927374301676
movi_c_v12_02,spatial_scattered,10,1,0.5446386933326721,0.21787709497206703
movi_c_v12_02,spatial_scattered,10,2,0.23018313944339752,0.0223463687150838
movi_c_v12_02,spatial_scattered,10,3,0.5190163254737854,0.2122905027932961
movi_c_v12_02,spatial_scattered,10,4,0.605624794960022,0.0335195530726257
movi_c_v12_02,spatial_scattered,10,5,0.4391818046569824,0.05027932960893855
movi_c_v12_02,spatial_scattered,10,6,0.3126623332500458,0.11173184357541899
movi_c_v12_02,spatial_scattered,10,7,0.08452219516038895,0.0
movi_c_v12_02,spatial_scattered,10,8,0.5276957750320435,0.22905027932960895
movi_c_v12_02,spatial_scattered,10,9,0.5118073225021362,0.1340782122905028
movi_c_v12_02,spatial_scattered,10,10,1.0,1.0
movi_c_v12_02,spatial_scattered,10,11,0.2667670249938965,0.0
movi_c_v12_02,spatial_scattered,10,12,0.2200327068567276,0.0
movi_c_v12_02,spatial_scattered,11,1,0.28742334246635437,0.0335195530726257
movi_c_v12_02,spatial_scattered,11,2,0.11102409660816193,0.00558659217877095
movi_c_v12_02,spatial_scattered,11,3,0.1375560462474823,0.00558659217877095
movi_c_v12_02,spatial_scattered,11,4,0.7311334609985352,0.26256983240223464
movi_c_v12_02,spatial_scattered,11,5,0.5197639465332031,0.0893854748603352
movi_c_v12_02,spatial_scattered,11,6,0.40686553716659546,0.03910614525139665
movi_c_v12_02,spatial_scattered,11,7,0.6096009016036987,0.3128491620111732
movi_c_v12_02,spatial_scattered,11,8,0.2391534447669983,0.0111731843575419
movi_c_v12_02,spatial_scattered,11,9,0.5391672849655151,0.0670391061452514
movi_c_v12_02,spatial_scattered,11,10,0.2667670249938965,0.0
movi_c_v12_02,spatial_scattered,11,11,1.0,1.0
movi_c_v12_02,spatial_scattered,11,12,0.5977097749710083,0.2122905027932961
movi_c_v12_02,spatial_scattered,12,1,0.36787089705467224,0.07262569832402235
movi_c_v12_02,spatial_scattered,12,2,0.43217384815216064,0.1787709497206704
movi_c_v12_02,spatial_scattered,12,3,0.31149789690971375,0.061452513966480445
movi_c_v12_02,spatial_scattered,12,4,0.6382943987846375,0.12849162011173185
movi_c_v12_02,spatial_scattered,12,5,0.46512213349342346,0.0893854748603352
movi_c_v12_02,spatial_scattered,12,6,0.6227753162384033,0.11731843575418995
movi_c_v12_02,spatial_scattered,12,7,0.7096952199935913,0.21787709497206703
movi_c_v12_02,spatial_scattered,12,8,0.2686691880226135,0.05027932960893855
movi_c_v12_02,spatial_scattered,12,9,0.4867163598537445,0.0446927374301676
movi_c_v12_02,spatial_scattered,12,10,0.2200327068567276,0.0
movi_c_v12_02,spatial_scattered,12,11,0.5977097749710083,0.2122905027932961
movi_c_v12_02,spatial_scattered,12,12,1.0,1.0
movi_c_v12_02,temporal_back,1,1,1.0,1.0
movi_c_v12_02,temporal_back,1,2,0.4053458869457245,0.27932960893854747
movi_c_v12_02,temporal_back,1,3,0.28519880771636963,0.1564245810055866
movi_c_v12_02,temporal_back,1,4,0.240121990442276,0.0670391061452514
movi_c_v12_02,temporal_back,1,5,0.332706481218338,0.16759776536312848
movi_c_v12_02,temporal_back,1,6,0.33209338784217834,0.16759776536312848
movi_c_v12_02,temporal_back,1,7,0.14810743927955627,0.07262569832402235
movi_c_v12_02,temporal_back,1,8,0.27846139669418335,0.08379888268156424
movi_c_v12_02,temporal_back,1,9,0.176019087433815,0.0446927374301676
movi_c_v12_02,temporal_back,1,10,0.314859539270401,0.13966480446927373
movi_c_v12_02,temporal_back,1,11,0.3133790194988251,0.11731843575418995
movi_c_v12_02,temporal_back,1,12,0.4131106436252594,0.20670391061452514
movi_c_v12_02,temporal_back,2,1,0.4053458869457245,0.27932960893854747
movi_c_v12_02,temporal_back,2,2,1.0,1.0
movi_c_v12_02,temporal_back,2,3,0.6534103155136108,0.4860335195530726
movi_c_v12_02,temporal_back,2,4,0.27825862169265747,0.0670391061452514
movi_c_v12_02,temporal_back,2,5,0.21373508870601654,0.09497206703910614
movi_c_v12_02,temporal_back,2,6,0.4136524200439453,0.2346368715083799
movi_c_v12_02,temporal_back,2,7,0.1303255558013916,0.0446927374301676
movi_c_v12_02,temporal_back,2,8,0.3485385775566101,0.18435754189944134
movi_c_v12_02,temporal_back,2,9,0.15850073099136353,0.01675977653631285
movi_c_v12_02,temporal_back,2,10,0.3593909740447998,0.15083798882681565
movi_c_v12_02,temporal_back,2,11,0.3929225206375122,0.1787709497206704
movi_c_v12_02,temporal_back,2,12,0.35436785221099854,0.15083798882681565
movi_c_v12_02,temporal_back,3,1,0.28519880771636963,0.1564245810055866
movi_c_v12_02,temporal_back,3,2,0.6534103155136108,0.4860335195530726
movi_c_v12_02,temporal_back,3,3,0.9999999403953552,1.0
movi_c_v12_02,temporal_back,3,4,0.47713804244995117,0.1340782122905028
movi_c_v12_02,temporal_back,3,5,0.289009153842926,0.027932960893854747
movi_c_v12_02,temporal_back,3,6,0.49459999799728394,0.22346368715083798
movi_c_v12_02,temporal_back,3,7,0.17535176873207092,0.0335195530726257
movi_c_v12_02,temporal_back,3,8,0.47004082798957825,0.16759776536312848
movi_c_v12_02,temporal_back,3,9,0.2600158154964447,0.027932960893854747
movi_c_v12_02,temporal_back,3,10,0.5483667254447937,0.12290502793296089
movi_c_v12_02,temporal_back,3,11,0.545115053653717,0.16759776536312848
movi_c_v12_02,temporal_back,3,12,0.45811036229133606,0.12849162011173185
movi_c_v12_02,temporal_back,4,1,0.240121990442276,0.0670391061452514
movi_c_v12_02,temporal_back,4,2,0.27825862169265747,0.0670391061452514
movi_c_v12_02,temporal_back,4,3,0.47713804244995117,0.1340782122905028
movi_c_v12_02,temporal_back,4,4,1.0,1.0
movi_c_v12_02,temporal_back,4,5,0.5482025742530823,0.03910614525139665
movi_c_v12_02,temporal_back,4,6,0.5126158595085144,0.13966480446927373
movi_c_v12_02,temporal_back,4,7,0.6247018575668335,0.18435754189944134
movi_c_v12_02,temporal_back,4,8,0.7440106868743896,0.08379888268156424
movi_c_v12_02,temporal_back,4,9,0.7331417798995972,0.2122905027932961
movi_c_v12_02,temporal_back,4,10,0.8395666480064392,0.12290502793296089
movi_c_v12_02,temporal_back,4,11,0.7734408378601074,0.07262569832402235
movi_c_v12_02,temporal_back,4,12,0.6376637816429138,0.13966480446927373
movi_c_v12_02,temporal_back,5,1,0.332706481218338,0.16759776536312848
movi_c_v12_02,temporal_back,5,2,0.21373508870601654,0.09497206703910614
movi_c_v12_02,temporal_back,5,3,0.289009153842926,0.027932960893854747
movi_c_v12_02,temporal_back,5,4,0.5482025742530823,0.03910614525139665
movi_c_v12_02,temporal_back,5,5,0.9999999403953552,1.0
movi_c_v12_02,temporal_back,5,6,0.37798774242401123,0.09497206703910614
movi_c_v12_02,temporal_back,5,7,0.3515285551548004,0.01675977653631285
movi_c_v12_02,temporal_back,5,8,0.5852341651916504,0.08379888268156424
movi_c_v12_02,temporal_back,5,9,0.46804311871528625,0.0446927374301676
movi_c_v12_02,temporal_back,5,10,0.526154637336731,0.05027932960893855
movi_c_v12_02,temporal_back,5,11,0.5559191703796387,0.0446927374301676
movi_c_v12_02,temporal_back,5,12,0.496890127658844,0.08379888268156424
movi_c_v12_02,temporal_back,6,1,0.33209338784217834,0.16759776536312848
movi_c_v12_02,temporal_back,6,2,0.4136524200439453,0.2346368715083799
movi_c_v12_02,temporal_back,6,3,0.49459999799728394,0.22346368715083798
movi_c_v12_02,temporal_back,6,4,0.5126158595085144,0.13966480446927373
movi_c_v12_02,temporal_back,6,5,0.37798774242401123,0.09497206703910614
movi_c_v12_02,temporal_back,6,6,1.0,1.0
movi_c_v12_02,temporal_back,6,7,0.4686976671218872,0.2122905027932961
movi_c_v12_02,temporal_back,6,8,0.5095203518867493,0.12290502793296089
movi_c_v12_02,temporal_back,6,9,0.4219464361667633,0.0782122905027933
movi_c_v12_02,temporal_back,6,10,0.537954568862915,0.11173184357541899
movi_c_v12_02,temporal_back,6,11,0.5291417241096497,0.08379888268156424
movi_c_v12_02,temporal_back,6,12,0.587520956993103,0.24022346368715083
movi_c_v12_02,temporal_back,7,1,0.14810743927955627,0.07262569832402235
movi_c_v12_02,temporal_back,7,2,0.1303255558013916,0.0446927374301676
movi_c_v12_02,temporal_back,7,3,0.17535176873207092,0.0335195530726257
movi_c_v12_02,temporal_back,7,4,0.6247018575668335,0.18435754189944134
movi_c_v12_02,temporal_back,7,5,0.3515285551548004,0.01675977653631285
movi_c_v12_02,temporal_back,7,6,0.4686976671218872,0.2122905027932961
movi_c_v12_02,temporal_back,7,7,1.0000001192092896,1.0
movi_c_v12_02,temporal_back,7,8,0.5111929774284363,0.11731843575418995
movi_c_v12_02,temporal_back,7,9,0.7124985456466675,0.3128491620111732
movi_c_v12_02,temporal_back,7,10,0.6319003105163574,0.21787709497206703
movi_c_v12_02,temporal_back,7,11,0.6170114874839783,0.2569832402234637
movi_c_v12_02,temporal_back,7,12,0.4206899106502533,0.12290502793296089
movi_c_v12_02,temporal_back,8,1,0.27846139669418335,0.08379888268156424
movi_c_v12_02,temporal_back,8,2,0.3485385775566101,0.18435754189944134
movi_c_v12_02,temporal_back,8,3,0.47004082798957825,0.16759776536312848
movi_c_v12_02,temporal_back,8,4,0.7440106868743896,0.08379888268156424
movi_c_v12_02,temporal_back,8,5,0.5852341651916504,0.08379888268156424
movi_c_v12_02,temporal_back,8,6,0.5095203518867493,0.12290502793296089
movi_c_v12_02,temporal_back,8,7,0.5111929774284363,0.11731843575418995
movi_c_v12_02,temporal_back,8,8,1.0,1.0
movi_c_v12_02,temporal_back,8,9,0.5206533074378967,0.0335195530726257
movi_c_v12_02,temporal_back,8,10,0.7243154048919678,0.1005586592178771
movi_c_v12_02,temporal_back,8,11,0.7144246101379395,0.13966480446927373
movi_c_v12_02,temporal_back,8,12,0.5261169672012329,0.03910614525139665
movi_c_v12_02,temporal_back,9,1,0.176019087433815,0.0446927374301676
movi_c_v12_02,temporal_back,9,2,0.15850073099136353,0.01675977653631285
movi_c_v12_02,temporal_back,9,3,0.2600158154964447,0.027932960893854747
movi_c_v12_02,temporal_back,9,4,0.7331417798995972,0.2122905027932961
movi_c_v12_02,temporal_back,9,5,0.46804311871528625,0.0446927374301676
movi_c_v12_02,temporal_back,9,6,0.4219464361667633,0.0782122905027933
movi_c_v12_02,temporal_back,9,7,0.7124985456466675,0.3128491620111732
movi_c_v12_02,temporal_back,9,8,0.5206533074378967,0.0335195530726257
movi_c_v12_02,temporal_back,9,9,1.0000001192092896,1.0
movi_c_v12_02,temporal_back,9,10,0.6878642439842224,0.24022346368715083
movi_c_v12_02,temporal_back,9,11,0.6510088443756104,0.17318435754189945
movi_c_v12_02,temporal_back,9,12,0.5299188494682312,0.1787709497206704
movi_c_v12_02,temporal_back,10,1,0.314859539270401,0.13966480446927373
movi_c_v12_02,temporal_back,10,2,0.3593909740447998,0.15083798882681565
movi_c_v12_02,temporal_back,10,3,0.5483667254447937,0.12290502793296089
movi_c_v12_02,temporal_back,10,4,0.8395666480064392,0.12290502793296089
movi_c_v12_02,temporal_back,10,5,0.526154637336731,0.05027932960893855
movi_c_v12_02,temporal_back,10,6,0.537954568862915,0.11173184357541899
movi_c_v12_02,temporal_back,10,7,0.6319003105163574,0.21787709497206703
movi_c_v12_02,temporal_back,10,8,0.7243154048919678,0.1005586592178771
movi_c_v12_02,temporal_back,10,9,0.6878642439842224,0.24022346368715083
movi_c_v12_02,temporal_back,10,10,0.9999999403953552,1.0
movi_c_v12_02,temporal_back,10,11,0.8087306022644043,0.16201117318435754
movi_c_v12_02,temporal_back,10,12,0.6695461869239807,0.18994413407821228
movi_c_v12_02,temporal_back,11,1,0.3133790194988251,0.11731843575418995
movi_c_v12_02,temporal_back,11,2,0.3929225206375122,0.1787709497206704
movi_c_v12_02,temporal_back,11,3,0.545115053653717,0.16759776536312848
movi_c_v12_02,temporal_back,11,4,0.7734408378601074,0.07262569832402235
movi_c_v12_02,temporal_back,11,5,0.5559191703796387,0.0446927374301676
movi_c_v12_02,temporal_back,11,6,0.5291417241096497,0.08379888268156424
movi_c_v12_02,temporal_back,11,7,0.6170114874839783,0.2569832402234637
movi_c_v12_02,temporal_back,11,8,0.7144246101379395,0.13966480446927373
movi_c_v12_02,temporal_back,11,9,0.6510088443756104,0.17318435754189945
movi_c_v12_02,temporal_back,11,10,0.8087306022644043,0.16201117318435754
movi_c_v12_02,temporal_back,11,11,1.0,1.0
movi_c_v12_02,temporal_back,11,12,0.6023382544517517,0.08379888268156424
movi_c_v12_02,temporal_back,12,1,0.4131106436252594,0.20670391061452514
movi_c_v12_02,temporal_back,12,2,0.35436785221099854,0.15083798882681565
movi_c_v12_02,temporal_back,12,3,0.45811036229133606,0.12849162011173185
movi_c_v12_02,temporal_back,12,4,0.6376637816429138,0.13966480446927373
movi_c_v12_02,temporal_back,12,5,0.496890127658844,0.08379888268156424
movi_c_v12_02,temporal_back,12,6,0.587520956993103,0.24022346368715083
movi_c_v12_02,temporal_back,12,7,0.4206899106502533,0.12290502793296089
movi_c_v12_02,temporal_back,12,8,0.5261169672012329,0.03910614525139665
movi_c_v12_02,temporal_back,12,9,0.5299188494682312,0.1787709497206704
movi_c_v12_02,temporal_back,12,10,0.6695461869239807,0.18994413407821228
movi_c_v12_02,temporal_back,12,11,0.6023382544517517,0.08379888268156424
movi_c_v12_02,temporal_back,12,12,1.0,1.0
movi_c_v12_02,temporal_front,1,1,0.9999998807907104,1.0
movi_c_v12_02,temporal_front,1,2,0.5595765113830566,0.3016759776536313
movi_c_v12_02,temporal_front,1,3,0.45518359541893005,0.2011173184357542
movi_c_v12_02,temporal_front,1,4,0.022914055734872818,
movi_c_v12_02,temporal_front,1,5,0.24994798004627228,0.15083798882681565
movi_c_v12_02,temporal_front,1,6,0.41307419538497925,0.17318435754189945
movi_c_v12_02,temporal_front,1,7,0.40271541476249695,0.2011173184357542
movi_c_v12_02,temporal_front,1,8,0.17042319476604462,0.07262569832402235
movi_c_v12_02,temporal_front,1,9,0.26846790313720703,0.0782122905027933
movi_c_v12_02,temporal_front,1,10,0.22584840655326843,0.07262569832402235
movi_c_v12_02,temporal_front,1,11,0.44114816188812256,0.3016759776536313
movi_c_v12_02,temporal_front,1,12,0.43935489654541016,0.25139664804469275
movi_c_v12_02,temporal_front,2,1,0.5595765113830566,0.3016759776536313
movi_c_v12_02,temporal_front,2,2,1.0,1.0
movi_c_v12_02,temporal_front,2,3,0.5860267281532288,0.25139664804469275
movi_c_v12_02,temporal_front,2,4,0.08566790074110031,
movi_c_v12_02,temporal_front,2,5,0.40381738543510437,0.0670391061452514
movi_c_v12_02,temporal_front,2,6,0.6278978586196899,0.25139664804469275
movi_c_v12_02,temporal_front,2,7,0.5126703381538391,0.16759776536312848
movi_c_v12_02,temporal_front,2,8,0.38970333337783813,0.08379888268156424
movi_c_v12_02,temporal_front,2,9,0.5262182950973511,0.0893854748603352
movi_c_v12_02,temporal_front,2,10,0.4003969728946686,0.0223463687150838
movi_c_v12_02,temporal_front,2,11,0.5333840250968933,0.15083798882681565
movi_c_v12_02,temporal_front,2,12,0.6063942313194275,0.1787709497206704
movi_c_v12_02,temporal_front,3,1,0.45518359541893005,0.2011173184357542
movi_c_v12_02,temporal_front,3,2,0.5860267281532288,0.25139664804469275
movi_c_v12_02,temporal_front,3,3,0.9999999403953552,1.0
movi_c_v12_02,temporal_front,3,4,0.03685595840215683,
movi_c_v12_02,temporal_front,3,5,0.33311158418655396,0.1452513966480447
movi_c_v12_02,temporal_front,3,6,0.38995620608329773,0.055865921787709494
movi_c_v12_02,temporal_front,3,7,0.5486537218093872,0.2737430167597765
movi_c_v12_02,temporal_front,3,8,0.12370982766151428,0.027932960893854747
movi_c_v12_02,temporal_front,3,9,0.4104364812374115,0.13966480446927373
movi_c_v12_02,temporal_front,3,10,0.19845812022686005,0.0111731843575419
movi_c_v12_02,temporal_front,3,11,0.5283965468406677,0.2905027932960894
movi_c_v12_02,temporal_front,3,12,0.587403416633606,0.3240223463687151
movi_c_v12_02,temporal_front,4,1,0.022914055734872818,
movi_c_v12_02,temporal_front,4,2,0.08566790074110031,
movi_c_v12_02,temporal_front,4,3,0.03685595840215683,
movi_c_v12_02,temporal_front,4,4,1.0,
movi_c_v12_02,temporal_front,4,5,0.0031701705884188414,
movi_c_v12_02,temporal_front,4,6,0.10468818247318268,
movi_c_v12_02,temporal_front,4,7,0.028884662315249443,
movi_c_v12_02,temporal_front,4,8,0.03351148962974548,
movi_c_v12_02,temporal_front,4,9,0.04585275426506996,
movi_c_v12_02,temporal_front,4,10,0.06444212049245834,
movi_c_v12_02,temporal_front,4,11,0.04549596086144447,
movi_c_v12_02,temporal_front,4,12,0.0833108201622963,
movi_c_v12_02,temporal_front,5,1,0.24994798004627228,0.15083798882681565
movi_c_v12_02,temporal_front,5,2,0.40381738543510437,0.0670391061452514
movi_c_v12_02,temporal_front,5,3,0.33311158418655396,0.1452513966480447
movi_c_v12_02,temporal_front,5,4,0.0031701705884188414,
movi_c_v12_02,temporal_front,5,5,1.0,1.0
movi_c_v12_02,temporal_front,5,6,0.2901614308357239,0.05027932960893855
movi_c_v12_02,temporal_front,5,7,0.3408517837524414,0.22346368715083798
movi_c_v12_02,temporal_front,5,8,0.3027520179748535,0.1005586592178771
movi_c_v12_02,temporal_front,5,9,0.3016556203365326,0.07262569832402235
movi_c_v12_02,temporal_front,5,10,0.5158195495605469,0.25139664804469275
movi_c_v12_02,temporal_front,5,11,0.30558493733406067,0.1005586592178771
movi_c_v12_02,temporal_front,5,12,0.2659986615180969,0.10614525139664804
movi_c_v12_02,temporal_front,6,1,0.41307419538497925,0.17318435754189945
movi_c_v12_02,temporal_front,6,2,0.6278978586196899,0.25139664804469275
movi_c_v12_02,temporal_front,6,3,0.38995620608329773,0.055865921787709494
movi_c_v12_02,temporal_front,6,4,0.10468818247318268,
movi_c_v12_02,temporal_front,6,5,0.2901614308357239,0.05027932960893855
movi_c_v12_02,temporal_front,6,6,1.0,1.0
movi_c_v12_02,temporal_front,6,7,0.35584864020347595,0.05027932960893855
movi_c_v12_02,temporal_front,6,8,0.2845650613307953,0.1340782122905028
movi_c_v12_02,temporal_front,6,9,0.4887198507785797,0.08379888268156424
movi_c_v12_02,temporal_front,6,10,0.33054131269454956,0.05027932960893855
movi_c_v12_02,temporal_front,6,11,0.4045509397983551,0.0670391061452514
movi_c_v12_02,temporal_front,6,12,0.43017977476119995,0.0670391061452514
movi_c_v12_02,temporal_front,7,1,0.40271541476249695,0.2011173184357542
movi_c_v12_02,temporal_front,7,2,0.5126703381538391,0.16759776536312848
movi_c_v12_02,temporal_front,7,3,0.5486537218093872,0.2737430167597765
movi_c_v12_02,temporal_front,7,4,0.028884662315249443,
movi_c_v12_02,temporal_front,7,5,0.3408517837524414,0.22346368715083798
movi_c_v12_02,temporal_front,7,6,0.35584864020347595,0.05027932960893855
movi_c_v12_02,temporal_front,7,7,1.0,1.0
movi_c_v12_02,temporal_front,7,8,0.07753072679042816,0.0
movi_c_v12_02,temporal_front,7,9,0.6396791934967041,0.33519553072625696
movi_c_v12_02,temporal_front,7,10,0.09613770246505737,0.00558659217877095
movi_c_v12_02,temporal_front,7,11,0.6513081789016724,0.40782122905027934
movi_c_v12_02,temporal_front,7,12,0.7049967050552368,0.4748603351955307
movi_c_v12_02,temporal_front,8,1,0.17042319476604462,0.07262569832402235
movi_c_v12_02,temporal_front,8,2,0.38970333337783813,0.08379888268156424
movi_c_v12_02,temporal_front,8,3,0.12370982766151428,0.027932960893854747
movi_c_v12_02,temporal_front,8,4,0.03351148962974548,
movi_c_v12_02,temporal_front,8,5,0.3027520179748535,0.1005586592178771
movi_c_v12_02,temporal_front,8,6,0.2845650613307953,0.1340782122905028
movi_c_v12_02,temporal_front,8,7,0.07753072679042816,0.0
movi_c_v12_02,temporal_front,8,8,0.9999998807907104,1.0
movi_c_v12_02,temporal_front,8,9,0.18214383721351624,0.0111731843575419
movi_c_v12_02,temporal_front,8,10,0.4867052435874939,0.24581005586592178
movi_c_v12_02,temporal_front,8,11,0.2790869176387787,0.0335195530726257
movi_c_v12_02,temporal_front,8,12,0.24873891472816467,0.01675977653631285
movi_c_v12_02,temporal_front,9,1,0.26846790313720703,0.0782122905027933
movi_c_v12_02,temporal_front,9,2,0.5262182950973511,0.0893854748603352
movi_c_v12_02,temporal_front,9,3,0.4104364812374115,0.13966480446927373
movi_c_v12_02,temporal_front,9,4,0.04585275426506996,
movi_c_v12_02,temporal_front,9,5,0.3016556203365326,0.07262569832402235
movi_c_v12_02,temporal_front,9,6,0.4887198507785797,0.08379888268156424
movi_c_v12_02,temporal_front,9,7,0.6396791934967041,0.33519553072625696
movi_c_v12_02,temporal_front,9,8,0.18214383721351624,0.0111731843575419
movi_c_v12_02,temporal_front,9,9,1.0,1.0
movi_c_v12_02,temporal_front,9,10,0.23746630549430847,0.027932960893854747
movi_c_v12_02,temporal_front,9,11,0.5879942774772644,0.2849162011173184
movi_c_v12_02,temporal_front,9,12,0.615748405456543,0.2681564245810056
movi_c_v12_02,temporal_front,10,1,0.22584840655326843,0.07262569832402235
movi_c_v12_02,temporal_front,10,2,0.4003969728946686,0.0223463687150838
movi_c_v12_02,temporal_front,10,3,0.19845812022686005,0.0111731843575419
movi_c_v12_02,temporal_front,10,4,0.06444212049245834,
movi_c_v12_02,temporal_front,10,5,0.5158195495605469,0.25139664804469275
movi_c_v12_02,temporal_front,10,6,0.33054131269454956,0.05027932960893855
movi_c_v12_02,temporal_front,10,7,0.09613770246505737,0.00558659217877095
movi_c_v12_02,temporal_front,10,8,0.4867052435874939,0.24581005586592178
movi_c_v12_02,temporal_front,10,9,0.23746630549430847,0.027932960893854747
movi_c_v12_02,temporal_front,10,10,1.0000001192092896,1.0
movi_c_v12_02,temporal_front,10,11,0.22896525263786316,0.027932960893854747
movi_c_v12_02,temporal_front,10,12,0.16919945180416107,0.0
movi_c_v12_02,temporal_front,11,1,0.44114816188812256,0.3016759776536313
movi_c_v12_02,temporal_front,11,2,0.5333840250968933,0.15083798882681565
movi_c_v12_02,temporal_front,11,3,0.5283965468406677,0.2905027932960894
movi_c_v12_02,temporal_front,11,4,0.04549596086144447,
movi_c_v12_02,temporal_front,11,5,0.30558493733406067,0.1005586592178771
movi_c_v12_02,temporal_front,11,6,0.4045509397983551,0.0670391061452514
movi_c_v12_02,temporal_front,11,7,0.6513081789016724,0.40782122905027934
movi_c_v12_02,temporal_front,11,8,0.2790869176387787,0.0335195530726257
movi_c_v12_02,temporal_front,11,9,0.5879942774772644,0.2849162011173184
movi_c_v12_02,temporal_front,11,10,0.22896525263786316,0.027932960893854747
movi_c_v12_02,temporal_front,11,11,0.9999999403953552,1.0
movi_c_v12_02,temporal_front,11,12,0.6729133129119873,0.3854748603351955
movi_c_v12_02,temporal_front,12,1,0.43935489654541016,0.25139664804469275
movi_c_v12_02,temporal_front,12,2,0.6063942313194275,0.1787709497206704
movi_c_v12_02,temporal_front,12,3,0.587403416633606,0.3240223463687151
movi_c_v12_02,temporal_front,12,4,0.0833108201622963,
movi_c_v12_02,temporal_front,12,5,0.2659986615180969,0.10614525139664804
movi_c_v12_02,temporal_front,12,6,0.43017977476119995,0.0670391061452514
movi_c_v12_02,temporal_front,12,7,0.7049967050552368,0.4748603351955307
movi_c_v12_02,temporal_front,12,8,0.24873891472816467,0.01675977653631285
movi_c_v12_02,temporal_front,12,9,0.615748405456543,0.2681564245810056
movi_c_v12_02,temporal_front,12,10,0.16919945180416107,0.0
movi_c_v12_02,temporal_front,12,11,0.6729133129119873,0.3854748603351955
movi_c_v12_02,temporal_front,12,12,1.0,1.0
movi_c_v12_02,temporal_middle,1,1,1.0,1.0
movi_c_v12_02,temporal_middle,1,2,0.36205488443374634,0.18994413407821228
movi_c_v12_02,temporal_middle,1,3,0.48558831214904785,0.3240223463687151
movi_c_v12_02,temporal_middle,1,4,0.220363050699234,0.1005586592178771
movi_c_v12_02,temporal_middle,1,5,0.30889347195625305,0.17318435754189945
movi_c_v12_02,temporal_middle,1,6,0.2672993242740631,0.0782122905027933
movi_c_v12_02,temporal_middle,1,7,0.5279097557067871,0.3016759776536313
movi_c_v12_02,temporal_middle,1,8,0.03581957146525383,0.00558659217877095
movi_c_v12_02,temporal_middle,1,9,0.3916243612766266,0.2011173184357542
movi_c_v12_02,temporal_middle,1,10,0.11108768731355667,0.027932960893854747
movi_c_v12_02,temporal_middle,1,11,0.3817106783390045,0.1452513966480447
movi_c_v12_02,temporal_middle,1,12,0.4738844037055969,0.2346368715083799
movi_c_v12_02,temporal_middle,2,1,0.36205488443374634,0.18994413407821228
movi_c_v12_02,temporal_middle,2,2,1.0000001192092896,1.0
movi_c_v12_02,temporal_middle,2,3,0.662265419960022,0.4245810055865922
movi_c_v12_02,temporal_middle,2,4,0.5360486507415771,0.2569832402234637
movi_c_v12_02,temporal_middle,2,5,0.29140207171440125,0.09497206703910614
movi_c_v12_02,temporal_middle,2,6,0.6540057063102722,0.2737430167597765
movi_c_v12_02,temporal_middle,2,7,0.44959041476249695,0.19553072625698323
movi_c_v12_02,temporal_middle,2,8,0.376457154750824,0.16759776536312848
movi_c_v12_02,temporal_middle,2,9,0.5437440276145935,0.13966480446927373
movi_c_v12_02,temporal_middle,2,10,0.1676178127527237,0.05027932960893855
movi_c_v12_02,temporal_middle,2,11,0.5118062496185303,0.18435754189944134
movi_c_v12_02,temporal_middle,2,12,0.6325920224189758,0.22346368715083798
movi_c_v12_02,temporal_middle,3,1,0.48558831214904785,0.3240223463687151
movi_c_v12_02,temporal_middle,3,2,0.662265419960022,0.4245810055865922
movi_c_v12_02,temporal_middle,3,3,1.0,1.0
movi_c_v12_02,temporal_middle,3,4,0.4510299861431122,0.2011173184357542
movi_c_v12_02,temporal_middle,3,5,0.1492910385131836,0.01675977653631285
movi_c_v12_02,temporal_middle,3,6,0.40958714485168457,0.1340782122905028
movi_c_v12_02,temporal_middle,3,7,0.4395427107810974,0.2569832402234637
movi_c_v12_02,temporal_middle,3,8,0.16784659028053284,0.0782122905027933
movi_c_v12_02,temporal_middle,3,9,0.4872901141643524,0.20670391061452514
movi_c_v12_02,temporal_middle,3,10,0.10771183669567108,0.027932960893854747
movi_c_v12_02,temporal_middle,3,11,0.385386198759079,0.15083798882681565
movi_c_v12_02,temporal_middle,3,12,0.5119098424911499,0.17318435754189945
movi_c_v12_02,temporal_middle,4,1,0.220363050699234,0.1005586592178771
movi_c_v12_02,temporal_middle,4,2,0.5360486507415771,0.2569832402234637
movi_c_v12_02,temporal_middle,4,3,0.4510299861431122,0.2011173184357542
movi_c_v12_02,temporal_middle,4,4,1.0,1.0
movi_c_v12_02,temporal_middle,4,5,0.21908344328403473,0.0111731843575419
movi_c_v12_02,temporal_middle,4,6,0.35533377528190613,0.11173184357541899
movi_c_v12_02,temporal_middle,4,7,0.25034549832344055,0.05027932960893855
movi_c_v12_02,temporal_middle,4,8,0.37079918384552,0.18435754189944134
movi_c_v12_02,temporal_middle,4,9,0.4118790328502655,0.0782122905027933
movi_c_v12_02,temporal_middle,4,10,0.4218714237213135,0.21787709497206703
movi_c_v12_02,temporal_middle,4,11,0.5400765538215637,0.17318435754189945
movi_c_v12_02,temporal_middle,4,12,0.4188307523727417,0.0670391061452514
movi_c_v12_02,temporal_middle,5,1,0.30889347195625305,0.17318435754189945
movi_c_v12_02,temporal_middle,5,2,0.29140207171440125,0.09497206703910614
movi_c_v12_02,temporal_middle,5,3,0.1492910385131836,0.01675977653631285
movi_c_v12_02,temporal_middle,5,4,0.21908344328403473,0.0111731843575419
movi_c_v12_02,temporal_middle,5,5,1.0,1.0
movi_c_v12_02,temporal_middle,5,6,0.3179069459438324,0.07262569832402235
movi_c_v12_02,temporal_middle,5,7,0.37721914052963257,0.19553072625698323
movi_c_v12_02,temporal_middle,5,8,0.2182202935218811,0.0446927374301676
movi_c_v12_02,temporal_middle,5,9,0.28425928950309753,0.027932960893854747
movi_c_v12_02,temporal_middle,5,10,0.36959749460220337,0.1564245810055866
movi_c_v12_02,temporal_middle,5,11,0.45877328515052795,0.12849162011173185
movi_c_v12_02,temporal_middle,5,12,0.5338717103004456,0.26256983240223464
movi_c_v12_02,temporal_middle,6,1,0.2672993242740631,0.0782122905027933
movi_c_v12_02,temporal_middle,6,2,0.6540057063102722,0.2737430167597765
movi_c_v12_02,temporal_middle,6,3,0.40958714485168457,0.1340782122905028
movi_c_v12_02,temporal_middle,6,4,0.35533377528190613,0.11173184357541899
movi_c_v12_02,temporal_middle,6,5,0.3179069459438324,0.07262569832402235
movi_c_v12_02,temporal_middle,6,6,0.9999999403953552,1.0
movi_c_v12_02,temporal_middle,6,7,0.5467661023139954,0.24581005586592178
movi_c_v12_02,temporal_middle,6,8,0.29445379972457886,0.10614525139664804
movi_c_v12_02,temporal_middle,6,9,0.5273129940032959,0.1452513966480447
movi_c_v12_02,temporal_middle,6,10,0.10717926919460297,0.0
movi_c_v12_02,temporal_middle,6,11,0.3849916458129883,0.05027932960893855
movi_c_v12_02,temporal_middle,6,12,0.588244616985321,0.12849162011173185
movi_c_v12_02,temporal_middle,7,1,0.5279097557067871,0.3016759776536313
movi_c_v12_02,temporal_middle,7,2,0.44959041476249695,0.19553072625698323
movi_c_v12_02,temporal_middle,7,3,0.4395427107810974,0.2569832402234637
movi_c_v12_02,temporal_middle,7,4,0.25034549832344055,0.05027932960893855
movi_c_v12_02,temporal_middle,7,5,0.37721914052963257,0.19553072625698323
movi_c_v12_02,temporal_middle,7,6,0.5467661023139954,0.24581005586592178
movi_c_v12_02,temporal_middle,7,7,1.0,1.0
movi_c_v12_02,temporal_middle,7,8,0.10194830596446991,0.0111731843575419
movi_c_v12_02,temporal_middle,7,9,0.5457820296287537,0.2011173184357542
movi_c_v12_02,temporal_middle,7,10,0.07679298520088196,0.00558659217877095
movi_c_v12_02,temporal_middle,7,11,0.4850102961063385,0.11731843575418995
movi_c_v12_02,temporal_middle,7,12,0.5940276980400085,0.2681564245810056
movi_c_v12_02,temporal_middle,8,1,0.03581957146525383,0.00558659217877095
movi_c_v12_02,temporal_middle,8,2,0.376457154750824,0.16759776536312848
movi_c_v12_02,temporal_middle,8,3,0.16784659028053284,0.0782122905027933
movi_c_v12_02,temporal_middle,8,4,0.37079918384552,0.18435754189944134
movi_c_v12_02,temporal_middle,8,5,0.2182202935218811,0.0446927374301676
movi_c_v12_02,temporal_middle,8,6,0.29445379972457886,0.10614525139664804
movi_c_v12_02,temporal_middle,8,7,0.10194830596446991,0.0111731843575419
movi_c_v12_02,temporal_middle,8,8,0.9999999403953552,1.0
movi_c_v12_02,temporal_middle,8,9,0.3444352149963379,0.055865921787709494
movi_c_v12_02,temporal_middle,8,10,0.5197574496269226,0.31843575418994413
movi_c_v12_02,temporal_middle,8,11,0.38387295603752136,0.12290502793296089
movi_c_v12_02,temporal_middle,8,12,0.3109515607357025,0.07262569832402235
movi_c_v12_02,temporal_middle,9,1,0.3916243612766266,0.2011173184357542
movi_c_v12_02,temporal_middle,9,2,0.5437440276145935,0.13966480446927373
movi_c_v12_02,temporal_middle,9,3,0.4872901141643524,0.20670391061452514
movi_c_v12_02,temporal_middle,9,4,0.4118790328502655,0.0782122905027933
movi_c_v12_02,temporal_middle,9,5,0.28425928950309753,0.027932960893854747
movi_c_v12_02,temporal_middle,9,6,0.5273129940032959,0.1452513966480447
movi_c_v12_02,temporal_middle,9,7,0.5457820296287537,0.2011173184357542
movi_c_v12_02,temporal_middle,9,8,0.3444352149963379,0.055865921787709494
movi_c_v12_02,temporal_middle,9,9,0.9999999403953552,1.0
movi_c_v12_02,temporal_middle,9,10,0.18622271716594696,0.00558659217877095
movi_c_v12_02,temporal_middle,9,11,0.6037378311157227,0.05027932960893855
movi_c_v12_02,temporal_middle,9,12,0.7048041820526123,0.22346368715083798
movi_c_v12_02,temporal_middle,10,1,0.11108768731355667,0.027932960893854747
movi_c_v12_02,temporal_middle,10,2,0.1676178127527237,0.05027932960893855
movi_c_v12_02,temporal_middle,10,3,0.10771183669567108,0.027932960893854747
movi_c_v12_02,temporal_middle,10,4,0.4218714237213135,0.21787709497206703
movi_c_v12_02,temporal_middle,10,5,0.36959749460220337,0.1564245810055866
movi_c_v12_02,temporal_middle,10,6,0.10717926919460297,0.0
movi_c_v12_02,temporal_middle,10,7,0.07679298520088196,0.00558659217877095
movi_c_v12_02,temporal_middle,10,8,0.5197574496269226,0.31843575418994413
movi_c_v12_02,temporal_middle,10,9,0.18622271716594696,0.00558659217877095
movi_c_v12_02,temporal_middle,10,10,1.0,1.0
movi_c_v12_02,temporal_middle,10,11,0.3839707374572754,0.07262569832402235
movi_c_v12_02,temporal_middle,10,12,0.28264474868774414,0.03910614525139665
movi_c_v12_02,temporal_middle,11,1,0.3817106783390045,0.1452513966480447
movi_c_v12_02,temporal_middle,11,2,0.5118062496185303,0.18435754189944134
movi_c_v12_02,temporal_middle,11,3,0.385386198759079,0.15083798882681565
movi_c_v12_02,temporal_middle,11,4,0.5400765538215637,0.17318435754189945
movi_c_v12_02,temporal_middle,11,5,0.45877328515052795,0.12849162011173185
movi_c_v12_02,temporal_middle,11,6,0.3849916458129883,0.05027932960893855
movi_c_v12_02,temporal_middle,11,7,0.4850102961063385,0.11731843575418995
movi_c_v12_02,temporal_middle,11,8,0.38387295603752136,0.12290502793296089
movi_c_v12_02,temporal_middle,11,9,0.6037378311157227,0.05027932960893855
movi_c_v12_02,temporal_middle,11,10,0.3839707374572754,0.07262569832402235
movi_c_v12_02,temporal_middle,11,11,1.0,1.0
movi_c_v12_02,temporal_middle,11,12,0.6642974019050598,0.1340782122905028
movi_c_v12_02,temporal_middle,12,1,0.4738844037055969,0.2346368715083799
movi_c_v12_02,temporal_middle,12,2,0.6325920224189758,0.22346368715083798
movi_c_v12_02,temporal_middle,12,3,0.5119098424911499,0.17318435754189945
movi_c_v12_02,temporal_middle,12,4,0.4188307523727417,0.0670391061452514
movi_c_v12_02,temporal_middle,12,5,0.5338717103004456,0.26256983240223464
movi_c_v12_02,temporal_middle,12,6,0.588244616985321,0.12849162011173185
movi_c_v12_02,temporal_middle,12,7,0.5940276980400085,0.2681564245810056
movi_c_v12_02,temporal_middle,12,8,0.3109515607357025,0.07262569832402235
movi_c_v12_02,temporal_middle,12,9,0.7048041820526123,0.22346368715083798
movi_c_v12_02,temporal_middle,12,10,0.28264474868774414,0.03910614525139665
movi_c_v12_02,temporal_middle,12,11,0.6642974019050598,0.1340782122905028
movi_c_v12_02,temporal_middle,12,12,0.9999998807907104,1.0
movi_c_v12_03,spatial_block,1,1,1.0,1.0
movi_c_v12_03,spatial_block,1,2,0.48526155948638916,0.18994413407821228
movi_c_v12_03,spatial_block,1,3,0.5856950283050537,0.3463687150837989
movi_c_v12_03,spatial_block,1,4,0.5022048950195312,0.1452513966480447
movi_c_v12_03,spatial_block,1,5,0.3191847503185272,0.11173184357541899
movi_c_v12_03,spatial_block,1,6,0.42926740646362305,0.22346368715083798
movi_c_v12_03,spatial_block,1,7,0.23561951518058777,0.055865921787709494
movi_c_v12_03,spatial_block,1,8,0.26115840673446655,0.0782122905027933
movi_c_v12_03,spatial_block,1,9,0.4740137457847595,0.16759776536312848
movi_c_v12_03,spatial_block,1,10,0.33186912536621094,0.16201117318435754
movi_c_v12_03,spatial_block,1,11,0.5167230367660522,0.19553072625698323
movi_c_v12_03,spatial_block,1,12,0.36447468400001526,0.08379888268156424
movi_c_v12_03,spatial_block,2,1,0.48526155948638916,0.18994413407821228
movi_c_v12_03,spatial_block,2,2,1.0,1.0
movi_c_v12_03,spatial_block,2,3,0.5198799967765808,0.30726256983240224
movi_c_v12_03,spatial_block,2,4,0.6306171417236328,0.18435754189944134
movi_c_v12_03,spatial_block,2,5,0.43203654885292053,0.0893854748603352
movi_c_v12_03,spatial_block,2,6,0.4720434844493866,0.2346368715083799
movi_c_v12_03,spatial_block,2,7,0.1039949432015419,0.027932960893854747
movi_c_v12_03,spatial_block,2,8,0.4371853768825531,0.15083798882681565
movi_c_v12_03,spatial_block,2,9,0.5402423739433289,0.12290502793296089
movi_c_v12_03,spatial_block,2,10,0.5262254476547241,0.2011173184357542
movi_c_v12_03,spatial_block,2,11,0.458777517080307,0.08379888268156424
movi_c_v12_03,spatial_block,2,12,0.3473697900772095,0.0670391061452514
movi_c_v12_03,spatial_block,3,1,0.5856950283050537,0.3463687150837989
movi_c_v12_03,spatial_block,3,2,0.5198799967765808,0.30726256983240224
movi_c_v12_03,spatial_block,3,3,1.0,1.0
movi_c_v12_03,spatial_block,3,4,0.5155070424079895,0.16201117318435754
movi_c_v12_03,spatial_block,3,5,0.2687855362892151,0.03910614525139665
movi_c_v12_03,spatial_block,3,6,0.5931755304336548,0.37988826815642457
movi_c_v12_03,spatial_block,3,7,0.32443767786026,0.1005586592178771
movi_c_v12_03,spatial_block,3,8,0.3159835636615753,0.10614525139664804
movi_c_v12_03,spatial_block,3,9,0.3104061782360077,0.0446927374301676
movi_c_v12_03,spatial_block,3,10,0.2554674446582794,0.12290502793296089
movi_c_v12_03,spatial_block,3,11,0.45170217752456665,0.12849162011173185
movi_c_v12_03,spatial_block,3,12,0.3791022300720215,0.10614525139664804
movi_c_v12_03,spatial_block,4,1,0.5022048950195312,0.1452513966480447
movi_c_v12_03,spatial_block,4,2,0.6306171417236328,0.18435754189944134
movi_c_v12_03,spatial_block,4,3,0.5155070424079895,0.16201117318435754
movi_c_v12_03,spatial_block,4,4,1.0,1.0
movi_c_v12_03,spatial_block,4,5,0.4939590096473694,0.07262569832402235
movi_c_v12_03,spatial_block,4,6,0.5393646359443665,0.16201117318435754
movi_c_v12_03,spatial_block,4,7,0.3774169683456421,0.0782122905027933
movi_c_v12_03,spatial_block,4,8,0.4768392741680145,0.08379888268156424
movi_c_v12_03,spatial_block,4,9,0.6082479953765869,0.08379888268156424
movi_c_v12_03,spatial_block,4,10,0.47835707664489746,0.18994413407821228
movi_c_v12_03,spatial_block,4,11,0.6818864345550537,0.0670391061452514
movi_c_v12_03,spatial_block,4,12,0.6358714699745178,0.1005586592178771
movi_c_v12_03,spatial_block,5,1,0.3191847503185272,0.11173184357541899
movi_c_v12_03,spatial_block,5,2,0.43203654885292053,0.0893854748603352
movi_c_v12_03,spatial_block,5,3,0.2687855362892151,0.03910614525139665
movi_c_v12_03,spatial_block,5,4,0.4939590096473694,0.07262569832402235
movi_c_v12_03,spatial_block,5,5,1.0000001192092896,1.0
movi_c_v12_03,spatial_block,5,6,0.28189659118652344,0.08379888268156424
movi_c_v12_03,spatial_block,5,7,0.35823363065719604,0.0670391061452514
movi_c_v12_03,spatial_block,5,8,0.3896937370300293,0.1340782122905028
movi_c_v12_03,spatial_block,5,9,0.6416506171226501,0.2681564245810056
movi_c_v12_03,spatial_block,5,10,0.4063078463077545,0.16201117318435754
movi_c_v12_03,spatial_block,5,11,0.49076658487319946,0.11173184357541899
movi_c_v12_03,spatial_block,5,12,0.46772053837776184,0.1005586592178771
movi_c_v12_03,spatial_block,6,1,0.42926740646362305,0.22346368715083798
movi_c_v12_03,spatial_block,6,2,0.4720434844493866,0.2346368715083799
movi_c_v12_03,spatial_block,6,3,0.5931755304336548,0.37988826815642457
movi_c_v12_03,spatial_block,6,4,0.5393646359443665,0.16201117318435754
movi_c_v12_03,spatial_block,6,5,0.28189659118652344,0.08379888268156424
movi_c_v12_03,spatial_block,6,6,1.0,1.0
movi_c_v12_03,spatial_block,6,7,0.402368426322937,0.12290502793296089
movi_c_v12_03,spatial_block,6,8,0.37270745635032654,0.10614525139664804
movi_c_v12_03,spatial_block,6,9,0.322888046503067,0.0446927374301676
movi_c_v12_03,spatial_block,6,10,0.2790871262550354,0.11173184357541899
movi_c_v12_03,spatial_block,6,11,0.4691225290298462,0.0670391061452514
movi_c_v12_03,spatial_block,6,12,0.42541220784187317,0.1005586592178771
movi_c_v12_03,spatial_block,7,1,0.23561951518058777,0.055865921787709494
movi_c_v12_03,spatial_block,7,2,0.1039949432015419,0.027932960893854747
movi_c_v12_03,spatial_block,7,3,0.32443767786026,0.1005586592178771
movi_c_v12_03,spatial_block,7,4,0.3774169683456421,0.0782122905027933
movi_c_v12_03,spatial_block,7,5,0.35823363065719604,0.0670391061452514
movi_c_v12_03,spatial_block,7,6,0.402368426322937,0.12290502793296089
movi_c_v12_03,spatial_block,7,7,1.0,1.0
movi_c_v12_03,spatial_block,7,8,0.25808557868003845,0.0446927374301676
movi_c_v12_03,spatial_block,7,9,0.295331209897995,0.00558659217877095
movi_c_v12_03,spatial_block,7,10,0.04913516715168953,0.0111731843575419
movi_c_v12_03,spatial_block,7,11,0.5159063935279846,0.11173184357541899
movi_c_v12_03,spatial_block,7,12,0.6071327328681946,0.26256983240223464
movi_c_v12_03,spatial_block,8,1,0.26115840673446655,0.0782122905027933
movi_c_v12_03,spatial_block,8,2,0.4371853768825531,0.15083798882681565
movi_c_v12_03,spatial_block,8,3,0.3159835636615753,0.10614525139664804
movi_c_v12_03,spatial_block,8,4,0.4768392741680145,0.08379888268156424
movi_c_v12_03,spatial_block,8,5,0.3896937370300293,0.1340782122905028
movi_c_v12_03,spatial_block,8,6,0.37270745635032654,0.10614525139664804
movi_c_v12_03,spatial_block,8,7,0.25808557868003845,0.0446927374301676
movi_c_v12_03,spatial_block,8,8,1.0,1.0
movi_c_v12_03,spatial_block,8,9,0.5933536887168884,0.3128491620111732
movi_c_v12_03,spatial_block,8,10,0.5601376295089722,0.33519553072625696
movi_c_v12_03,spatial_block,8,11,0.5055027008056641,0.09497206703910614
movi_c_v12_03,spatial_block,8,12,0.3029426038265228,0.01675977653631285
movi_c_v12_03,spatial_block,9,1,0.4740137457847595,0.16759776536312848
movi_c_v12_03,spatial_block,9,2,0.5402423739433289,0.12290502793296089
movi_c_v12_03,spatial_block,9,3,0.3104061782360077,0.0446927374301676
movi_c_v12_03,spatial_block,9,4,0.6082479953765869,0.08379888268156424
movi_c_v12_03,spatial_block,9,5,0.6416506171226501,0.2681564245810056
movi_c_v12_03,spatial_block,9,6,0.322888046503067,0.0446927374301676
movi_c_v12_03,spatial_block,9,7,0.295331209897995,0.00558659217877095
movi_c_v12_03,spatial_block,9,8,0.5933536887168884,0.3128491620111732
movi_c_v12_03,spatial_block,9,9,1.0,1.0
movi_c_v12_03,spatial_block,9,10,0.5704177618026733,0.2569832402234637
movi_c_v12_03,spatial_block,9,11,0.6000033020973206,0.0446927374301676
movi_c_v12_03,spatial_block,9,12,0.45418429374694824,0.0223463687150838
movi_c_v12_03,spatial_block,10,1,0.33186912536621094,0.16201117318435754
movi_c_v12_03,spatial_block,10,2,0.5262254476547241,0.2011173184357542
movi_c_v12_03,spatial_block,10,3,0.2554674446582794,0.12290502793296089
movi_c_v12_03,spatial_block,10,4,0.47835707664489746,0.18994413407821228
movi_c_v12_03,spatial_block,10,5,0.4063078463077545,0.16201117318435754
movi_c_v12_03,spatial_block,10,6,0.2790871262550354,0.11173184357541899
movi_c_v12_03,spatial_block,10,7,0.04913516715168953,0.0111731843575419
movi_c_v12_03,spatial_block,10,8,0.5601376295089722,0.33519553072625696
movi_c_v12_03,spatial_block,10,9,0.5704177618026733,0.2569832402234637
movi_c_v12_03,spatial_block,10,10,1.0,1.0
movi_c_v12_03,spatial_block,10,11,0.37967491149902344,0.0670391061452514
movi_c_v12_03,spatial_block,10,12,0.15091489255428314,0.0111731843575419
movi_c_v12_03,spatial_block,11,1,0.5167230367660522,0.19553072625698323
movi_c_v12_03,spatial_block,11,2,0.458777517080307,0.08379888268156424
movi_c_v12_03,spatial_block,11,3,0.45170217752456665,0.12849162011173185
movi_c_v12_03,spatial_block,11,4,0.6818864345550537,0.0670391061452514
movi_c_v12_03,spatial_block,11,5,0.49076658487319946,0.11173184357541899
movi_c_v12_03,spatial_block,11,6,0.4691225290298462,0.0670391061452514
movi_c_v12_03,spatial_block,11,7,0.5159063935279846,0.11173184357541899
movi_c_v12_03,spatial_block,11,8,0.5055027008056641,0.09497206703910614
movi_c_v12_03,spatial_block,11,9,0.6000033020973206,0.0446927374301676
movi_c_v12_03,spatial_block,11,10,0.37967491149902344,0.0670391061452514
movi_c_v12_03,spatial_block,11,11,1.0,1.0
movi_c_v12_03,spatial_block,11,12,0.7534253001213074,0.22905027932960895
movi_c_v12_03,spatial_block,12,1,0.36447468400001526,0.08379888268156424
movi_c_v12_03,spatial_block,12,2,0.3473697900772095,0.0670391061452514
movi_c_v12_03,spatial_block,12,3,0.3791022300720215,0.10614525139664804
movi_c_v12_03,spatial_block,12,4,0.6358714699745178,0.1005586592178771
movi_c_v12_03,spatial_block,12,5,0.46772053837776184,0.1005586592178771
movi_c_v12_03,spatial_block,12,6,0.42541220784187317,0.1005586592178771
movi_c_v12_03,spatial_block,12,7,0.6071327328681946,0.26256983240223464
movi_c_v12_03,spatial_block,12,8,0.3029426038265228,0.01675977653631285
movi_c_v12_03,spatial_block,12,9,0.45418429374694824,0.0223463687150838
movi_c_v12_03,spatial_block,12,10,0.15091489255428314,0.0111731843575419
movi_c_v12_03,spatial_block,12,11,0.7534253001213074,0.22905027932960895
movi_c_v12_03,spatial_block,12,12,1.0,1.0
movi_c_v12_03,spatial_scattered,1,1,1.0,1.0
movi_c_v12_03,spatial_scattered,1,2,0.40965282917022705,0.18435754189944134
movi_c_v12_03,spatial_scattered,1,3,0.5133976340293884,0.2849162011173184
movi_c_v12_03,spatial_scattered,1,4,0.41891106963157654,0.0782122905027933
movi_c_v12_03,spatial_scattered,1,5,0.34194761514663696,0.1452513966480447
movi_c_v12_03,spatial_scattered,1,6,0.5272167921066284,0.3575418994413408
movi_c_v12_03,spatial_scattered,1,7,0.271697461605072,0.07262569832402235
movi_c_v12_03,spatial_scattered,1,8,0.3252090513706207,0.11731843575418995
movi_c_v12_03,spatial_scattered,1,9,0.26651474833488464,0.055865921787709494
movi_c_v12_03,spatial_scattered,1,10,0.3571069836616516,0.1564245810055866
movi_c_v12_03,spatial_scattered,1,11,0.21500720083713531,0.03910614525139665
movi_c_v12_03,spatial_scattered,1,12,0.32642707228660583,0.0
movi_c_v12_03,spatial_scattered,2,1,0.40965282917022705,0.18435754189944134
movi_c_v12_03,spatial_scattered,2,2,1.0,1.0
movi_c_v12_03,spatial_scattered,2,3,0.6067115068435669,0.3463687150837989
movi_c_v12_03,spatial_scattered,2,4,0.30523133277893066,0.0
movi_c_v12_03,spatial_scattered,2,5,0.31476205587387085,0.07262569832402235
movi_c_v12_03,spatial_scattered,2,6,0.258151113986969,0.0893854748603352
movi_c_v12_03,spatial_scattered,2,7,0.17206266522407532,0.0111731843575419
movi_c_v12_03,spatial_scattered,2,8,0.2755519151687622,0.0782122905027933
movi_c_v12_03,spatial_scattered,2,9,0.2118247002363205,0.03910614525139665
movi_c_v12_03,spatial_scattered,2,10,0.3052757978439331,0.061452513966480445
movi_c_v12_03,spatial_scattered,2,11,0.07132596522569656,0.0
movi_c_v12_03,spatial_scattered,2,12,0.307435005903244,0.061452513966480445
movi_c_v12_03,spatial_scattered,3,1,0.5133976340293884,0.2849162011173184
movi_c_v12_03,spatial_scattered,3,2,0.6067115068435669,0.3463687150837989
movi_c_v12_03,spatial_scattered,3,3,1.0,1.0
movi_c_v12_03,spatial_scattered,3,4,0.4026298522949219,0.0223463687150838
movi_c_v12_03,spatial_scattered,3,5,0.4610380232334137,0.2905027932960894
movi_c_v12_03,spatial_scattered,3,6,0.45221129059791565,0.25139664804469275
movi_c_v12_03,spatial_scattered,3,7,0.3438608944416046,0.1452513966480447
movi_c_v12_03,spatial_scattered,3,8,0.36069154739379883,0.12290502793296089
movi_c_v12_03,spatial_scattered,3,9,0.20846329629421234,0.027932960893854747
movi_c_v12_03,spatial_scattered,3,10,0.3397373557090759,0.08379888268156424
movi_c_v12_03,spatial_scattered,3,11,0.15727916359901428,0.00558659217877095
movi_c_v12_03,spatial_scattered,3,12,0.36420300602912903,0.0893854748603352
movi_c_v12_03,spatial_scattered,4,1,0.41891106963157654,0.0782122905027933
movi_c_v12_03,spatial_scattered,4,2,0.30523133277893066,0.0
movi_c_v12_03,spatial_scattered,4,3,0.4026298522949219,0.0223463687150838
movi_c_v12_03,spatial_scattered,4,4,0.9999998807907104,1.0
movi_c_v12_03,spatial_scattered,4,5,0.6380866169929504,0.03910614525139665
movi_c_v12_03,spatial_scattered,4,6,0.3219175338745117,0.00558659217877095
movi_c_v12_03,spatial_scattered,4,7,0.5261513590812683,0.12849162011173185
movi_c_v12_03,spatial_scattered,4,8,0.43243980407714844,0.0446927374301676
movi_c_v12_03,spatial_scattered,4,9,0.6839122772216797,0.16201117318435754
movi_c_v12_03,spatial_scattered,4,10,0.5565500855445862,0.01675977653631285
movi_c_v12_03,spatial_scattered,4,11,0.6576984524726868,0.24581005586592178
movi_c_v12_03,spatial_scattered,4,12,0.678182065486908,0.1787709497206704
movi_c_v12_03,spatial_scattered,5,1,0.34194761514663696,0.1452513966480447
movi_c_v12_03,spatial_scattered,5,2,0.31476205587387085,0.07262569832402235
movi_c_v12_03,spatial_scattered,5,3,0.4610380232334137,0.2905027932960894
movi_c_v12_03,spatial_scattered,5,4,0.6380866169929504,0.03910614525139665
movi_c_v12_03,spatial_scattered,5,5,1.0000001192092896,1.0
movi_c_v12_03,spatial_scattered,5,6,0.5007603168487549,0.3575418994413408
movi_c_v12_03,spatial_scattered,5,7,0.5776093006134033,0.2569832402234637
movi_c_v12_03,spatial_scattered,5,8,0.4017808735370636,0.12849162011173185
movi_c_v12_03,spatial_scattered,5,9,0.38392454385757446,0.0223463687150838
movi_c_v12_03,spatial_scattered,5,10,0.38498878479003906,0.061452513966480445
movi_c_v12_03,spatial_scattered,5,11,0.41323211789131165,0.03910614525139665
movi_c_v12_03,spatial_scattered,5,12,0.6098266839981079,0.1452513966480447
movi_c_v12_03,spatial_scattered,6,1,0.5272167921066284,0.3575418994413408
movi_c_v12_03,spatial_scattered,6,2,0.258151113986969,0.0893854748603352
movi_c_v12_03,spatial_scattered,6,3,0.45221129059791565,0.25139664804469275
movi_c_v12_03,spatial_scattered,6,4,0.3219175338745117,0.00558659217877095
movi_c_v12_03,spatial_scattered,6,5,0.5007603168487549,0.3575418994413408
movi_c_v12_03,spatial_scattered,6,6,0.9999998807907104,1.0
movi_c_v12_03,spatial_scattered,6,7,0.4125966429710388,0.18435754189944134
movi_c_v12_03,spatial_scattered,6,8,0.3001515567302704,0.11731843575418995
movi_c_v12_03,spatial_scattered,6,9,0.1952524036169052,0.0335195530726257
movi_c_v12_03,spatial_scattered,6,10,0.2334897816181183,0.10614525139664804
movi_c_v12_03,spatial_scattered,6,11,0.21574431657791138,0.05027932960893855
movi_c_v12_03,spatial_scattered,6,12,0.3775242865085602,0.08379888268156424
movi_c_v12_03,spatial_scattered,7,1,0.271697461605072,0.07262569832402235
movi_c_v12_03,spatial_scattered,7,2,0.17206266522407532,0.0111731843575419
movi_c_v12_03,spatial_scattered,7,3,0.3438608944416046,0.1452513966480447
movi_c_v12_03,spatial_scattered,7,4,0.5261513590812683,0.12849162011173185
movi_c_v12_03,spatial_scattered,7,5,0.5776093006134033,0.2569832402234637
movi_c_v12_03,spatial_scattered,7,6,0.4125966429710388,0.18435754189944134
movi_c_v12_03,spatial_scattered,7,7,1.0,1.0
movi_c_v12_03,spatial_scattered,7,8,0.24936354160308838,0.10614525139664804
movi_c_v12_03,spatial_scattered,7,9,0.38801902532577515,0.08379888268156424
movi_c_v12_03,spatial_scattered,7,10,0.0782463550567627,0.00558659217877095
movi_c_v12_03,spatial_scattered,7,11,0.48429736495018005,0.19553072625698323
movi_c_v12_03,spatial_scattered,7,12,0.6934061050415039,0.33519553072625696
movi_c_v12_03,spatial_scattered,8,1,0.3252090513706207,0.11731843575418995
movi_c_v12_03,spatial_scattered,8,2,0.2755519151687622,0.0782122905027933
movi_c_v12_03,spatial_scattered,8,3,0.36069154739379883,0.12290502793296089
movi_c_v12_03,spatial_scattered,8,4,0.43243980407714844,0.0446927374301676
movi_c_v12_03,spatial_scattered,8,5,0.4017808735370636,0.12849162011173185
movi_c_v12_03,spatial_scattered,8,6,0.3001515567302704,0.11731843575418995
movi_c_v12_03,spatial_scattered,8,7,0.24936354160308838,0.10614525139664804
movi_c_v12_03,spatial_scattered,8,8,0.9999999403953552,1.0
movi_c_v12_03,spatial_scattered,8,9,0.22144301235675812,0.03910614525139665
movi_c_v12_03,spatial_scattered,8,10,0.5989271402359009,0.3240223463687151
movi_c_v12_03,spatial_scattered,8,11,0.17451409995555878,0.01675977653631285
movi_c_v12_03,spatial_scattered,8,12,0.2436653971672058,0.03910614525139665
movi_c_v12_03,spatial_scattered,9,1,0.26651474833488464,0.055865921787709494
movi_c_v12_03,spatial_scattered,9,2,0.2118247002363205,0.03910614525139665
movi_c_v12_03,spatial_scattered,9,3,0.20846329629421234,0.027932960893854747
movi_c_v12_03,spatial_scattered,9,4,0.6839122772216797,0.16201117318435754
movi_c_v12_03,spatial_scattered,9,5,0.38392454385757446,0.0223463687150838
movi_c_v12_03,spatial_scattered,9,6,0.1952524036169052,0.0335195530726257
movi_c_v12_03,spatial_scattered,9,7,0.38801902532577515,0.08379888268156424
movi_c_v12_03,spatial_scattered,9,8,0.22144301235675812,0.03910614525139665
movi_c_v12_03,spatial_scattered,9,9,0.9999999403953552,1.0
movi_c_v12_03,spatial_scattered,9,10,0.35552355647087097,0.061452513966480445
movi_c_v12_03,spatial_scattered,9,11,0.6182133555412292,0.26256983240223464
movi_c_v12_03,spatial_scattered,9,12,0.5631891489028931,0.16759776536312848
movi_c_v12_03,spatial_scattered,10,1,0.3571069836616516,0.1564245810055866
movi_c_v12_03,spatial_scattered,10,2,0.3052757978439331,0.061452513966480445
movi_c_v12_03,spatial_scattered,10,3,0.3397373557090759,0.08379888268156424
movi_c_v12_03,spatial_scattered,10,4,0.5565500855445862,0.01675977653631285
movi_c_v12_03,spatial_scattered,10,5,0.38498878479003906,0.061452513966480445
movi_c_v12_03,spatial_scattered,10,6,0.2334897816181183,0.10614525139664804
movi_c_v12_03,spatial_scattered,10,7,0.0782463550567627,0.00558659217877095
movi_c_v12_03,spatial_scattered,10,8,0.5989271402359009,0.3240223463687151
movi_c_v12_03,spatial_scattered,10,9,0.35552355647087097,0.061452513966480445
movi_c_v12_03,spatial_scattered,10,10,1.0,1.0
movi_c_v12_03,spatial_scattered,10,11,0.3018736243247986,0.0670391061452514
movi_c_v12_03,spatial_scattered,10,12,0.1902013123035431,0.0111731843575419
movi_c_v12_03,spatial_scattered,11,1,0.21500720083713531,0.03910614525139665
movi_c_v12_03,spatial_scattered,11,2,0.07132596522569656,0.0
movi_c_v12_03,spatial_scattered,11,3,0.15727916359901428,0.00558659217877095
movi_c_v12_03,spatial_scattered,11,4,0.6576984524726868,0.24581005586592178
movi_c_v12_03,spatial_scattered,11,5,0.41323211789131165,0.03910614525139665
movi_c_v12_03,spatial_scattered,11,6,0.21574431657791138,0.05027932960893855
movi_c_v12_03,spatial_scattered,11,7,0.48429736495018005,0.19553072625698323
movi_c_v12_03,spatial_scattered,11,8,0.17451409995555878,0.01675977653631285
movi_c_v12_03,spatial_scattered,11,9,0.6182133555412292,0.26256983240223464
movi_c_v12_03,spatial_scattered,11,10,0.3018736243247986,0.0670391061452514
movi_c_v12_03,spatial_scattered,11,11,1.0000001192092896,1.0
movi_c_v12_03,spatial_scattered,11,12,0.5705039501190186,0.24581005586592178
movi_c_v12_03,spatial_scattered,12,1,0.32642707228660583,0.0
movi_c_v12_03,spatial_scattered,12,2,0.307435005903244,0.061452513966480445
movi_c_v12_03,spatial_scattered,12,3,0.36420300602912903,0.0893854748603352
movi_c_v12_03,spatial_scattered,12,4,0.678182065486908,0.1787709497206704
movi_c_v12_03,spatial_scattered,12,5,0.6098266839981079,0.1452513966480447
movi_c_v12_03,spatial_scattered,12,6,0.3775242865085602,0.08379888268156424
movi_c_v12_03,spatial_scattered,12,7,0.6934061050415039,0.33519553072625696
movi_c_v12_03,spatial_scattered,12,8,0.2436653971672058,0.03910614525139665
movi_c_v12_03,spatial_scattered,12,9,0.5631891489028931,0.16759776536312848
movi_c_v12_03,spatial_scattered,12,10,0.1902013123035431,0.0111731843575419
movi_c_v12_03,spatial_scattered,12,11,0.5705039501190186,0.24581005586592178
movi_c_v12_03,spatial_scattered,12,12,1.0,1.0
movi_c_v12_03,temporal_back,1,1,0.9999999403953552,1.0
movi_c_v12_03,temporal_back,1,2,0.4128493070602417,0.0782122905027933
movi_c_v12_03,temporal_back,1,3,0.2267143279314041,0.00558659217877095
movi_c_v12_03,temporal_back,1,4,0.09613475203514099,0.0
movi_c_v12_03,temporal_back,1,5,0.657937228679657,0.2681564245810056
movi_c_v12_03,temporal_back,1,6,0.4639948904514313,0.24022346368715083
movi_c_v12_03,temporal_back,1,7,0.6147902607917786,0.3407821229050279
movi_c_v12_03,temporal_back,1,8,0.4094378650188446,0.03910614525139665
movi_c_v12_03,temporal_back,1,9,0.5852011442184448,0.21787709497206703
movi_c_v12_03,temporal_back,1,10,0.519445538520813,0.05027932960893855
movi_c_v12_03,temporal_back,1,11,0.6139463782310486,0.29608938547486036
movi_c_v12_03,temporal_back,1,12,0.6146548986434937,0.2849162011173184
movi_c_v12_03,temporal_back,2,1,0.4128493070602417,0.0782122905027933
movi_c_v12_03,temporal_back,2,2,0.9999998807907104,1.0
movi_c_v12_03,temporal_back,2,3,0.7066611647605896,0.3854748603351955
movi_c_v12_03,temporal_back,2,4,0.19982664287090302,0.03910614525139665
movi_c_v12_03,temporal_back,2,5,0.4072355628013611,0.061452513966480445
movi_c_v12_03,temporal_back,2,6,0.5316125154495239,0.18994413407821228
movi_c_v12_03,temporal_back,2,7,0.36837852001190186,0.0335195530726257
movi_c_v12_03,temporal_back,2,8,0.511422872543335,0.08379888268156424
movi_c_v12_03,temporal_back,2,9,0.3363282382488251,0.0
movi_c_v12_03,temporal_back,2,10,0.5414215922355652,0.12290502793296089
movi_c_v12_03,temporal_back,2,11,0.5465133190155029,0.11173184357541899
movi_c_v12_03,temporal_back,2,12,0.4919906258583069,0.11731843575418995
movi_c_v12_03,temporal_back,3,1,0.2267143279314041,0.00558659217877095
movi_c_v12_03,temporal_back,3,2,0.7066611647605896,0.3854748603351955
movi_c_v12_03,temporal_back,3,3,1.0,1.0
movi_c_v12_03,temporal_back,3,4,0.4250015318393707,0.16201117318435754
movi_c_v12_03,temporal_back,3,5,0.3438749313354492,0.027932960893854747
movi_c_v12_03,temporal_back,3,6,0.3689647316932678,0.11731843575418995
movi_c_v12_03,temporal_back,3,7,0.25864705443382263,0.0335195530726257
movi_c_v12_03,temporal_back,3,8,0.528934121131897,0.1340782122905028
movi_c_v12_03,temporal_back,3,9,0.22025726735591888,0.0
movi_c_v12_03,temporal_back,3,10,0.5576699376106262,0.11731843575418995
movi_c_v12_03,temporal_back,3,11,0.4353504180908203,0.09497206703910614
movi_c_v12_03,temporal_back,3,12,0.3683658242225647,0.10614525139664804
movi_c_v12_03,temporal_back,4,1,0.09613475203514099,0.0
movi_c_v12_03,temporal_back,4,2,0.19982664287090302,0.03910614525139665
movi_c_v12_03,temporal_back,4,3,0.4250015318393707,0.16201117318435754
movi_c_v12_03,temporal_back,4,4,1.0,1.0
movi_c_v12_03,temporal_back,4,5,0.23135802149772644,0.07262569832402235
movi_c_v12_03,temporal_back,4,6,0.14548909664154053,0.0223463687150838
movi_c_v12_03,temporal_back,4,7,0.09095461666584015,0.05027932960893855
movi_c_v12_03,temporal_back,4,8,0.3204112946987152,0.13966480446927373
movi_c_v12_03,temporal_back,4,9,0.07303374260663986,0.00558659217877095
movi_c_v12_03,temporal_back,4,10,0.3085656464099884,0.0670391061452514
movi_c_v12_03,temporal_back,4,11,0.1547943353652954,0.0223463687150838
movi_c_v12_03,temporal_back,4,12,0.21404647827148438,0.0893854748603352
movi_c_v12_03,temporal_back,5,1,0.657937228679657,0.2681564245810056
movi_c_v12_03,temporal_back,5,2,0.4072355628013611,0.061452513966480445
movi_c_v12_03,temporal_back,5,3,0.3438749313354492,0.027932960893854747
movi_c_v12_03,temporal_back,5,4,0.23135802149772644,0.07262569832402235
movi_c_v12_03,temporal_back,5,5,0.9999999403953552,1.0
movi_c_v12_03,temporal_back,5,6,0.46719425916671753,0.21787709497206703
movi_c_v12_03,temporal_back,5,7,0.5140424370765686,0.16201117318435754
movi_c_v12_03,temporal_back,5,8,0.582554042339325,0.18994413407821228
movi_c_v12_03,temporal_back,5,9,0.458597868680954,0.03910614525139665
movi_c_v12_03,temporal_back,5,10,0.5570611953735352,0.0223463687150838
movi_c_v12_03,temporal_back,5,11,0.5085488557815552,0.1005586592178771
movi_c_v12_03,temporal_back,5,12,0.5274555683135986,0.13966480446927373
movi_c_v12_03,temporal_back,6,1,0.4639948904514313,0.24022346368715083
movi_c_v12_03,temporal_back,6,2,0.5316125154495239,0.18994413407821228
movi_c_v12_03,temporal_back,6,3,0.3689647316932678,0.11731843575418995
movi_c_v12_03,temporal_back,6,4,0.14548909664154053,0.0223463687150838
movi_c_v12_03,temporal_back,6,5,0.46719425916671753,0.21787709497206703
movi_c_v12_03,temporal_back,6,6,0.9999998807907104,1.0
movi_c_v12_03,temporal_back,6,7,0.3683885633945465,0.1564245810055866
movi_c_v12_03,temporal_back,6,8,0.4098716378211975,0.16759776536312848
movi_c_v12_03,temporal_back,6,9,0.26673656702041626,0.0670391061452514
movi_c_v12_03,temporal_back,6,10,0.3523871898651123,0.07262569832402235
movi_c_v12_03,temporal_back,6,11,0.4475279152393341,0.1787709497206704
movi_c_v12_03,temporal_back,6,12,0.5221346020698547,0.25139664804469275
movi_c_v12_03,temporal_back,7,1,0.6147902607917786,0.3407821229050279
movi_c_v12_03,temporal_back,7,2,0.36837852001190186,0.0335195530726257
movi_c_v12_03,temporal_back,7,3,0.25864705443382263,0.0335195530726257
movi_c_v12_03,temporal_back,7,4,0.09095461666584015,0.05027932960893855
movi_c_v12_03,temporal_back,7,5,0.5140424370765686,0.16201117318435754
movi_c_v12_03,temporal_back,7,6,0.3683885633945465,0.1564245810055866
movi_c_v12_03,temporal_back,7,7,1.0,1.0
movi_c_v12_03,temporal_back,7,8,0.422518253326416,0.11173184357541899
movi_c_v12_03,temporal_back,7,9,0.6286082863807678,0.2849162011173184
movi_c_v12_03,temporal_back,7,10,0.5088629722595215,0.10614525139664804
movi_c_v12_03,temporal_back,7,11,0.6079347729682922,0.3407821229050279
movi_c_v12_03,temporal_back,7,12,0.6290848255157471,0.30726256983240224
movi_c_v12_03,temporal_back,8,1,0.4094378650188446,0.03910614525139665
movi_c_v12_03,temporal_back,8,2,0.511422872543335,0.08379888268156424
movi_c_v12_03,temporal_back,8,3,0.528934121131897,0.1340782122905028
movi_c_v12_03,temporal_back,8,4,0.3204112946987152,0.13966480446927373
movi_c_v12_03,temporal_back,8,5,0.582554042339325,0.18994413407821228
movi_c_v12_03,temporal_back,8,6,0.4098716378211975,0.16759776536312848
movi_c_v12_03,temporal_back,8,7,0.422518253326416,0.11173184357541899
movi_c_v12_03,temporal_back,8,8,1.0000001192092896,1.0
movi_c_v12_03,temporal_back,8,9,0.46758952736854553,0.07262569832402235
movi_c_v12_03,temporal_back,8,10,0.7654393911361694,0.20670391061452514
movi_c_v12_03,temporal_back,8,11,0.556177020072937,0.0893854748603352
movi_c_v12_03,temporal_back,8,12,0.4282653331756592,0.03910614525139665
movi_c_v12_03,temporal_back,9,1,0.5852011442184448,0.21787709497206703
movi_c_v12_03,temporal_back,9,2,0.3363282382488251,0.0
movi_c_v12_03,temporal_back,9,3,0.22025726735591888,0.0
movi_c_v12_03,temporal_back,9,4,0.07303374260663986,0.00558659217877095
movi_c_v12_03,temporal_back,9,5,0.458597868680954,0.03910614525139665
movi_c_v12_03,temporal_back,9,6,0.26673656702041626,0.0670391061452514
movi_c_v12_03,temporal_back,9,7,0.6286082863807678,0.2849162011173184
movi_c_v12_03,temporal_back,9,8,0.46758952736854553,0.07262569832402235
movi_c_v12_03,temporal_back,9,9,1.0,1.0
movi_c_v12_03,temporal_back,9,10,0.6580470204353333,0.25139664804469275
movi_c_v12_03,temporal_back,9,11,0.6236271262168884,0.29608938547486036
movi_c_v12_03,temporal_back,9,12,0.607344925403595,0.22905027932960895
movi_c_v12_03,temporal_back,10,1,0.519445538520813,0.05027932960893855
movi_c_v12_03,temporal_back,10,2,0.5414215922355652,0.12290502793296089
movi_c_v12_03,temporal_back,10,3,0.5576699376106262,0.11731843575418995
movi_c_v12_03,temporal_back,10,4,0.3085656464099884,0.0670391061452514
movi_c_v12_03,temporal_back,10,5,0.5570611953735352,0.0223463687150838
movi_c_v12_03,temporal_back,10,6,0.3523871898651123,0.07262569832402235
movi_c_v12_03,temporal_back,10,7,0.5088629722595215,0.10614525139664804
movi_c_v12_03,temporal_back,10,8,0.7654393911361694,0.20670391061452514
movi_c_v12_03,temporal_back,10,9,0.6580470204353333,0.25139664804469275
movi_c_v12_03,temporal_back,10,10,1.0,1.0
movi_c_v12_03,temporal_back,10,11,0.6048257946968079,0.08379888268156424
movi_c_v12_03,temporal_back,10,12,0.5170051455497742,0.10614525139664804
movi_c_v12_03,temporal_back,11,1,0.6139463782310486,0.29608938547486036
movi_c_v12_03,temporal_back,11,2,0.5465133190155029,0.11173184357541899
movi_c_v12_03,temporal_back,11,3,0.4353504180908203,0.09497206703910614
movi_c_v12_03,temporal_back,11,4,0.1547943353652954,0.0223463687150838
movi_c_v12_03,temporal_back,11,5,0.5085488557815552,0.1005586592178771
movi_c_v12_03,temporal_back,11,6,0.4475279152393341,0.1787709497206704
movi_c_v12_03,temporal_back,11,7,0.6079347729682922,0.3407821229050279
movi_c_v12_03,temporal_back,11,8,0.556177020072937,0.0893854748603352
movi_c_v12_03,temporal_back,11,9,0.6236271262168884,0.29608938547486036
movi_c_v12_03,temporal_back,11,10,0.6048257946968079,0.08379888268156424
movi_c_v12_03,temporal_back,11,11,1.0,1.0
movi_c_v12_03,temporal_back,11,12,0.6332735419273376,0.27932960893854747
movi_c_v12_03,temporal_back,12,1,0.6146548986434937,0.2849162011173184
movi_c_v12_03,temporal_back,12,2,0.4919906258583069,0.11731843575418995
movi_c_v12_03,temporal_back,12,3,0.3683658242225647,0.10614525139664804
movi_c_v12_03,temporal_back,12,4,0.21404647827148438,0.0893854748603352
movi_c_v12_03,temporal_back,12,5,0.5274555683135986,0.13966480446927373
movi_c_v12_03,temporal_back,12,6,0.5221346020698547,0.25139664804469275
movi_c_v12_03,temporal_back,12,7,0.6290848255157471,0.30726256983240224
movi_c_v12_03,temporal_back,12,8,0.4282653331756592,0.03910614525139665
movi_c_v12_03,temporal_back,12,9,0.607344925403595,0.22905027932960895
movi_c_v12_03,temporal_back,12,10,0.5170051455497742,0.10614525139664804
movi_c_v12_03,temporal_back,12,11,0.6332735419273376,0.27932960893854747
movi_c_v12_03,temporal_back,12,12,1.0,1.0
movi_c_v12_03,temporal_front,1,1,0.9999998807907104,1.0
movi_c_v12_03,temporal_front,1,2,0.5459404587745667,0.3016759776536313
movi_c_v12_03,temporal_front,1,3,0.4985080063343048,0.3575418994413408
movi_c_v12_03,temporal_front,1,4,0.4307883679866791,0.17318435754189945
movi_c_v12_03,temporal_front,1,5,0.05814485624432564,0.0111731843575419
movi_c_v12_03,temporal_front,1,6,0.44153261184692383,0.19553072625698323
movi_c_v12_03,temporal_front,1,7,0.461481511592865,0.3016759776536313
movi_c_v12_03,temporal_front,1,8,0.08435119688510895,0.03910614525139665
movi_c_v12_03,temporal_front,1,9,0.27432432770729065,0.0893854748603352
movi_c_v12_03,temporal_front,1,10,0.15595708787441254,0.09497206703910614
movi_c_v12_03,temporal_front,1,11,0.4247240126132965,0.25139664804469275
movi_c_v12_03,temporal_front,1,12,0.4716798961162567,0.3854748603351955
movi_c_v12_03,temporal_front,2,1,0.5459404587745667,0.3016759776536313
movi_c_v12_03,temporal_front,2,2,1.0000001192092896,1.0
movi_c_v12_03,temporal_front,2,3,0.681675374507904,0.35195530726256985
movi_c_v12_03,temporal_front,2,4,0.6415905356407166,0.15083798882681565
movi_c_v12_03,temporal_front,2,5,0.168832927942276,0.0111731843575419
movi_c_v12_03,temporal_front,2,6,0.6084692478179932,0.22346368715083798
movi_c_v12_03,temporal_front,2,7,0.4507632255554199,0.17318435754189945
movi_c_v12_03,temporal_front,2,8,0.34072887897491455,0.2011173184357542
movi_c_v12_03,temporal_front,2,9,0.45884421467781067,0.10614525139664804
movi_c_v12_03,temporal_front,2,10,0.28254929184913635,0.15083798882681565
movi_c_v12_03,temporal_front,2,11,0.616573691368103,0.3407821229050279
movi_c_v12_03,temporal_front,2,12,0.37417924404144287,0.2011173184357542
movi_c_v12_03,temporal_front,3,1,0.4985080063343048,0.3575418994413408
movi_c_v12_03,temporal_front,3,2,0.681675374507904,0.35195530726256985
movi_c_v12_03,temporal_front,3,3,1.0,1.0
movi_c_v12_03,temporal_front,3,4,0.531152069568634,0.2122905027932961
movi_c_v12_03,temporal_front,3,5,0.12296643108129501,0.027932960893854747
movi_c_v12_03,temporal_front,3,6,0.4275449812412262,0.16201117318435754
movi_c_v12_03,temporal_front,3,7,0.5097478628158569,0.27932960893854747
movi_c_v12_03,temporal_front,3,8,0.20265071094036102,0.10614525139664804
movi_c_v12_03,temporal_front,3,9,0.36215266585350037,0.09497206703910614
movi_c_v12_03,temporal_front,3,10,0.24995625019073486,0.1340782122905028
movi_c_v12_03,temporal_front,3,11,0.5483382344245911,0.329608938547486
movi_c_v12_03,temporal_front,3,12,0.39265111088752747,0.29608938547486036
movi_c_v12_03,temporal_front,4,1,0.4307883679866791,0.17318435754189945
movi_c_v12_03,temporal_front,4,2,0.6415905356407166,0.15083798882681565
movi_c_v12_03,temporal_front,4,3,0.531152069568634,0.2122905027932961
movi_c_v12_03,temporal_front,4,4,1.0,1.0
movi_c_v12_03,temporal_front,4,5,0.2761731743812561,0.027932960893854747
movi_c_v12_03,temporal_front,4,6,0.48947036266326904,0.0670391061452514
movi_c_v12_03,temporal_front,4,7,0.44223296642303467,0.08379888268156424
movi_c_v12_03,temporal_front,4,8,0.29717501997947693,0.10614525139664804
movi_c_v12_03,temporal_front,4,9,0.4922468662261963,0.03910614525139665
movi_c_v12_03,temporal_front,4,10,0.4149470925331116,0.17318435754189945
movi_c_v12_03,temporal_front,4,11,0.543028712272644,0.1564245810055866
movi_c_v12_03,temporal_front,4,12,0.3921721875667572,0.09497206703910614
movi_c_v12_03,temporal_front,5,1,0.05814485624432564,0.0111731843575419
movi_c_v12_03,temporal_front,5,2,0.168832927942276,0.0111731843575419
movi_c_v12_03,temporal_front,5,3,0.12296643108129501,0.027932960893854747
movi_c_v12_03,temporal_front,5,4,0.2761731743812561,0.027932960893854747
movi_c_v12_03,temporal_front,5,5,1.0,1.0
movi_c_v12_03,temporal_front,5,6,0.3067060708999634,0.055865921787709494
movi_c_v12_03,temporal_front,5,7,0.3552233874797821,0.21787709497206703
movi_c_v12_03,temporal_front,5,8,0.12165550142526627,0.0223463687150838
movi_c_v12_03,temporal_front,5,9,0.446649432182312,0.11173184357541899
movi_c_v12_03,temporal_front,5,10,0.3163459002971649,0.11731843575418995
movi_c_v12_03,temporal_front,5,11,0.07186383008956909,0.0111731843575419
movi_c_v12_03,temporal_front,5,12,0.2510891258716583,0.16201117318435754
movi_c_v12_03,temporal_front,6,1,0.44153261184692383,0.19553072625698323
movi_c_v12_03,temporal_front,6,2,0.6084692478179932,0.22346368715083798
movi_c_v12_03,temporal_front,6,3,0.4275449812412262,0.16201117318435754
movi_c_v12_03,temporal_front,6,4,0.48947036266326904,0.0670391061452514
movi_c_v12_03,temporal_front,6,5,0.3067060708999634,0.055865921787709494
movi_c_v12_03,temporal_front,6,6,0.9999999403953552,1.0
movi_c_v12_03,temporal_front,6,7,0.48597878217697144,0.16201117318435754
movi_c_v12_03,temporal_front,6,8,0.27107155323028564,0.12290502793296089
movi_c_v12_03,temporal_front,6,9,0.4606473445892334,0.09497206703910614
movi_c_v12_03,temporal_front,6,10,0.19426967203617096,0.0446927374301676
movi_c_v12_03,temporal_front,6,11,0.3679044842720032,0.1340782122905028
movi_c_v12_03,temporal_front,6,12,0.4059946537017822,0.16201117318435754
movi_c_v12_03,temporal_front,7,1,0.461481511592865,0.3016759776536313
movi_c_v12_03,temporal_front,7,2,0.4507632255554199,0.17318435754189945
movi_c_v12_03,temporal_front,7,3,0.5097478628158569,0.27932960893854747
movi_c_v12_03,temporal_front,7,4,0.44223296642303467,0.08379888268156424
movi_c_v12_03,temporal_front,7,5,0.3552233874797821,0.21787709497206703
movi_c_v12_03,temporal_front,7,6,0.48597878217697144,0.16201117318435754
movi_c_v12_03,temporal_front,7,7,0.9999998807907104,1.0
movi_c_v12_03,temporal_front,7,8,0.14795882999897003,0.055865921787709494
movi_c_v12_03,temporal_front,7,9,0.6039919257164001,0.26256983240223464
movi_c_v12_03,temporal_front,7,10,0.22014464437961578,0.09497206703910614
movi_c_v12_03,temporal_front,7,11,0.4663345217704773,0.27932960893854747
movi_c_v12_03,temporal_front,7,12,0.6970712542533875,0.5307262569832403
movi_c_v12_03,temporal_front,8,1,0.08435119688510895,0.03910614525139665
movi_c_v12_03,temporal_front,8,2,0.34072887897491455,0.2011173184357542
movi_c_v12_03,temporal_front,8,3,0.20265071094036102,0.10614525139664804
movi_c_v12_03,temporal_front,8,4,0.29717501997947693,0.10614525139664804
movi_c_v12_03,temporal_front,8,5,0.12165550142526627,0.0223463687150838
movi_c_v12_03,temporal_front,8,6,0.27107155323028564,0.12290502793296089
movi_c_v12_03,temporal_front,8,7,0.14795882999897003,0.055865921787709494
movi_c_v12_03,temporal_front,8,8,1.0000001192092896,1.0
movi_c_v12_03,temporal_front,8,9,0.2792853116989136,0.1005586592178771
movi_c_v12_03,temporal_front,8,10,0.5050760507583618,0.3854748603351955
movi_c_v12_03,temporal_front,8,11,0.36132606863975525,0.18435754189944134
movi_c_v12_03,temporal_front,8,12,0.06902001798152924,0.03910614525139665
movi_c_v12_03,temporal_front,9,1,0.27432432770729065,0.0893854748603352
movi_c_v12_03,temporal_front,9,2,0.45884421467781067,0.10614525139664804
movi_c_v12_03,temporal_front,9,3,0.36215266585350037,0.09497206703910614
movi_c_v12_03,temporal_front,9,4,0.4922468662261963,0.03910614525139665
movi_c_v12_03,temporal_front,9,5,0.446649432182312,0.11173184357541899
movi_c_v12_03,temporal_front,9,6,0.4606473445892334,0.09497206703910614
movi_c_v12_03,temporal_front,9,7,0.6039919257164001,0.26256983240223464
movi_c_v12_03,temporal_front,9,8,0.2792853116989136,0.1005586592178771
movi_c_v12_03,temporal_front,9,9,1.0000001192092896,1.0
movi_c_v12_03,temporal_front,9,10,0.3950805068016052,0.11731843575418995
movi_c_v12_03,temporal_front,9,11,0.34222346544265747,0.10614525139664804
movi_c_v12_03,temporal_front,9,12,0.374124675989151,0.1452513966480447
movi_c_v12_03,temporal_front,10,1,0.15595708787441254,0.09497206703910614
movi_c_v12_03,temporal_front,10,2,0.28254929184913635,0.15083798882681565
movi_c_v12_03,temporal_front,10,3,0.24995625019073486,0.1340782122905028
movi_c_v12_03,temporal_front,10,4,0.4149470925331116,0.17318435754189945
movi_c_v12_03,temporal_front,10,5,0.3163459002971649,0.11731843575418995
movi_c_v12_03,temporal_front,10,6,0.19426967203617096,0.0446927374301676
movi_c_v12_03,temporal_front,10,7,0.22014464437961578,0.09497206703910614
movi_c_v12_03,temporal_front,10,8,0.5050760507583618,0.3854748603351955
movi_c_v12_03,temporal_front,10,9,0.3950805068016052,0.11731843575418995
movi_c_v12_03,temporal_front,10,10,1.0,1.0
movi_c_v12_03,temporal_front,10,11,0.28810834884643555,0.16759776536312848
movi_c_v12_03,temporal_front,10,12,0.15343685448169708,0.061452513966480445
movi_c_v12_03,temporal_front,11,1,0.4247240126132965,0.25139664804469275
movi_c_v12_03,temporal_front,11,2,0.616573691368103,0.3407821229050279
movi_c_v12_03,temporal_front,11,3,0.5483382344245911,0.329608938547486
movi_c_v12_03,temporal_front,11,4,0.543028712272644,0.1564245810055866
movi_c_v12_03,temporal_front,11,5,0.07186383008956909,0.0111731843575419
movi_c_v12_03,temporal_front,11,6,0.3679044842720032,0.1340782122905028
movi_c_v12_03,temporal_front,11,7,0.4663345217704773,0.27932960893854747
movi_c_v12_03,temporal_front,11,8,0.36132606863975525,0.18435754189944134
movi_c_v12_03,temporal_front,11,9,0.34222346544265747,0.10614525139664804
movi_c_v12_03,temporal_front,11,10,0.28810834884643555,0.16759776536312848
movi_c_v12_03,temporal_front,11,11,0.9999999403953552,1.0
movi_c_v12_03,temporal_front,11,12,0.4107411503791809,0.22905027932960895
movi_c_v12_03,temporal_front,12,1,0.4716798961162567,0.3854748603351955
movi_c_v12_03,temporal_front,12,2,0.37417924404144287,0.2011173184357542
movi_c_v12_03,temporal_front,12,3,0.39265111088752747,0.29608938547486036
movi_c_v12_03,temporal_front,12,4,0.3921721875667572,0.09497206703910614
movi_c_v12_03,temporal_front,12,5,0.2510891258716583,0.16201117318435754
movi_c_v12_03,temporal_front,12,6,0.4059946537017822,0.16201117318435754
movi_c_v12_03,temporal_front,12,7,0.6970712542533875,0.5307262569832403
movi_c_v12_03,temporal_front,12,8,0.06902001798152924,0.03910614525139665
movi_c_v12_03,temporal_front,12,9,0.374124675989151,0.1452513966480447
movi_c_v12_03,temporal_front,12,10,0.15343685448169708,0.061452513966480445
movi_c_v12_03,temporal_front,12,11,0.4107411503791809,0.22905027932960895
movi_c_v12_03,temporal_front,12,12,1.0,1.0
movi_c_v12_03,temporal_middle,1,1,1.0,1.0
movi_c_v12_03,temporal_middle,1,2,0.10956832766532898,0.0335195530726257
movi_c_v12_03,temporal_middle,1,3,0.05442041903734207,0.01675977653631285
movi_c_v12_03,temporal_middle,1,4,0.23218975961208344,0.0223463687150838
movi_c_v12_03,temporal_middle,1,5,0.3464469611644745,0.15083798882681565
movi_c_v12_03,temporal_middle,1,6,0.26344335079193115,0.16201117318435754
movi_c_v12_03,temporal_middle,1,7,0.3479306399822235,0.11173184357541899
movi_c_v12_03,temporal_middle,1,8,0.2381698340177536,0.15083798882681565
movi_c_v12_03,temporal_middle,1,9,0.400773286819458,0.12849162011173185
movi_c_v12_03,temporal_middle,1,10,0.1646568775177002,0.12290502793296089
movi_c_v12_03,temporal_middle,1,11,0.25080183148384094,0.0335195530726257
movi_c_v12_03,temporal_middle,1,12,0.2546039819717407,0.027932960893854747
movi_c_v12_03,temporal_middle,2,1,0.10956832766532898,0.0335195530726257
movi_c_v12_03,temporal_middle,2,2,1.0000001192092896,1.0
movi_c_v12_03,temporal_middle,2,3,0.45449739694595337,0.25139664804469275
movi_c_v12_03,temporal_middle,2,4,0.5932078957557678,0.3016759776536313
movi_c_v12_03,temporal_middle,2,5,0.2592472732067108,0.061452513966480445
movi_c_v12_03,temporal_middle,2,6,0.5738436579704285,0.21787709497206703
movi_c_v12_03,temporal_middle,2,7,0.5555427074432373,0.26256983240223464
movi_c_v12_03,temporal_middle,2,8,0.3633701801300049,0.16759776536312848
movi_c_v12_03,temporal_middle,2,9,0.4998421370983124,0.10614525139664804
movi_c_v12_03,temporal_middle,2,10,0.2343142181634903,0.10614525139664804
movi_c_v12_03,temporal_middle,2,11,0.5736237168312073,0.18435754189944134
movi_c_v12_03,temporal_middle,2,12,0.5699120163917542,0.2122905027932961
movi_c_v12_03,temporal_middle,3,1,0.05442041903734207,0.01675977653631285
movi_c_v12_03,temporal_middle,3,2,0.45449739694595337,0.25139664804469275
movi_c_v12_03,temporal_middle,3,3,1.0,1.0
movi_c_v12_03,temporal_middle,3,4,0.41844090819358826,0.2569832402234637
movi_c_v12_03,temporal_middle,3,5,0.09274227917194366,0.01675977653631285
movi_c_v12_03,temporal_middle,3,6,0.20114094018936157,0.0782122905027933
movi_c_v12_03,temporal_middle,3,7,0.3579726219177246,0.17318435754189945
movi_c_v12_03,temporal_middle,3,8,0.2580167055130005,0.16201117318435754
movi_c_v12_03,temporal_middle,3,9,0.3444254696369171,0.12290502793296089
movi_c_v12_03,temporal_middle,3,10,0.2531718313694,0.18994413407821228
movi_c_v12_03,temporal_middle,3,11,0.35849449038505554,0.09497206703910614
movi_c_v12_03,temporal_middle,3,12,0.16855379939079285,0.0335195530726257
movi_c_v12_03,temporal_middle,4,1,0.23218975961208344,0.0223463687150838
movi_c_v12_03,temporal_middle,4,2,0.5932078957557678,0.3016759776536313
movi_c_v12_03,temporal_middle,4,3,0.41844090819358826,0.2569832402234637
movi_c_v12_03,temporal_middle,4,4,1.0,1.0
movi_c_v12_03,temporal_middle,4,5,0.3883831799030304,0.03910614525139665
movi_c_v12_03,temporal_middle,4,6,0.383484810590744,0.10614525139664804
movi_c_v12_03,temporal_middle,4,7,0.5364663004875183,0.16201117318435754
movi_c_v12_03,temporal_middle,4,8,0.28360220789909363,0.0782122905027933
movi_c_v12_03,temporal_middle,4,9,0.5048924088478088,0.0335195530726257
movi_c_v12_03,temporal_middle,4,10,0.29910171031951904,0.19553072625698323
movi_c_v12_03,temporal_middle,4,11,0.735015332698822,0.26256983240223464
movi_c_v12_03,temporal_middle,4,12,0.581128716468811,0.2569832402234637
movi_c_v12_03,temporal_middle,5,1,0.3464469611644745,0.15083798882681565
movi_c_v12_03,temporal_middle,5,2,0.2592472732067108,0.061452513966480445
movi_c_v12_03,temporal_middle,5,3,0.09274227917194366,0.01675977653631285
movi_c_v12_03,temporal_middle,5,4,0.3883831799030304,0.03910614525139665
movi_c_v12_03,temporal_middle,5,5,1.0000001192092896,1.0
movi_c_v12_03,temporal_middle,5,6,0.48079949617385864,0.2849162011173184
movi_c_v12_03,temporal_middle,5,7,0.4959477186203003,0.24022346368715083
movi_c_v12_03,temporal_middle,5,8,0.14477162063121796,0.0335195530726257
movi_c_v12_03,temporal_middle,5,9,0.38520506024360657,0.0335195530726257
movi_c_v12_03,temporal_middle,5,10,0.14048415422439575,0.08379888268156424
movi_c_v12_03,temporal_middle,5,11,0.35456931591033936,0.0670391061452514
movi_c_v12_03,temporal_middle,5,12,0.4813061058521271,0.19553072625698323
movi_c_v12_03,temporal_middle,6,1,0.26344335079193115,0.16201117318435754
movi_c_v12_03,temporal_middle,6,2,0.5738436579704285,0.21787709497206703
movi_c_v12_03,temporal_middle,6,3,0.20114094018936157,0.0782122905027933
movi_c_v12_03,temporal_middle,6,4,0.383484810590744,0.10614525139664804
movi_c_v12_03,temporal_middle,6,5,0.48079949617385864,0.2849162011173184
movi_c_v12_03,temporal_middle,6,6,1.0000001192092896,1.0
movi_c_v12_03,temporal_middle,6,7,0.6211860775947571,0.3463687150837989
movi_c_v12_03,temporal_middle,6,8,0.237579807639122,0.1340782122905028
movi_c_v12_03,temporal_middle,6,9,0.3946947157382965,0.0670391061452514
movi_c_v12_03,temporal_middle,6,10,0.13759173452854156,0.08379888268156424
movi_c_v12_03,temporal_middle,6,11,0.3276590406894684,0.0670391061452514
movi_c_v12_03,temporal_middle,6,12,0.5453558564186096,0.20670391061452514
movi_c_v12_03,temporal_middle,7,1,0.3479306399822235,0.11173184357541899
movi_c_v12_03,temporal_middle,7,2,0.5555427074432373,0.26256983240223464
movi_c_v12_03,temporal_middle,7,3,0.3579726219177246,0.17318435754189945
movi_c_v12_03,temporal_middle,7,4,0.5364663004875183,0.16201117318435754
movi_c_v12_03,temporal_middle,7,5,0.4959477186203003,0.24022346368715083
movi_c_v12_03,temporal_middle,7,6,0.6211860775947571,0.3463687150837989
movi_c_v12_03,temporal_middle,7,7,1.0,1.0
movi_c_v12_03,temporal_middle,7,8,0.21654601395130157,0.05027932960893855
movi_c_v12_03,temporal_middle,7,9,0.5225772261619568,0.10614525139664804
movi_c_v12_03,temporal_middle,7,10,0.12691465020179749,0.0670391061452514
movi_c_v12_03,temporal_middle,7,11,0.4907640814781189,0.0893854748603352
movi_c_v12_03,temporal_middle,7,12,0.5902484655380249,0.22905027932960895
movi_c_v12_03,temporal_middle,8,1,0.2381698340177536,0.15083798882681565
movi_c_v12_03,temporal_middle,8,2,0.3633701801300049,0.16759776536312848
movi_c_v12_03,temporal_middle,8,3,0.2580167055130005,0.16201117318435754
movi_c_v12_03,temporal_middle,8,4,0.28360220789909363,0.0782122905027933
movi_c_v12_03,temporal_middle,8,5,0.14477162063121796,0.0335195530726257
movi_c_v12_03,temporal_middle,8,6,0.237579807639122,0.1340782122905028
movi_c_v12_03,temporal_middle,8,7,0.21654601395130157,0.05027932960893855
movi_c_v12_03,temporal_middle,8,8,1.0,1.0
movi_c_v12_03,temporal_middle,8,9,0.265639990568161,0.09497206703910614
movi_c_v12_03,temporal_middle,8,10,0.4451553225517273,0.3407821229050279
movi_c_v12_03,temporal_middle,8,11,0.30326998233795166,0.0893854748603352
movi_c_v12_03,temporal_middle,8,12,0.22663183510303497,0.0893854748603352
movi_c_v12_03,temporal_middle,9,1,0.400773286819458,0.12849162011173185
movi_c_v12_03,temporal_middle,9,2,0.4998421370983124,0.10614525139664804
movi_c_v12_03,temporal_middle,9,3,0.3444254696369171,0.12290502793296089
movi_c_v12_03,temporal_middle,9,4,0.5048924088478088,0.0335195530726257
movi_c_v12_03,temporal_middle,9,5,0.38520506024360657,0.0335195530726257
movi_c_v12_03,temporal_middle,9,6,0.3946947157382965,0.0670391061452514
movi_c_v12_03,temporal_middle,9,7,0.5225772261619568,0.10614525139664804
movi_c_v12_03,temporal_middle,9,8,0.265639990568161,0.09497206703910614
movi_c_v12_03,temporal_middle,9,9,0.9999998807907104,1.0
movi_c_v12_03,temporal_middle,9,10,0.1989665925502777,0.0670391061452514
movi_c_v12_03,temporal_middle,9,11,0.5857377648353577,0.12290502793296089
movi_c_v12_03,temporal_middle,9,12,0.5752733945846558,0.1787709497206704
movi_c_v12_03,temporal_middle,10,1,0.1646568775177002,0.12290502793296089
movi_c_v12_03,temporal_middle,10,2,0.2343142181634903,0.10614525139664804
movi_c_v12_03,temporal_middle,10,3,0.2531718313694,0.18994413407821228
movi_c_v12_03,temporal_middle,10,4,0.29910171031951904,0.19553072625698323
movi_c_v12_03,temporal_middle,10,5,0.14048415422439575,0.08379888268156424
movi_c_v12_03,temporal_middle,10,6,0.13759173452854156,0.08379888268156424
movi_c_v12_03,temporal_middle,10,7,0.12691465020179749,0.0670391061452514
movi_c_v12_03,temporal_middle,10,8,0.4451553225517273,0.3407821229050279
movi_c_v12_03,temporal_middle,10,9,0.1989665925502777,0.0670391061452514
movi_c_v12_03,temporal_middle,10,10,1.0,1.0
movi_c_v12_03,temporal_middle,10,11,0.2848360240459442,0.15083798882681565
movi_c_v12_03,temporal_middle,10,12,0.13474059104919434,0.061452513966480445
movi_c_v12_03,temporal_middle,11,1,0.25080183148384094,0.0335195530726257
movi_c_v12_03,temporal_middle,11,2,0.5736237168312073,0.18435754189944134
movi_c_v12_03,temporal_middle,11,3,0.35849449038505554,0.09497206703910614
movi_c_v12_03,temporal_middle,11,4,0.735015332698822,0.26256983240223464
movi_c_v12_03,temporal_middle,11,5,0.35456931591033936,0.0670391061452514
movi_c_v12_03,temporal_middle,11,6,0.3276590406894684,0.0670391061452514
movi_c_v12_03,temporal_middle,11,7,0.4907640814781189,0.0893854748603352
movi_c_v12_03,temporal_middle,11,8,0.30326998233795166,0.0893854748603352
movi_c_v12_03,temporal_middle,11,9,0.5857377648353577,0.12290502793296089
movi_c_v12_03,temporal_middle,11,10,0.2848360240459442,0.15083798882681565
movi_c_v12_03,temporal_middle,11,11,0.9999999403953552,1.0
movi_c_v12_03,temporal_middle,11,12,0.5866323113441467,0.25139664804469275
movi_c_v12_03,temporal_middle,12,1,0.2546039819717407,0.027932960893854747
movi_c_v12_03,temporal_middle,12,2,0.5699120163917542,0.2122905027932961
movi_c_v12_03,temporal_middle,12,3,0.16855379939079285,0.0335195530726257
movi_c_v12_03,temporal_middle,12,4,0.581128716468811,0.2569832402234637
movi_c_v12_03,temporal_middle,12,5,0.4813061058521271,0.19553072625698323
movi_c_v12_03,temporal_middle,12,6,0.5453558564186096,0.20670391061452514
movi_c_v12_03,temporal_middle,12,7,0.5902484655380249,0.22905027932960895
movi_c_v12_03,temporal_middle,12,8,0.22663183510303497,0.0893854748603352
movi_c_v12_03,temporal_middle,12,9,0.5752733945846558,0.1787709497206704
movi_c_v12_03,temporal_middle,12,10,0.13474059104919434,0.061452513966480445
movi_c_v12_03,temporal_middle,12,11,0.5866323113441467,0.25139664804469275
movi_c_v12_03,temporal_middle,12,12,0.9999998807907104,1.0
movi_c_v13_00,spatial_block,1,1,1.0,1.0
movi_c_v13_00,spatial_block,1,2,0.5090714693069458,0.20670391061452514
movi_c_v13_00,spatial_block,1,3,0.2866995334625244,0.07262569832402235
movi_c_v13_00,spatial_block,1,4,0.41007718443870544,0.15083798882681565
movi_c_v13_00,spatial_block,1,5,0.5509195923805237,0.22346368715083798
movi_c_v13_00,spatial_block,1,6,0.2598855793476105,0.03910614525139665
movi_c_v13_00,spatial_block,1,7,0.2843475639820099,0.1005586592178771
movi_c_v13_00,spatial_block,1,8,0.19428113102912903,0.03910614525139665
movi_c_v13_00,spatial_block,1,9,0.22792793810367584,0.05027932960893855
movi_c_v13_00,spatial_block,1,10,0.2627594470977783,0.0446927374301676
movi_c_v13_00,spatial_block,1,11,0.3600711226463318,0.07262569832402235
movi_c_v13_00,spatial_block,1,12,0.5585384368896484,0.22346368715083798
movi_c_v13_00,spatial_block,2,1,0.5090714693069458,0.20670391061452514
movi_c_v13_00,spatial_block,2,2,1.0,1.0
movi_c_v13_00,spatial_block,2,3,0.40453505516052246,0.0782122905027933
movi_c_v13_00,spatial_block,2,4,0.3425253629684448,0.01675977653631285
movi_c_v13_00,spatial_block,2,5,0.5015053153038025,0.13966480446927373
movi_c_v13_00,spatial_block,2,6,0.33972230553627014,0.08379888268156424
movi_c_v13_00,spatial_block,2,7,0.13832400739192963,0.00558659217877095
movi_c_v13_00,spatial_block,2,8,0.29748302698135376,0.0111731843575419
movi_c_v13_00,spatial_block,2,9,0.2607513666152954,0.027932960893854747
movi_c_v13_00,spatial_block,2,10,0.40339821577072144,0.055865921787709494
movi_c_v13_00,spatial_block,2,11,0.3603103458881378,0.03910614525139665
movi_c_v13_00,spatial_block,2,12,0.5158341526985168,0.11173184357541899
movi_c_v13_00,spatial_block,3,1,0.2866995334625244,0.07262569832402235
movi_c_v13_00,spatial_block,3,2,0.40453505516052246,0.0782122905027933
movi_c_v13_00,spatial_block,3,3,1.0,1.0
movi_c_v13_00,spatial_block,3,4,0.36523497104644775,0.055865921787709494
movi_c_v13_00,spatial_block,3,5,0.37440580129623413,0.10614525139664804
movi_c_v13_00,spatial_block,3,6,0.3266163766384125,0.12290502793296089
movi_c_v13_00,spatial_block,3,7,0.11133750528097153,0.01675977653631285
movi_c_v13_00,spatial_block,3,8,0.5741012692451477,0.2905027932960894
movi_c_v13_00,spatial_block,3,9,0.36765456199645996,0.10614525139664804
movi_c_v13_00,spatial_block,3,10,0.6462064981460571,0.3240223463687151
movi_c_v13_00,spatial_block,3,11,0.25675928592681885,0.0335195530726257
movi_c_v13_00,spatial_block,3,12,0.3419468402862549,0.0446927374301676
movi_c_v13_00,spatial_block,4,1,0.41007718443870544,0.15083798882681565
movi_c_v13_00,spatial_block,4,2,0.3425253629684448,0.01675977653631285
movi_c_v13_00,spatial_block,4,3,0.36523497104644775,0.055865921787709494
movi_c_v13_00,spatial_block,4,4,0.9999999403953552,1.0
movi_c_v13_00,spatial_block,4,5,0.5295976400375366,0.03910614525139665
movi_c_v13_00,spatial_block,4,6,0.24351096153259277,0.0111731843575419
movi_c_v13_00,spatial_block,4,7,0.44044071435928345,0.16759776536312848
movi_c_v13_00,spatial_block,4,8,0.49244171380996704,0.061452513966480445
movi_c_v13_00,spatial_block,4,9,0.494861900806427,0.13966480446927373
movi_c_v13_00,spatial_block,4,10,0.5236717462539673,0.0782122905027933
movi_c_v13_00,spatial_block,4,11,0.6189885139465332,0.1005586592178771
movi_c_v13_00,spatial_block,4,12,0.6587831377983093,0.21787709497206703
movi_c_v13_00,spatial_block,5,1,0.5509195923805237,0.22346368715083798
movi_c_v13_00,spatial_block,5,2,0.5015053153038025,0.13966480446927373
movi_c_v13_00,spatial_block,5,3,0.37440580129623413,0.10614525139664804
movi_c_v13_00,spatial_block,5,4,0.5295976400375366,0.03910614525139665
movi_c_v13_00,spatial_block,5,5,1.0,1.0
movi_c_v13_00,spatial_block,5,6,0.4927937388420105,0.16201117318435754
movi_c_v13_00,spatial_block,5,7,0.3994951546192169,0.12290502793296089
movi_c_v13_00,spatial_block,5,8,0.3671194016933441,0.05027932960893855
movi_c_v13_00,spatial_block,5,9,0.37012678384780884,0.055865921787709494
movi_c_v13_00,spatial_block,5,10,0.39599689841270447,0.061452513966480445
movi_c_v13_00,spatial_block,5,11,0.5946580171585083,0.13966480446927373
movi_c_v13_00,spatial_block,5,12,0.6373441219329834,0.1340782122905028
movi_c_v13_00,spatial_block,6,1,0.2598855793476105,0.03910614525139665
movi_c_v13_00,spatial_block,6,2,0.33972230553627014,0.08379888268156424
movi_c_v13_00,spatial_block,6,3,0.3266163766384125,0.12290502793296089
movi_c_v13_00,spatial_block,6,4,0.24351096153259277,0.0111731843575419
movi_c_v13_00,spatial_block,6,5,0.4927937388420105,0.16201117318435754
movi_c_v13_00,spatial_block,6,6,1.0,1.0
movi_c_v13_00,spatial_block,6,7,0.3480840027332306,0.07262569832402235
movi_c_v13_00,spatial_block,6,8,0.31030595302581787,0.07262569832402235
movi_c_v13_00,spatial_block,6,9,0.25585633516311646,0.07262569832402235
movi_c_v13_00,spatial_block,6,10,0.2987113893032074,0.07262569832402235
movi_c_v13_00,spatial_block,6,11,0.3958916962146759,0.055865921787709494
movi_c_v13_00,spatial_block,6,12,0.4374043941497803,0.07262569832402235
movi_c_v13_00,spatial_block,7,1,0.2843475639820099,0.1005586592178771
movi_c_v13_00,spatial_block,7,2,0.13832400739192963,0.00558659217877095
movi_c_v13_00,spatial_block,7,3,0.11133750528097153,0.01675977653631285
movi_c_v13_00,spatial_block,7,4,0.44044071435928345,0.16759776536312848
movi_c_v13_00,spatial_block,7,5,0.3994951546192169,0.12290502793296089
movi_c_v13_00,spatial_block,7,6,0.3480840027332306,0.07262569832402235
movi_c_v13_00,spatial_block,7,7,1.0000001192092896,1.0
movi_c_v13_00,spatial_block,7,8,0.30168628692626953,0.061452513966480445
movi_c_v13_00,spatial_block,7,9,0.356191486120224,0.07262569832402235
movi_c_v13_00,spatial_block,7,10,0.14662954211235046,0.00558659217877095
movi_c_v13_00,spatial_block,7,11,0.5361930131912231,0.10614525139664804
movi_c_v13_00,spatial_block,7,12,0.5619055032730103,0.15083798882681565
movi_c_v13_00,spatial_block,8,1,0.19428113102912903,0.03910614525139665
movi_c_v13_00,spatial_block,8,2,0.29748302698135376,0.0111731843575419
movi_c_v13_00,spatial_block,8,3,0.5741012692451477,0.2905027932960894
movi_c_v13_00,spatial_block,8,4,0.49244171380996704,0.061452513966480445
movi_c_v13_00,spatial_block,8,5,0.3671194016933441,0.05027932960893855
movi_c_v13_00,spatial_block,8,6,0.31030595302581787,0.07262569832402235
movi_c_v13_00,spatial_block,8,7,0.30168628692626953,0.061452513966480445
movi_c_v13_00,spatial_block,8,8,1.0,1.0
movi_c_v13_00,spatial_block,8,9,0.5048602223396301,0.16201117318435754
movi_c_v13_00,spatial_block,8,10,0.6523656249046326,0.27932960893854747
movi_c_v13_00,spatial_block,8,11,0.44798943400382996,0.03910614525139665
movi_c_v13_00,spatial_block,8,12,0.43236735463142395,0.027932960893854747
movi_c_v13_00,spatial_block,9,1,0.22792793810367584,0.05027932960893855
movi_c_v13_00,spatial_block,9,2,0.2607513666152954,0.027932960893854747
movi_c_v13_00,spatial_block,9,3,0.36765456199645996,0.10614525139664804
movi_c_v13_00,spatial_block,9,4,0.494861900806427,0.13966480446927373
movi_c_v13_00,spatial_block,9,5,0.37012678384780884,0.055865921787709494
movi_c_v13_00,spatial_block,9,6,0.25585633516311646,0.07262569832402235
movi_c_v13_00,spatial_block,9,7,0.356191486120224,0.07262569832402235
movi_c_v13_00,spatial_block,9,8,0.5048602223396301,0.16201117318435754
movi_c_v13_00,spatial_block,9,9,0.9999999403953552,1.0
movi_c_v13_00,spatial_block,9,10,0.5673520565032959,0.18994413407821228
movi_c_v13_00,spatial_block,9,11,0.48836183547973633,0.07262569832402235
movi_c_v13_00,spatial_block,9,12,0.5025374889373779,0.055865921787709494
movi_c_v13_00,spatial_block,10,1,0.2627594470977783,0.0446927374301676
movi_c_v13_00,spatial_block,10,2,0.40339821577072144,0.055865921787709494
movi_c_v13_00,spatial_block,10,3,0.6462064981460571,0.3240223463687151
movi_c_v13_00,spatial_block,10,4,0.5236717462539673,0.0782122905027933
movi_c_v13_00,spatial_block,10,5,0.39599689841270447,0.061452513966480445
movi_c_v13_00,spatial_block,10,6,0.2987113893032074,0.07262569832402235
movi_c_v13_00,spatial_block,10,7,0.14662954211235046,0.00558659217877095
movi_c_v13_00,spatial_block,10,8,0.6523656249046326,0.27932960893854747
movi_c_v13_00,spatial_block,10,9,0.5673520565032959,0.18994413407821228
movi_c_v13_00,spatial_block,10,10,1.0000001192092896,1.0
movi_c_v13_00,spatial_block,10,11,0.41530895233154297,0.07262569832402235
movi_c_v13_00,spatial_block,10,12,0.4857661724090576,0.055865921787709494
movi_c_v13_00,spatial_block,11,1,0.3600711226463318,0.07262569832402235
movi_c_v13_00,spatial_block,11,2,0.3603103458881378,0.03910614525139665
movi_c_v13_00,spatial_block,11,3,0.25675928592681885,0.0335195530726257
movi_c_v13_00,spatial_block,11,4,0.6189885139465332,0.1005586592178771
movi_c_v13_00,spatial_block,11,5,0.5946580171585083,0.13966480446927373
movi_c_v13_00,spatial_block,11,6,0.3958916962146759,0.055865921787709494
movi_c_v13_00,spatial_block,11,7,0.5361930131912231,0.10614525139664804
movi_c_v13_00,spatial_block,11,8,0.44798943400382996,0.03910614525139665
movi_c_v13_00,spatial_block,11,9,0.48836183547973633,0.07262569832402235
movi_c_v13_00,spatial_block,11,10,0.41530895233154297,0.07262569832402235
movi_c_v13_00,spatial_block,11,11,1.0000001192092896,1.0
movi_c_v13_00,spatial_block,11,12,0.7181639075279236,0.22346368715083798
movi_c_v13_00,spatial_block,12,1,0.5585384368896484,0.22346368715083798
movi_c_v13_00,spatial_block,12,2,0.5158341526985168,0.11173184357541899
movi_c_v13_00,spatial_block,12,3,0.3419468402862549,0.0446927374301676
movi_c_v13_00,spatial_block,12,4,0.6587831377983093,0.21787709497206703
movi_c_v13_00,spatial_block,12,5,0.6373441219329834,0.1340782122905028
movi_c_v13_00,spatial_block,12,6,0.4374043941497803,0.07262569832402235
movi_c_v13_00,spatial_block,12,7,0.5619055032730103,0.15083798882681565
movi_c_v13_00,spatial_block,12,8,0.43236735463142395,0.027932960893854747
movi_c_v13_00,spatial_block,12,9,0.5025374889373779,0.055865921787709494
movi_c_v13_00,spatial_block,12,10,0.4857661724090576,0.055865921787709494
movi_c_v13_00,spatial_block,12,11,0.7181639075279236,0.22346368715083798
movi_c_v13_00,spatial_block,12,12,0.9999998807907104,1.0
movi_c_v13_00,spatial_scattered,1,1,1.0,1.0
movi_c_v13_00,spatial_scattered,1,2,0.5845606327056885,0.29608938547486036
movi_c_v13_00,spatial_scattered,1,3,0.5594494342803955,0.29608938547486036
movi_c_v13_00,spatial_scattered,1,4,0.3051499128341675,0.00558659217877095
movi_c_v13_00,spatial_scattered,1,5,0.10544075816869736,0.01675977653631285
movi_c_v13_00,spatial_scattered,1,6,0.2368239015340805,0.08379888268156424
movi_c_v13_00,spatial_scattered,1,7,0.15102098882198334,0.08379888268156424
movi_c_v13_00,spatial_scattered,1,8,0.2673437297344208,0.0670391061452514
movi_c_v13_00,spatial_scattered,1,9,0.1463637351989746,0.0446927374301676
movi_c_v13_00,spatial_scattered,1,10,0.3692191243171692,0.11731843575418995
movi_c_v13_00,spatial_scattered,1,11,0.05024437978863716,0.0
movi_c_v13_00,spatial_scattered,1,12,0.21340349316596985,0.01675977653631285
movi_c_v13_00,spatial_scattered,2,1,0.5845606327056885,0.29608938547486036
movi_c_v13_00,spatial_scattered,2,2,1.0,1.0
movi_c_v13_00,spatial_scattered,2,3,0.6462516188621521,0.25139664804469275
movi_c_v13_00,spatial_scattered,2,4,0.4125976860523224,0.0
movi_c_v13_00,spatial_scattered,2,5,0.2508513331413269,0.00558659217877095
movi_c_v13_00,spatial_scattered,2,6,0.3693486750125885,0.12290502793296089
movi_c_v13_00,spatial_scattered,2,7,0.23824317753314972,0.055865921787709494
movi_c_v13_00,spatial_scattered,2,8,0.4330579340457916,0.17318435754189945
movi_c_v13_00,spatial_scattered,2,9,0.3130507171154022,0.1787709497206704
movi_c_v13_00,spatial_scattered,2,10,0.4120520353317261,0.061452513966480445
movi_c_v13_00,spatial_scattered,2,11,0.0829203873872757,0.0
movi_c_v13_00,spatial_scattered,2,12,0.34649136662483215,0.0223463687150838
movi_c_v13_00,spatial_scattered,3,1,0.5594494342803955,0.29608938547486036
movi_c_v13_00,spatial_scattered,3,2,0.6462516188621521,0.25139664804469275
movi_c_v13_00,spatial_scattered,3,3,1.0000001192092896,1.0
movi_c_v13_00,spatial_scattered,3,4,0.48323482275009155,0.0
movi_c_v13_00,spatial_scattered,3,5,0.3401673138141632,0.07262569832402235
movi_c_v13_00,spatial_scattered,3,6,0.33282729983329773,0.055865921787709494
movi_c_v13_00,spatial_scattered,3,7,0.20199771225452423,0.01675977653631285
movi_c_v13_00,spatial_scattered,3,8,0.597223162651062,0.27932960893854747
movi_c_v13_00,spatial_scattered,3,9,0.331373929977417,0.10614525139664804
movi_c_v13_00,spatial_scattered,3,10,0.6116801500320435,0.16201117318435754
movi_c_v13_00,spatial_scattered,3,11,0.15326760709285736,0.0
movi_c_v13_00,spatial_scattered,3,12,0.37930652499198914,0.03910614525139665
movi_c_v13_00,spatial_scattered,4,1,0.3051499128341675,0.00558659217877095
movi_c_v13_00,spatial_scattered,4,2,0.4125976860523224,0.0
movi_c_v13_00,spatial_scattered,4,3,0.48323482275009155,0.0
movi_c_v13_00,spatial_scattered,4,4,1.0,1.0
movi_c_v13_00,spatial_scattered,4,5,0.6535021066665649,0.027932960893854747
movi_c_v13_00,spatial_scattered,4,6,0.3951926529407501,0.01675977653631285
movi_c_v13_00,spatial_scattered,4,7,0.562150239944458,0.03910614525139665
movi_c_v13_00,spatial_scattered,4,8,0.5452162027359009,0.0223463687150838
movi_c_v13_00,spatial_scattered,4,9,0.46530771255493164,0.12849162011173185
movi_c_v13_00,spatial_scattered,4,10,0.6760268807411194,0.0223463687150838
movi_c_v13_00,spatial_scattered,4,11,0.6823590993881226,0.1340782122905028
movi_c_v13_00,spatial_scattered,4,12,0.7381107211112976,0.1452513966480447
movi_c_v13_00,spatial_scattered,5,1,0.10544075816869736,0.01675977653631285
movi_c_v13_00,spatial_scattered,5,2,0.2508513331413269,0.00558659217877095
movi_c_v13_00,spatial_scattered,5,3,0.3401673138141632,0.07262569832402235
movi_c_v13_00,spatial_scattered,5,4,0.6535021066665649,0.027932960893854747
movi_c_v13_00,spatial_scattered,5,5,0.9999998807907104,1.0
movi_c_v13_00,spatial_scattered,5,6,0.5763019323348999,0.4022346368715084
movi_c_v13_00,spatial_scattered,5,7,0.48076164722442627,0.12290502793296089
movi_c_v13_00,spatial_scattered,5,8,0.4727517068386078,0.1340782122905028
movi_c_v13_00,spatial_scattered,5,9,0.2752573788166046,0.0446927374301676
movi_c_v13_00,spatial_scattered,5,10,0.5155182480812073,0.0670391061452514
movi_c_v13_00,spatial_scattered,5,11,0.4494149684906006,0.01675977653631285
movi_c_v13_00,spatial_scattered,5,12,0.5625835657119751,0.05027932960893855
movi_c_v13_00,spatial_scattered,6,1,0.2368239015340805,0.08379888268156424
movi_c_v13_00,spatial_scattered,6,2,0.3693486750125885,0.12290502793296089
movi_c_v13_00,spatial_scattered,6,3,0.33282729983329773,0.055865921787709494
movi_c_v13_00,spatial_scattered,6,4,0.3951926529407501,0.01675977653631285
movi_c_v13_00,spatial_scattered,6,5,0.5763019323348999,0.4022346368715084
movi_c_v13_00,spatial_scattered,6,6,0.9999998807907104,1.0
movi_c_v13_00,spatial_scattered,6,7,0.46255478262901306,0.19553072625698323
movi_c_v13_00,spatial_scattered,6,8,0.3333524465560913,0.08379888268156424
movi_c_v13_00,spatial_scattered,6,9,0.2318122684955597,0.07262569832402235
movi_c_v13_00,spatial_scattered,6,10,0.2599399983882904,0.061452513966480445
movi_c_v13_00,spatial_scattered,6,11,0.17698565125465393,0.00558659217877095
movi_c_v13_00,spatial_scattered,6,12,0.4328562915325165,0.0446927374301676
movi_c_v13_00,spatial_scattered,7,1,0.15102098882198334,0.08379888268156424
movi_c_v13_00,spatial_scattered,7,2,0.23824317753314972,0.055865921787709494
movi_c_v13_00,spatial_scattered,7,3,0.20199771225452423,0.01675977653631285
movi_c_v13_00,spatial_scattered,7,4,0.562150239944458,0.03910614525139665
movi_c_v13_00,spatial_scattered,7,5,0.48076164722442627,0.12290502793296089
movi_c_v13_00,spatial_scattered,7,6,0.46255478262901306,0.19553072625698323
movi_c_v13_00,spatial_scattered,7,7,1.0,1.0
movi_c_v13_00,spatial_scattered,7,8,0.24489423632621765,0.027932960893854747
movi_c_v13_00,spatial_scattered,7,9,0.15494371950626373,0.00558659217877095
movi_c_v13_00,spatial_scattered,7,10,0.10034910589456558,0.0
movi_c_v13_00,spatial_scattered,7,11,0.404940664768219,0.0446927374301676
movi_c_v13_00,spatial_scattered,7,12,0.6302904486656189,0.09497206703910614
movi_c_v13_00,spatial_scattered,8,1,0.2673437297344208,0.0670391061452514
movi_c_v13_00,spatial_scattered,8,2,0.4330579340457916,0.17318435754189945
movi_c_v13_00,spatial_scattered,8,3,0.597223162651062,0.27932960893854747
movi_c_v13_00,spatial_scattered,8,4,0.5452162027359009,0.0223463687150838
movi_c_v13_00,spatial_scattered,8,5,0.4727517068386078,0.1340782122905028
movi_c_v13_00,spatial_scattered,8,6,0.3333524465560913,0.08379888268156424
movi_c_v13_00,spatial_scattered,8,7,0.24489423632621765,0.027932960893854747
movi_c_v13_00,spatial_scattered,8,8,0.9999998807907104,1.0
movi_c_v13_00,spatial_scattered,8,9,0.375753253698349,0.1787709497206704
movi_c_v13_00,spatial_scattered,8,10,0.6865530610084534,0.29608938547486036
movi_c_v13_00,spatial_scattered,8,11,0.2693542242050171,0.0335195530726257
movi_c_v13_00,spatial_scattered,8,12,0.36703383922576904,0.0335195530726257
movi_c_v13_00,spatial_scattered,9,1,0.1463637351989746,0.0446927374301676
movi_c_v13_00,spatial_scattered,9,2,0.3130507171154022,0.1787709497206704
movi_c_v13_00,spatial_scattered,9,3,0.331373929977417,0.10614525139664804
movi_c_v13_00,spatial_scattered,9,4,0.46530771255493164,0.12849162011173185
movi_c_v13_00,spatial_scattered,9,5,0.2752573788166046,0.0446927374301676
movi_c_v13_00,spatial_scattered,9,6,0.2318122684955597,0.07262569832402235
movi_c_v13_00,spatial_scattered,9,7,0.15494371950626373,0.00558659217877095
movi_c_v13_00,spatial_scattered,9,8,0.375753253698349,0.1787709497206704
movi_c_v13_00,spatial_scattered,9,9,1.0,1.0
movi_c_v13_00,spatial_scattered,9,10,0.49054256081581116,0.2122905027932961
movi_c_v13_00,spatial_scattered,9,11,0.3180501163005829,0.0893854748603352
movi_c_v13_00,spatial_scattered,9,12,0.35817182064056396,0.05027932960893855
movi_c_v13_00,spatial_scattered,10,1,0.3692191243171692,0.11731843575418995
movi_c_v13_00,spatial_scattered,10,2,0.4120520353317261,0.061452513966480445
movi_c_v13_00,spatial_scattered,10,3,0.6116801500320435,0.16201117318435754
movi_c_v13_00,spatial_scattered,10,4,0.6760268807411194,0.0223463687150838
movi_c_v13_00,spatial_scattered,10,5,0.5155182480812073,0.0670391061452514
movi_c_v13_00,spatial_scattered,10,6,0.2599399983882904,0.061452513966480445
movi_c_v13_00,spatial_scattered,10,7,0.10034910589456558,0.0
movi_c_v13_00,spatial_scattered,10,8,0.6865530610084534,0.29608938547486036
movi_c_v13_00,spatial_scattered,10,9,0.49054256081581116,0.2122905027932961
movi_c_v13_00,spatial_scattered,10,10,1.0,1.0
movi_c_v13_00,spatial_scattered,10,11,0.38407063484191895,0.00558659217877095
movi_c_v13_00,spatial_scattered,10,12,0.3622919023036957,0.0
movi_c_v13_00,spatial_scattered,11,1,0.05024437978863716,0.0
movi_c_v13_00,spatial_scattered,11,2,0.0829203873872757,0.0
movi_c_v13_00,spatial_scattered,11,3,0.15326760709285736,0.0
movi_c_v13_00,spatial_scattered,11,4,0.6823590993881226,0.1340782122905028
movi_c_v13_00,spatial_scattered,11,5,0.4494149684906006,0.01675977653631285
movi_c_v13_00,spatial_scattered,11,6,0.17698565125465393,0.00558659217877095
movi_c_v13_00,spatial_scattered,11,7,0.404940664768219,0.0446927374301676
movi_c_v13_00,spatial_scattered,11,8,0.2693542242050171,0.0335195530726257
movi_c_v13_00,spatial_scattered,11,9,0.3180501163005829,0.0893854748603352
movi_c_v13_00,spatial_scattered,11,10,0.38407063484191895,0.00558659217877095
movi_c_v13_00,spatial_scattered,11,11,1.0,1.0
movi_c_v13_00,spatial_scattered,11,12,0.666196882724762,0.3128491620111732
movi_c_v13_00,spatial_scattered,12,1,0.21340349316596985,0.01675977653631285
movi_c_v13_00,spatial_scattered,12,2,0.34649136662483215,0.0223463687150838
movi_c_v13_00,spatial_scattered,12,3,0.37930652499198914,0.03910614525139665
movi_c_v13_00,spatial_scattered,12,4,0.7381107211112976,0.1452513966480447
movi_c_v13_00,spatial_scattered,12,5,0.5625835657119751,0.05027932960893855
movi_c_v13_00,spatial_scattered,12,6,0.4328562915325165,0.0446927374301676
movi_c_v13_00,spatial_scattered,12,7,0.6302904486656189,0.09497206703910614
movi_c_v13_00,spatial_scattered,12,8,0.36703383922576904,0.0335195530726257
movi_c_v13_00,spatial_scattered,12,9,0.35817182064056396,0.05027932960893855
movi_c_v13_00,spatial_scattered,12,10,0.3622919023036957,0.0
movi_c_v13_00,spatial_scattered,12,11,0.666196882724762,0.3128491620111732
movi_c_v13_00,spatial_scattered,12,12,0.9999998807907104,1.0
movi_c_v13_00,temporal_back,1,1,1.0,1.0
movi_c_v13_00,temporal_back,1,2,0.6226094365119934,0.2681564245810056
movi_c_v13_00,temporal_back,1,3,0.6480364203453064,0.2849162011173184
movi_c_v13_00,temporal_back,1,4,0.5919883847236633,0.0335195530726257
movi_c_v13_00,temporal_back,1,5,0.5538565516471863,0.2122905027932961
movi_c_v13_00,temporal_back,1,6,0.4553913176059723,0.15083798882681565
movi_c_v13_00,temporal_back,1,7,0.47858726978302,0.1340782122905028
movi_c_v13_00,temporal_back,1,8,0.5890564918518066,0.19553072625698323
movi_c_v13_00,temporal_back,1,9,0.48103848099708557,0.061452513966480445
movi_c_v13_00,temporal_back,1,10,0.5823326110839844,0.12849162011173185
movi_c_v13_00,temporal_back,1,11,0.6733177304267883,0.12290502793296089
movi_c_v13_00,temporal_back,1,12,0.41982731223106384,0.0111731843575419
movi_c_v13_00,temporal_back,2,1,0.6226094365119934,0.2681564245810056
movi_c_v13_00,temporal_back,2,2,1.0000001192092896,1.0
movi_c_v13_00,temporal_back,2,3,0.6408151388168335,0.3016759776536313
movi_c_v13_00,temporal_back,2,4,0.421037495136261,0.0223463687150838
movi_c_v13_00,temporal_back,2,5,0.3354131281375885,0.061452513966480445
movi_c_v13_00,temporal_back,2,6,0.39257097244262695,0.15083798882681565
movi_c_v13_00,temporal_back,2,7,0.2705038785934448,0.0670391061452514
movi_c_v13_00,temporal_back,2,8,0.40757283568382263,0.1340782122905028
movi_c_v13_00,temporal_back,2,9,0.3512257933616638,0.055865921787709494
movi_c_v13_00,temporal_back,2,10,0.4821162223815918,0.08379888268156424
movi_c_v13_00,temporal_back,2,11,0.6251538991928101,0.1787709497206704
movi_c_v13_00,temporal_back,2,12,0.35569262504577637,0.05027932960893855
movi_c_v13_00,temporal_back,3,1,0.6480364203453064,0.2849162011173184
movi_c_v13_00,temporal_back,3,2,0.6408151388168335,0.3016759776536313
movi_c_v13_00,temporal_back,3,3,1.0,1.0
movi_c_v13_00,temporal_back,3,4,0.4373483955860138,0.0111731843575419
movi_c_v13_00,temporal_back,3,5,0.41216349601745605,0.12290502793296089
movi_c_v13_00,temporal_back,3,6,0.38668760657310486,0.16201117318435754
movi_c_v13_00,temporal_back,3,7,0.34959572553634644,0.03910614525139665
movi_c_v13_00,temporal_back,3,8,0.4745387136936188,0.13966480446927373
movi_c_v13_00,temporal_back,3,9,0.39938467741012573,0.055865921787709494
movi_c_v13_00,temporal_back,3,10,0.5187843441963196,0.11173184357541899
movi_c_v13_00,temporal_back,3,11,0.6787726879119873,0.19553072625698323
movi_c_v13_00,temporal_back,3,12,0.3290955424308777,0.00558659217877095
movi_c_v13_00,temporal_back,4,1,0.5919883847236633,0.0335195530726257
movi_c_v13_00,temporal_back,4,2,0.421037495136261,0.0223463687150838
movi_c_v13_00,temporal_back,4,3,0.4373483955860138,0.0111731843575419
movi_c_v13_00,temporal_back,4,4,1.0,1.0
movi_c_v13_00,temporal_back,4,5,0.7663465738296509,0.3240223463687151
movi_c_v13_00,temporal_back,4,6,0.4925301969051361,0.18994413407821228
movi_c_v13_00,temporal_back,4,7,0.7126322388648987,0.3407821229050279
movi_c_v13_00,temporal_back,4,8,0.6611563563346863,0.0446927374301676
movi_c_v13_00,temporal_back,4,9,0.7726753950119019,0.3016759776536313
movi_c_v13_00,temporal_back,4,10,0.7924551963806152,0.15083798882681565
movi_c_v13_00,temporal_back,4,11,0.7355852127075195,0.0446927374301676
movi_c_v13_00,temporal_back,4,12,0.7674229145050049,0.3463687150837989
movi_c_v13_00,temporal_back,5,1,0.5538565516471863,0.2122905027932961
movi_c_v13_00,temporal_back,5,2,0.3354131281375885,0.061452513966480445
movi_c_v13_00,temporal_back,5,3,0.41216349601745605,0.12290502793296089
movi_c_v13_00,temporal_back,5,4,0.7663465738296509,0.3240223463687151
movi_c_v13_00,temporal_back,5,5,0.9999999403953552,1.0
movi_c_v13_00,temporal_back,5,6,0.2874221205711365,0.1005586592178771
movi_c_v13_00,temporal_back,5,7,0.6448601484298706,0.2569832402234637
movi_c_v13_00,temporal_back,5,8,0.5008071660995483,0.05027932960893855
movi_c_v13_00,temporal_back,5,9,0.6848164796829224,0.1452513966480447
movi_c_v13_00,temporal_back,5,10,0.6859083771705627,0.09497206703910614
movi_c_v13_00,temporal_back,5,11,0.6255602240562439,0.10614525139664804
movi_c_v13_00,temporal_back,5,12,0.6614069938659668,0.18435754189944134
movi_c_v13_00,temporal_back,6,1,0.4553913176059723,0.15083798882681565
movi_c_v13_00,temporal_back,6,2,0.39257097244262695,0.15083798882681565
movi_c_v13_00,temporal_back,6,3,0.38668760657310486,0.16201117318435754
movi_c_v13_00,temporal_back,6,4,0.4925301969051361,0.18994413407821228
movi_c_v13_00,temporal_back,6,5,0.2874221205711365,0.1005586592178771
movi_c_v13_00,temporal_back,6,6,1.0,1.0
movi_c_v13_00,temporal_back,6,7,0.44875386357307434,0.19553072625698323
movi_c_v13_00,temporal_back,6,8,0.3452877104282379,0.061452513966480445
movi_c_v13_00,temporal_back,6,9,0.4271978735923767,0.15083798882681565
movi_c_v13_00,temporal_back,6,10,0.4130714535713196,0.1005586592178771
movi_c_v13_00,temporal_back,6,11,0.4779473841190338,0.1005586592178771
movi_c_v13_00,temporal_back,6,12,0.4628724753856659,0.1787709497206704
movi_c_v13_00,temporal_back,7,1,0.47858726978302,0.1340782122905028
movi_c_v13_00,temporal_back,7,2,0.2705038785934448,0.0670391061452514
movi_c_v13_00,temporal_back,7,3,0.34959572553634644,0.03910614525139665
movi_c_v13_00,temporal_back,7,4,0.7126322388648987,0.3407821229050279
movi_c_v13_00,temporal_back,7,5,0.6448601484298706,0.2569832402234637
movi_c_v13_00,temporal_back,7,6,0.44875386357307434,0.19553072625698323
movi_c_v13_00,temporal_back,7,7,1.0,1.0
movi_c_v13_00,temporal_back,7,8,0.457184761762619,0.055865921787709494
movi_c_v13_00,temporal_back,7,9,0.6504710912704468,0.29608938547486036
movi_c_v13_00,temporal_back,7,10,0.5770794749259949,0.1005586592178771
movi_c_v13_00,temporal_back,7,11,0.5853010416030884,0.1452513966480447
movi_c_v13_00,temporal_back,7,12,0.6185359358787537,0.21787709497206703
movi_c_v13_00,temporal_back,8,1,0.5890564918518066,0.19553072625698323
movi_c_v13_00,temporal_back,8,2,0.40757283568382263,0.1340782122905028
movi_c_v13_00,temporal_back,8,3,0.4745387136936188,0.13966480446927373
movi_c_v13_00,temporal_back,8,4,0.6611563563346863,0.0446927374301676
movi_c_v13_00,temporal_back,8,5,0.5008071660995483,0.05027932960893855
movi_c_v13_00,temporal_back,8,6,0.3452877104282379,0.061452513966480445
movi_c_v13_00,temporal_back,8,7,0.457184761762619,0.055865921787709494
movi_c_v13_00,temporal_back,8,8,1.0,1.0
movi_c_v13_00,temporal_back,8,9,0.46141165494918823,0.0111731843575419
movi_c_v13_00,temporal_back,8,10,0.7044060826301575,0.16759776536312848
movi_c_v13_00,temporal_back,8,11,0.6254276037216187,0.08379888268156424
movi_c_v13_00,temporal_back,8,12,0.48949310183525085,0.0223463687150838
movi_c_v13_00,temporal_back,9,1,0.48103848099708557,0.061452513966480445
movi_c_v13_00,temporal_back,9,2,0.3512257933616638,0.055865921787709494
movi_c_v13_00,temporal_back,9,3,0.39938467741012573,0.055865921787709494
movi_c_v13_00,temporal_back,9,4,0.7726753950119019,0.3016759776536313
movi_c_v13_00,temporal_back,9,5,0.6848164796829224,0.1452513966480447
movi_c_v13_00,temporal_back,9,6,0.4271978735923767,0.15083798882681565
movi_c_v13_00,temporal_back,9,7,0.6504710912704468,0.29608938547486036
movi_c_v13_00,temporal_back,9,8,0.46141165494918823,0.0111731843575419
movi_c_v13_00,temporal_back,9,9,1.0000001192092896,1.0
movi_c_v13_00,temporal_back,9,10,0.6511794924736023,0.12290502793296089
movi_c_v13_00,temporal_back,9,11,0.6127651333808899,0.1005586592178771
movi_c_v13_00,temporal_back,9,12,0.6623935103416443,0.21787709497206703
movi_c_v13_00,temporal_back,10,1,0.5823326110839844,0.12849162011173185
movi_c_v13_00,temporal_back,10,2,0.4821162223815918,0.08379888268156424
movi_c_v13_00,temporal_back,10,3,0.5187843441963196,0.11173184357541899
movi_c_v13_00,temporal_back,10,4,0.7924551963806152,0.15083798882681565
movi_c_v13_00,temporal_back,10,5,0.6859083771705627,0.09497206703910614
movi_c_v13_00,temporal_back,10,6,0.4130714535713196,0.1005586592178771
movi_c_v13_00,temporal_back,10,7,0.5770794749259949,0.1005586592178771
movi_c_v13_00,temporal_back,10,8,0.7044060826301575,0.16759776536312848
movi_c_v13_00,temporal_back,10,9,0.6511794924736023,0.12290502793296089
movi_c_v13_00,temporal_back,10,10,1.0,1.0
movi_c_v13_00,temporal_back,10,11,0.7504004836082458,0.10614525139664804
movi_c_v13_00,temporal_back,10,12,0.7320745587348938,0.1787709497206704
movi_c_v13_00,temporal_back,11,1,0.6733177304267883,0.12290502793296089
movi_c_v13_00,temporal_back,11,2,0.6251538991928101,0.1787709497206704
movi_c_v13_00,temporal_back,11,3,0.6787726879119873,0.19553072625698323
movi_c_v13_00,temporal_back,11,4,0.7355852127075195,0.0446927374301676
movi_c_v13_00,temporal_back,11,5,0.6255602240562439,0.10614525139664804
movi_c_v13_00,temporal_back,11,6,0.4779473841190338,0.1005586592178771
movi_c_v13_00,temporal_back,11,7,0.5853010416030884,0.1452513966480447
movi_c_v13_00,temporal_back,11,8,0.6254276037216187,0.08379888268156424
movi_c_v13_00,temporal_back,11,9,0.6127651333808899,0.1005586592178771
movi_c_v13_00,temporal_back,11,10,0.7504004836082458,0.10614525139664804
movi_c_v13_00,temporal_back,11,11,1.0,1.0
movi_c_v13_00,temporal_back,11,12,0.6648238301277161,0.10614525139664804
movi_c_v13_00,temporal_back,12,1,0.41982731223106384,0.0111731843575419
movi_c_v13_00,temporal_back,12,2,0.35569262504577637,0.05027932960893855
movi_c_v13_00,temporal_back,12,3,0.3290955424308777,0.00558659217877095
movi_c_v13_00,temporal_back,12,4,0.7674229145050049,0.3463687150837989
movi_c_v13_00,temporal_back,12,5,0.6614069938659668,0.18435754189944134
movi_c_v13_00,temporal_back,12,6,0.4628724753856659,0.1787709497206704
movi_c_v13_00,temporal_back,12,7,0.6185359358787537,0.21787709497206703
movi_c_v13_00,temporal_back,12,8,0.48949310183525085,0.0223463687150838
movi_c_v13_00,temporal_back,12,9,0.6623935103416443,0.21787709497206703
movi_c_v13_00,temporal_back,12,10,0.7320745587348938,0.1787709497206704
movi_c_v13_00,temporal_back,12,11,0.6648238301277161,0.10614525139664804
movi_c_v13_00,temporal_back,12,12,0.9999998807907104,1.0
movi_c_v13_00,temporal_front,1,1,1.0,
movi_c_v13_00,temporal_front,1,2,0.13600139319896698,
movi_c_v13_00,temporal_front,1,3,0.10814139246940613,
movi_c_v13_00,temporal_front,1,4,0.16166141629219055,
movi_c_v13_00,temporal_front,1,5,0.025526568293571472,
movi_c_v13_00,temporal_front,1,6,0.14305293560028076,
movi_c_v13_00,temporal_front,1,7,0.05578950420022011,
movi_c_v13_00,temporal_front,1,8,0.07551312446594238,
movi_c_v13_00,temporal_front,1,9,0.06615354865789413,
movi_c_v13_00,temporal_front,1,10,0.012336434796452522,
movi_c_v13_00,temporal_front,1,11,0.019103702157735825,
movi_c_v13_00,temporal_front,1,12,0.12055076658725739,
movi_c_v13_00,temporal_front,2,1,0.13600139319896698,
movi_c_v13_00,temporal_front,2,2,1.0000001192092896,1.0
movi_c_v13_00,temporal_front,2,3,0.4797729551792145,0.20670391061452514
movi_c_v13_00,temporal_front,2,4,0.4960220754146576,0.11731843575418995
movi_c_v13_00,temporal_front,2,5,0.08529876917600632,0.0
movi_c_v13_00,temporal_front,2,6,0.4225625991821289,0.12290502793296089
movi_c_v13_00,temporal_front,2,7,0.30371785163879395,0.05027932960893855
movi_c_v13_00,temporal_front,2,8,0.18959492444992065,0.0446927374301676
movi_c_v13_00,temporal_front,2,9,0.43977993726730347,0.12849162011173185
movi_c_v13_00,temporal_front,2,10,0.10481738299131393,0.0
movi_c_v13_00,temporal_front,2,11,0.2714228630065918,0.09497206703910614
movi_c_v13_00,temporal_front,2,12,0.4837963581085205,0.20670391061452514
movi_c_v13_00,temporal_front,3,1,0.10814139246940613,
movi_c_v13_00,temporal_front,3,2,0.4797729551792145,0.20670391061452514
movi_c_v13_00,temporal_front,3,3,1.0000001192092896,1.0
movi_c_v13_00,temporal_front,3,4,0.46007615327835083,0.12290502793296089
movi_c_v13_00,temporal_front,3,5,0.2528432011604309,0.07262569832402235
movi_c_v13_00,temporal_front,3,6,0.3956727087497711,0.1452513966480447
movi_c_v13_00,temporal_front,3,7,0.48793312907218933,0.18435754189944134
movi_c_v13_00,temporal_front,3,8,0.18274946510791779,0.09497206703910614
movi_c_v13_00,temporal_front,3,9,0.2957952618598938,0.11173184357541899
movi_c_v13_00,temporal_front,3,10,0.17245717346668243,0.01675977653631285
movi_c_v13_00,temporal_front,3,11,0.3204527795314789,0.1452513966480447
movi_c_v13_00,temporal_front,3,12,0.5160667896270752,0.26256983240223464
movi_c_v13_00,temporal_front,4,1,0.16166141629219055,
movi_c_v13_00,temporal_front,4,2,0.4960220754146576,0.11731843575418995
movi_c_v13_00,temporal_front,4,3,0.46007615327835083,0.12290502793296089
movi_c_v13_00,temporal_front,4,4,1.0,1.0
movi_c_v13_00,temporal_front,4,5,0.24977928400039673,0.055865921787709494
movi_c_v13_00,temporal_front,4,6,0.3895324766635895,0.07262569832402235
movi_c_v13_00,temporal_front,4,7,0.4408373236656189,0.18994413407821228
movi_c_v13_00,temporal_front,4,8,0.35671862959861755,0.12849162011173185
movi_c_v13_00,temporal_front,4,9,0.4593682885169983,0.16201117318435754
movi_c_v13_00,temporal_front,4,10,0.5609431266784668,0.31843575418994413
movi_c_v13_00,temporal_front,4,11,0.37339067459106445,0.12849162011173185
movi_c_v13_00,temporal_front,4,12,0.47122088074684143,0.0782122905027933
movi_c_v13_00,temporal_front,5,1,0.025526568293571472,
movi_c_v13_00,temporal_front,5,2,0.08529876917600632,0.0
movi_c_v13_00,temporal_front,5,3,0.2528432011604309,0.07262569832402235
movi_c_v13_00,temporal_front,5,4,0.24977928400039673,0.055865921787709494
movi_c_v13_00,temporal_front,5,5,0.9999998807907104,1.0
movi_c_v13_00,temporal_front,5,6,0.225681334733963,0.061452513966480445
movi_c_v13_00,temporal_front,5,7,0.409678190946579,0.27932960893854747
movi_c_v13_00,temporal_front,5,8,0.3578049838542938,0.24581005586592178
movi_c_v13_00,temporal_front,5,9,0.2126123607158661,0.05027932960893855
movi_c_v13_00,temporal_front,5,10,0.37177774310112,0.18994413407821228
movi_c_v13_00,temporal_front,5,11,0.24281591176986694,0.1340782122905028
movi_c_v13_00,temporal_front,5,12,0.3287461996078491,0.20670391061452514
movi_c_v13_00,temporal_front,6,1,0.14305293560028076,
movi_c_v13_00,temporal_front,6,2,0.4225625991821289,0.12290502793296089
movi_c_v13_00,temporal_front,6,3,0.3956727087497711,0.1452513966480447
movi_c_v13_00,temporal_front,6,4,0.3895324766635895,0.07262569832402235
movi_c_v13_00,temporal_front,6,5,0.225681334733963,0.061452513966480445
movi_c_v13_00,temporal_front,6,6,1.0,1.0
movi_c_v13_00,temporal_front,6,7,0.30344754457473755,0.1005586592178771
movi_c_v13_00,temporal_front,6,8,0.2540888488292694,0.10614525139664804
movi_c_v13_00,temporal_front,6,9,0.2728627622127533,0.0670391061452514
movi_c_v13_00,temporal_front,6,10,0.16280978918075562,0.01675977653631285
movi_c_v13_00,temporal_front,6,11,0.15677861869335175,0.0335195530726257
movi_c_v13_00,temporal_front,6,12,0.38527414202690125,0.10614525139664804
movi_c_v13_00,temporal_front,7,1,0.05578950420022011,
movi_c_v13_00,temporal_front,7,2,0.30371785163879395,0.05027932960893855
movi_c_v13_00,temporal_front,7,3,0.48793312907218933,0.18435754189944134
movi_c_v13_00,temporal_front,7,4,0.4408373236656189,0.18994413407821228
movi_c_v13_00,temporal_front,7,5,0.409678190946579,0.27932960893854747
movi_c_v13_00,temporal_front,7,6,0.30344754457473755,0.1005586592178771
movi_c_v13_00,temporal_front,7,7,1.0,1.0
movi_c_v13_00,temporal_front,7,8,0.1214347556233406,0.0335195530726257
movi_c_v13_00,temporal_front,7,9,0.3684117794036865,0.12290502793296089
movi_c_v13_00,temporal_front,7,10,0.3000001609325409,0.1452513966480447
movi_c_v13_00,temporal_front,7,11,0.3916369676589966,0.2346368715083799
movi_c_v13_00,temporal_front,7,12,0.5734738111495972,0.3407821229050279
movi_c_v13_00,temporal_front,8,1,0.07551312446594238,
movi_c_v13_00,temporal_front,8,2,0.18959492444992065,0.0446927374301676
movi_c_v13_00,temporal_front,8,3,0.18274946510791779,0.09497206703910614
movi_c_v13_00,temporal_front,8,4,0.35671862959861755,0.12849162011173185
movi_c_v13_00,temporal_front,8,5,0.3578049838542938,0.24581005586592178
movi_c_v13_00,temporal_front,8,6,0.2540888488292694,0.10614525139664804
movi_c_v13_00,temporal_front,8,7,0.1214347556233406,0.0335195530726257
movi_c_v13_00,temporal_front,8,8,0.9999999403953552,1.0
movi_c_v13_00,temporal_front,8,9,0.2914890646934509,0.061452513966480445
movi_c_v13_00,temporal_front,8,10,0.45183077454566956,0.24581005586592178
movi_c_v13_00,temporal_front,8,11,0.13712915778160095,0.0446927374301676
movi_c_v13_00,temporal_front,8,12,0.1973458081483841,0.027932960893854747
movi_c_v13_00,temporal_front,9,1,0.06615354865789413,
movi_c_v13_00,temporal_front,9,2,0.43977993726730347,0.12849162011173185
movi_c_v13_00,temporal_front,9,3,0.2957952618598938,0.11173184357541899
movi_c_v13_00,temporal_front,9,4,0.4593682885169983,0.16201117318435754
movi_c_v13_00,temporal_front,9,5,0.2126123607158661,0.05027932960893855
movi_c_v13_00,temporal_front,9,6,0.2728627622127533,0.0670391061452514
movi_c_v13_00,temporal_front,9,7,0.3684117794036865,0.12290502793296089
movi_c_v13_00,temporal_front,9,8,0.2914890646934509,0.061452513966480445
movi_c_v13_00,temporal_front,9,9,1.0000001192092896,1.0
movi_c_v13_00,temporal_front,9,10,0.332806259393692,0.1005586592178771
movi_c_v13_00,temporal_front,9,11,0.4314638376235962,0.2569832402234637
movi_c_v13_00,temporal_front,9,12,0.3031295835971832,0.061452513966480445
movi_c_v13_00,temporal_front,10,1,0.012336434796452522,
movi_c_v13_00,temporal_front,10,2,0.10481738299131393,0.0
movi_c_v13_00,temporal_front,10,3,0.17245717346668243,0.01675977653631285
movi_c_v13_00,temporal_front,10,4,0.5609431266784668,0.31843575418994413
movi_c_v13_00,temporal_front,10,5,0.37177774310112,0.18994413407821228
movi_c_v13_00,temporal_front,10,6,0.16280978918075562,0.01675977653631285
movi_c_v13_00,temporal_front,10,7,0.3000001609325409,0.1452513966480447
movi_c_v13_00,temporal_front,10,8,0.45183077454566956,0.24581005586592178
movi_c_v13_00,temporal_front,10,9,0.332806259393692,0.1005586592178771
movi_c_v13_00,temporal_front,10,10,1.0000001192092896,1.0
movi_c_v13_00,temporal_front,10,11,0.2791539132595062,0.07262569832402235
movi_c_v13_00,temporal_front,10,12,0.18334053456783295,0.00558659217877095
movi_c_v13_00,temporal_front,11,1,0.019103702157735825,
movi_c_v13_00,temporal_front,11,2,0.2714228630065918,0.09497206703910614
movi_c_v13_00,temporal_front,11,3,0.3204527795314789,0.1452513966480447
movi_c_v13_00,temporal_front,11,4,0.37339067459106445,0.12849162011173185
movi_c_v13_00,temporal_front,11,5,0.24281591176986694,0.1340782122905028
movi_c_v13_00,temporal_front,11,6,0.15677861869335175,0.0335195530726257
movi_c_v13_00,temporal_front,11,7,0.3916369676589966,0.2346368715083799
movi_c_v13_00,temporal_front,11,8,0.13712915778160095,0.0446927374301676
movi_c_v13_00,temporal_front,11,9,0.4314638376235962,0.2569832402234637
movi_c_v13_00,temporal_front,11,10,0.2791539132595062,0.07262569832402235
movi_c_v13_00,temporal_front,11,11,1.0,1.0
movi_c_v13_00,temporal_front,11,12,0.37812477350234985,0.21787709497206703
movi_c_v13_00,temporal_front,12,1,0.12055076658725739,
movi_c_v13_00,temporal_front,12,2,0.4837963581085205,0.20670391061452514
movi_c_v13_00,temporal_front,12,3,0.5160667896270752,0.26256983240223464
movi_c_v13_00,temporal_front,12,4,0.47122088074684143,0.0782122905027933
movi_c_v13_00,temporal_front,12,5,0.3287461996078491,0.20670391061452514
movi_c_v13_00,temporal_front,12,6,0.38527414202690125,0.10614525139664804
movi_c_v13_00,temporal_front,12,7,0.5734738111495972,0.3407821229050279
movi_c_v13_00,temporal_front,12,8,0.1973458081483841,0.027932960893854747
movi_c_v13_00,temporal_front,12,9,0.3031295835971832,0.061452513966480445
movi_c_v13_00,temporal_front,12,10,0.18334053456783295,0.00558659217877095
movi_c_v13_00,temporal_front,12,11,0.37812477350234985,0.21787709497206703
movi_c_v13_00,temporal_front,12,12,1.0,1.0
movi_c_v13_00,temporal_middle,1,1,1.0,1.0
movi_c_v13_00,temporal_middle,1,2,0.3077804744243622,0.2011173184357542
movi_c_v13_00,temporal_middle,1,3,0.4334353804588318,0.3240223463687151
movi_c_v13_00,temporal_middle,1,4,0.23706382513046265,0.027932960893854747
movi_c_v13_00,temporal_middle,1,5,0.13730937242507935,0.07262569832402235
movi_c_v13_00,temporal_middle,1,6,0.5548363924026489,0.45251396648044695
movi_c_v13_00,temporal_middle,1,7,0.31714197993278503,0.2122905027932961
movi_c_v13_00,temporal_middle,1,8,0.06367556750774384,0.03910614525139665
movi_c_v13_00,temporal_middle,1,9,0.09621690958738327,0.0335195530726257
movi_c_v13_00,temporal_middle,1,10,0.05428991839289665,0.061452513966480445
movi_c_v13_00,temporal_middle,1,11,0.23994745314121246,0.07262569832402235
movi_c_v13_00,temporal_middle,1,12,0.24163761734962463,0.0335195530726257
movi_c_v13_00,temporal_middle,2,1,0.3077804744243622,0.2011173184357542
movi_c_v13_00,temporal_middle,2,2,1.0,1.0
movi_c_v13_00,temporal_middle,2,3,0.5976757407188416,0.35195530726256985
movi_c_v13_00,temporal_middle,2,4,0.46924659609794617,0.01675977653631285
movi_c_v13_00,temporal_middle,2,5,0.05275792255997658,0.0
movi_c_v13_00,temporal_middle,2,6,0.5538308620452881,0.3240223463687151
movi_c_v13_00,temporal_middle,2,7,0.516355037689209,0.20670391061452514
movi_c_v13_00,temporal_middle,2,8,0.32411280274391174,0.15083798882681565
movi_c_v13_00,temporal_middle,2,9,0.28236016631126404,0.0893854748603352
movi_c_v13_00,temporal_middle,2,10,0.038943205028772354,0.0446927374301676
movi_c_v13_00,temporal_middle,2,11,0.5989109873771667,0.2346368715083799
movi_c_v13_00,temporal_middle,2,12,0.5595105290412903,0.1564245810055866
movi_c_v13_00,temporal_middle,3,1,0.4334353804588318,0.3240223463687151
movi_c_v13_00,temporal_middle,3,2,0.5976757407188416,0.35195530726256985
movi_c_v13_00,temporal_middle,3,3,1.0,1.0
movi_c_v13_00,temporal_middle,3,4,0.3651987910270691,0.01675977653631285
movi_c_v13_00,temporal_middle,3,5,0.08525380492210388,0.027932960893854747
movi_c_v13_00,temporal_middle,3,6,0.47913575172424316,0.27932960893854747
movi_c_v13_00,temporal_middle,3,7,0.2942117154598236,0.1340782122905028
movi_c_v13_00,temporal_middle,3,8,0.28395047783851624,0.13966480446927373
movi_c_v13_00,temporal_middle,3,9,0.13400112092494965,0.01675977653631285
movi_c_v13_00,temporal_middle,3,10,0.10821803659200668,0.10614525139664804
movi_c_v13_00,temporal_middle,3,11,0.36491355299949646,0.0670391061452514
movi_c_v13_00,temporal_middle,3,12,0.3183559477329254,0.0446927374301676
movi_c_v13_00,temporal_middle,4,1,0.23706382513046265,0.027932960893854747
movi_c_v13_00,temporal_middle,4,2,0.46924659609794617,0.01675977653631285
movi_c_v13_00,temporal_middle,4,3,0.3651987910270691,0.01675977653631285
movi_c_v13_00,temporal_middle,4,4,1.0000001192092896,1.0
movi_c_v13_00,temporal_middle,4,5,0.5271247029304504,0.19553072625698323
movi_c_v13_00,temporal_middle,4,6,0.410409539937973,0.0670391061452514
movi_c_v13_00,temporal_middle,4,7,0.5305695533752441,0.08379888268156424
movi_c_v13_00,temporal_middle,4,8,0.3840210437774658,0.00558659217877095
movi_c_v13_00,temporal_middle,4,9,0.4643647372722626,0.07262569832402235
movi_c_v13_00,temporal_middle,4,10,0.23753085732460022,0.11731843575418995
movi_c_v13_00,temporal_middle,4,11,0.6736516356468201,0.0446927374301676
movi_c_v13_00,temporal_middle,4,12,0.6855552792549133,0.15083798882681565
movi_c_v13_00,temporal_middle,5,1,0.13730937242507935,0.07262569832402235
movi_c_v13_00,temporal_middle,5,2,0.05275792255997658,0.0
movi_c_v13_00,temporal_middle,5,3,0.08525380492210388,0.027932960893854747
movi_c_v13_00,temporal_middle,5,4,0.5271247029304504,0.19553072625698323
movi_c_v13_00,temporal_middle,5,5,0.9999998807907104,1.0
movi_c_v13_00,temporal_middle,5,6,0.24334236979484558,0.1005586592178771
movi_c_v13_00,temporal_middle,5,7,0.3393869400024414,0.1452513966480447
movi_c_v13_00,temporal_middle,5,8,0.265694797039032,0.1452513966480447
movi_c_v13_00,temporal_middle,5,9,0.255258709192276,0.061452513966480445
movi_c_v13_00,temporal_middle,5,10,0.3174840807914734,0.24022346368715083
movi_c_v13_00,temporal_middle,5,11,0.36909693479537964,0.0670391061452514
movi_c_v13_00,temporal_middle,5,12,0.36192163825035095,0.0782122905027933
movi_c_v13_00,temporal_middle,6,1,0.5548363924026489,0.45251396648044695
movi_c_v13_00,temporal_middle,6,2,0.5538308620452881,0.3240223463687151
movi_c_v13_00,temporal_middle,6,3,0.47913575172424316,0.27932960893854747
movi_c_v13_00,temporal_middle,6,4,0.410409539937973,0.0670391061452514
movi_c_v13_00,temporal_middle,6,5,0.24334236979484558,0.1005586592178771
movi_c_v13_00,temporal_middle,6,6,1.0,1.0
movi_c_v13_00,temporal_middle,6,7,0.6344774961471558,0.4022346368715084
movi_c_v13_00,temporal_middle,6,8,0.1809910386800766,0.08379888268156424
movi_c_v13_00,temporal_middle,6,9,0.1644546538591385,0.027932960893854747
movi_c_v13_00,temporal_middle,6,10,0.1534116268157959,0.0893854748603352
movi_c_v13_00,temporal_middle,6,11,0.4169136881828308,0.1452513966480447
movi_c_v13_00,temporal_middle,6,12,0.4699667990207672,0.1452513966480447
movi_c_v13_00,temporal_middle,7,1,0.31714197993278503,0.2122905027932961
movi_c_v13_00,temporal_middle,7,2,0.516355037689209,0.20670391061452514
movi_c_v13_00,temporal_middle,7,3,0.2942117154598236,0.1340782122905028
movi_c_v13_00,temporal_middle,7,4,0.5305695533752441,0.08379888268156424
movi_c_v13_00,temporal_middle,7,5,0.3393869400024414,0.1452513966480447
movi_c_v13_00,temporal_middle,7,6,0.6344774961471558,0.4022346368715084
movi_c_v13_00,temporal_middle,7,7,1.0,1.0
movi_c_v13_00,temporal_middle,7,8,0.1454382985830307,0.0223463687150838
movi_c_v13_00,temporal_middle,7,9,0.31279754638671875,0.16201117318435754
movi_c_v13_00,temporal_middle,7,10,0.060216259211301804,0.027932960893854747
movi_c_v13_00,temporal_middle,7,11,0.5391168594360352,0.2011173184357542
movi_c_v13_00,temporal_middle,7,12,0.6339142322540283,0.2905027932960894
movi_c_v13_00,temporal_middle,8,1,0.06367556750774384,0.03910614525139665
movi_c_v13_00,temporal_middle,8,2,0.32411280274391174,0.15083798882681565
movi_c_v13_00,temporal_middle,8,3,0.28395047783851624,0.13966480446927373
movi_c_v13_00,temporal_middle,8,4,0.3840210437774658,0.00558659217877095
movi_c_v13_00,temporal_middle,8,5,0.265694797039032,0.1452513966480447
movi_c_v13_00,temporal_middle,8,6,0.1809910386800766,0.08379888268156424
movi_c_v13_00,temporal_middle,8,7,0.1454382985830307,0.0223463687150838
movi_c_v13_00,temporal_middle,8,8,1.0,1.0
movi_c_v13_00,temporal_middle,8,9,0.30147773027420044,0.07262569832402235
movi_c_v13_00,temporal_middle,8,10,0.3173883855342865,0.24022346368715083
movi_c_v13_00,temporal_middle,8,11,0.4026581943035126,0.1005586592178771
movi_c_v13_00,temporal_middle,8,12,0.27499574422836304,0.05027932960893855
movi_c_v13_00,temporal_middle,9,1,0.09621690958738327,0.0335195530726257
movi_c_v13_00,temporal_middle,9,2,0.28236016631126404,0.0893854748603352
movi_c_v13_00,temporal_middle,9,3,0.13400112092494965,0.01675977653631285
movi_c_v13_00,temporal_middle,9,4,0.4643647372722626,0.07262569832402235
movi_c_v13_00,temporal_middle,9,5,0.255258709192276,0.061452513966480445
movi_c_v13_00,temporal_middle,9,6,0.1644546538591385,0.027932960893854747
movi_c_v13_00,temporal_middle,9,7,0.31279754638671875,0.16201117318435754
movi_c_v13_00,temporal_middle,9,8,0.30147773027420044,0.07262569832402235
movi_c_v13_00,temporal_middle,9,9,1.0,1.0
movi_c_v13_00,temporal_middle,9,10,0.19690456986427307,0.0893854748603352
movi_c_v13_00,temporal_middle,9,11,0.5453426837921143,0.19553072625698323
movi_c_v13_00,temporal_middle,9,12,0.4906792938709259,0.24022346368715083
movi_c_v13_00,temporal_middle,10,1,0.05428991839289665,0.061452513966480445
movi_c_v13_00,temporal_middle,10,2,0.038943205028772354,0.0446927374301676
movi_c_v13_00,temporal_middle,10,3,0.10821803659200668,0.10614525139664804
movi_c_v13_00,temporal_middle,10,4,0.23753085732460022,0.11731843575418995
movi_c_v13_00,temporal_middle,10,5,0.3174840807914734,0.24022346368715083
movi_c_v13_00,temporal_middle,10,6,0.1534116268157959,0.0893854748603352
movi_c_v13_00,temporal_middle,10,7,0.060216259211301804,0.027932960893854747
movi_c_v13_00,temporal_middle,10,8,0.3173883855342865,0.24022346368715083
movi_c_v13_00,temporal_middle,10,9,0.19690456986427307,0.0893854748603352
movi_c_v13_00,temporal_middle,10,10,1.0000001192092896,1.0
movi_c_v13_00,temporal_middle,10,11,0.16048046946525574,0.0446927374301676
movi_c_v13_00,temporal_middle,10,12,0.1581404209136963,0.0111731843575419
movi_c_v13_00,temporal_middle,11,1,0.23994745314121246,0.07262569832402235
movi_c_v13_00,temporal_middle,11,2,0.5989109873771667,0.2346368715083799
movi_c_v13_00,temporal_middle,11,3,0.36491355299949646,0.0670391061452514
movi_c_v13_00,temporal_middle,11,4,0.6736516356468201,0.0446927374301676
movi_c_v13_00,temporal_middle,11,5,0.36909693479537964,0.0670391061452514
movi_c_v13_00,temporal_middle,11,6,0.4169136881828308,0.1452513966480447
movi_c_v13_00,temporal_middle,11,7,0.5391168594360352,0.2011173184357542
movi_c_v13_00,temporal_middle,11,8,0.4026581943035126,0.1005586592178771
movi_c_v13_00,temporal_middle,11,9,0.5453426837921143,0.19553072625698323
movi_c_v13_00,temporal_middle,11,10,0.16048046946525574,0.0446927374301676
movi_c_v13_00,temporal_middle,11,11,1.0,1.0
movi_c_v13_00,temporal_middle,11,12,0.7055926322937012,0.3687150837988827
movi_c_v13_00,temporal_middle,12,1,0.24163761734962463,0.0335195530726257
movi_c_v13_00,temporal_middle,12,2,0.5595105290412903,0.1564245810055866
movi_c_v13_00,temporal_middle,12,3,0.3183559477329254,0.0446927374301676
movi_c_v13_00,temporal_middle,12,4,0.6855552792549133,0.15083798882681565
movi_c_v13_00,temporal_middle,12,5,0.36192163825035095,0.0782122905027933
movi_c_v13_00,temporal_middle,12,6,0.4699667990207672,0.1452513966480447
movi_c_v13_00,temporal_middle,12,7,0.6339142322540283,0.2905027932960894
movi_c_v13_00,temporal_middle,12,8,0.27499574422836304,0.05027932960893855
movi_c_v13_00,temporal_middle,12,9,0.4906792938709259,0.24022346368715083
movi_c_v13_00,temporal_middle,12,10,0.1581404209136963,0.0111731843575419
movi_c_v13_00,temporal_middle,12,11,0.7055926322937012,0.3687150837988827
movi_c_v13_00,temporal_middle,12,12,0.9999999403953552,1.0
movi_c_v13_01,spatial_block,1,1,1.0000001192092896,1.0
movi_c_v13_01,spatial_block,1,2,0.5384067296981812,0.18435754189944134
movi_c_v13_01,spatial_block,1,3,0.28105849027633667,0.09497206703910614
movi_c_v13_01,spatial_block,1,4,0.1886526495218277,0.0446927374301676
movi_c_v13_01,spatial_block,1,5,0.5882344245910645,0.25139664804469275
movi_c_v13_01,spatial_block,1,6,0.3414822816848755,0.1005586592178771
movi_c_v13_01,spatial_block,1,7,0.35393863916397095,0.18435754189944134
movi_c_v13_01,spatial_block,1,8,0.32431328296661377,0.0670391061452514
movi_c_v13_01,spatial_block,1,9,0.21797020733356476,0.0223463687150838
movi_c_v13_01,spatial_block,1,10,0.1613503098487854,0.03910614525139665
movi_c_v13_01,spatial_block,1,11,0.4225003123283386,0.0446927374301676
movi_c_v13_01,spatial_block,1,12,0.4386739432811737,0.16201117318435754
movi_c_v13_01,spatial_block,2,1,0.5384067296981812,0.18435754189944134
movi_c_v13_01,spatial_block,2,2,1.0,1.0
movi_c_v13_01,spatial_block,2,3,0.46224746108055115,0.2737430167597765
movi_c_v13_01,spatial_block,2,4,0.28337061405181885,0.11731843575418995
movi_c_v13_01,spatial_block,2,5,0.46609747409820557,0.18994413407821228
movi_c_v13_01,spatial_block,2,6,0.4022766351699829,0.1452513966480447
movi_c_v13_01,spatial_block,2,7,0.4170909523963928,0.1005586592178771
movi_c_v13_01,spatial_block,2,8,0.5689915418624878,0.26256983240223464
movi_c_v13_01,spatial_block,2,9,0.27229103446006775,0.027932960893854747
movi_c_v13_01,spatial_block,2,10,0.26817166805267334,0.09497206703910614
movi_c_v13_01,spatial_block,2,11,0.49139222502708435,0.10614525139664804
movi_c_v13_01,spatial_block,2,12,0.47125211358070374,0.18994413407821228
movi_c_v13_01,spatial_block,3,1,0.28105849027633667,0.09497206703910614
movi_c_v13_01,spatial_block,3,2,0.46224746108055115,0.2737430167597765
movi_c_v13_01,spatial_block,3,3,0.9999998807907104,1.0
movi_c_v13_01,spatial_block,3,4,0.2881927788257599,0.1564245810055866
movi_c_v13_01,spatial_block,3,5,0.32222670316696167,0.1452513966480447
movi_c_v13_01,spatial_block,3,6,0.23818519711494446,0.0893854748603352
movi_c_v13_01,spatial_block,3,7,0.23637692630290985,0.08379888268156424
movi_c_v13_01,spatial_block,3,8,0.47362667322158813,0.25139664804469275
movi_c_v13_01,spatial_block,3,9,0.3036326766014099,0.11731843575418995
movi_c_v13_01,spatial_block,3,10,0.35816559195518494,0.17318435754189945
movi_c_v13_01,spatial_block,3,11,0.38167932629585266,0.1005586592178771
movi_c_v13_01,spatial_block,3,12,0.3670576214790344,0.12849162011173185
movi_c_v13_01,spatial_block,4,1,0.1886526495218277,0.0446927374301676
movi_c_v13_01,spatial_block,4,2,0.28337061405181885,0.11731843575418995
movi_c_v13_01,spatial_block,4,3,0.2881927788257599,0.1564245810055866
movi_c_v13_01,spatial_block,4,4,1.0,1.0
movi_c_v13_01,spatial_block,4,5,0.4548886716365814,0.21787709497206703
movi_c_v13_01,spatial_block,4,6,0.1736496239900589,0.07262569832402235
movi_c_v13_01,spatial_block,4,7,0.11457773298025131,0.027932960893854747
movi_c_v13_01,spatial_block,4,8,0.1960422694683075,0.055865921787709494
movi_c_v13_01,spatial_block,4,9,0.44371408224105835,0.21787709497206703
movi_c_v13_01,spatial_block,4,10,0.3993714153766632,0.22905027932960895
movi_c_v13_01,spatial_block,4,11,0.2598040699958801,0.08379888268156424
movi_c_v13_01,spatial_block,4,12,0.3304988741874695,0.10614525139664804
movi_c_v13_01,spatial_block,5,1,0.5882344245910645,0.25139664804469275
movi_c_v13_01,spatial_block,5,2,0.46609747409820557,0.18994413407821228
movi_c_v13_01,spatial_block,5,3,0.32222670316696167,0.1452513966480447
movi_c_v13_01,spatial_block,5,4,0.4548886716365814,0.21787709497206703
movi_c_v13_01,spatial_block,5,5,0.9999999403953552,1.0
movi_c_v13_01,spatial_block,5,6,0.46491125226020813,0.2011173184357542
movi_c_v13_01,spatial_block,5,7,0.3563571274280548,0.1564245810055866
movi_c_v13_01,spatial_block,5,8,0.41274306178092957,0.0782122905027933
movi_c_v13_01,spatial_block,5,9,0.42332881689071655,0.09497206703910614
movi_c_v13_01,spatial_block,5,10,0.42196032404899597,0.16201117318435754
movi_c_v13_01,spatial_block,5,11,0.4106895327568054,0.055865921787709494
movi_c_v13_01,spatial_block,5,12,0.5495182871818542,0.16759776536312848
movi_c_v13_01,spatial_block,6,1,0.3414822816848755,0.1005586592178771
movi_c_v13_01,spatial_block,6,2,0.4022766351699829,0.1452513966480447
movi_c_v13_01,spatial_block,6,3,0.23818519711494446,0.0893854748603352
movi_c_v13_01,spatial_block,6,4,0.1736496239900589,0.07262569832402235
movi_c_v13_01,spatial_block,6,5,0.46491125226020813,0.2011173184357542
movi_c_v13_01,spatial_block,6,6,1.0000001192092896,1.0
movi_c_v13_01,spatial_block,6,7,0.5200522541999817,0.19553072625698323
movi_c_v13_01,spatial_block,6,8,0.3338130712509155,0.1005586592178771
movi_c_v13_01,spatial_block,6,9,0.27080073952674866,0.0782122905027933
movi_c_v13_01,spatial_block,6,10,0.22726410627365112,0.11731843575418995
movi_c_v13_01,spatial_block,6,11,0.3109019696712494,0.0111731843575419
movi_c_v13_01,spatial_block,6,12,0.4481058418750763,0.1564245810055866
movi_c_v13_01,spatial_block,7,1,0.35393863916397095,0.18435754189944134
movi_c_v13_01,spatial_block,7,2,0.4170909523963928,0.1005586592178771
movi_c_v13_01,spatial_block,7,3,0.23637692630290985,0.08379888268156424
movi_c_v13_01,spatial_block,7,4,0.11457773298025131,0.027932960893854747
movi_c_v13_01,spatial_block,7,5,0.3563571274280548,0.1564245810055866
movi_c_v13_01,spatial_block,7,6,0.5200522541999817,0.19553072625698323
movi_c_v13_01,spatial_block,7,7,1.0,1.0
movi_c_v13_01,spatial_block,7,8,0.36126142740249634,0.09497206703910614
movi_c_v13_01,spatial_block,7,9,0.28381574153900146,0.0670391061452514
movi_c_v13_01,spatial_block,7,10,0.08578947186470032,0.0111731843575419
movi_c_v13_01,spatial_block,7,11,0.48687079548835754,0.11731843575418995
movi_c_v13_01,spatial_block,7,12,0.4639758765697479,0.2011173184357542
movi_c_v13_01,spatial_block,8,1,0.32431328296661377,0.0670391061452514
movi_c_v13_01,spatial_block,8,2,0.5689915418624878,0.26256983240223464
movi_c_v13_01,spatial_block,8,3,0.47362667322158813,0.25139664804469275
movi_c_v13_01,spatial_block,8,4,0.1960422694683075,0.055865921787709494
movi_c_v13_01,spatial_block,8,5,0.41274306178092957,0.0782122905027933
movi_c_v13_01,spatial_block,8,6,0.3338130712509155,0.1005586592178771
movi_c_v13_01,spatial_block,8,7,0.36126142740249634,0.09497206703910614
movi_c_v13_01,spatial_block,8,8,1.0000001192092896,1.0
movi_c_v13_01,spatial_block,8,9,0.2914055287837982,0.05027932960893855
movi_c_v13_01,spatial_block,8,10,0.468991756439209,0.22346368715083798
movi_c_v13_01,spatial_block,8,11,0.4539177417755127,0.10614525139664804
movi_c_v13_01,spatial_block,8,12,0.47133898735046387,0.1340782122905028
movi_c_v13_01,spatial_block,9,1,0.21797020733356476,0.0223463687150838
movi_c_v13_01,spatial_block,9,2,0.27229103446006775,0.027932960893854747
movi_c_v13_01,spatial_block,9,3,0.3036326766014099,0.11731843575418995
movi_c_v13_01,spatial_block,9,4,0.44371408224105835,0.21787709497206703
movi_c_v13_01,spatial_block,9,5,0.42332881689071655,0.09497206703910614
movi_c_v13_01,spatial_block,9,6,0.27080073952674866,0.0782122905027933
movi_c_v13_01,spatial_block,9,7,0.28381574153900146,0.0670391061452514
movi_c_v13_01,spatial_block,9,8,0.2914055287837982,0.05027932960893855
movi_c_v13_01,spatial_block,9,9,0.9999999403953552,1.0
movi_c_v13_01,spatial_block,9,10,0.4824645519256592,0.2346368715083799
movi_c_v13_01,spatial_block,9,11,0.44951966404914856,0.09497206703910614
movi_c_v13_01,spatial_block,9,12,0.43683746457099915,0.08379888268156424
movi_c_v13_01,spatial_block,10,1,0.1613503098487854,0.03910614525139665
movi_c_v13_01,spatial_block,10,2,0.26817166805267334,0.09497206703910614
movi_c_v13_01,spatial_block,10,3,0.35816559195518494,0.17318435754189945
movi_c_v13_01,spatial_block,10,4,0.3993714153766632,0.22905027932960895
movi_c_v13_01,spatial_block,10,5,0.42196032404899597,0.16201117318435754
movi_c_v13_01,spatial_block,10,6,0.22726410627365112,0.11731843575418995
movi_c_v13_01,spatial_block,10,7,0.08578947186470032,0.0111731843575419
movi_c_v13_01,spatial_block,10,8,0.468991756439209,0.22346368715083798
movi_c_v13_01,spatial_block,10,9,0.4824645519256592,0.2346368715083799
movi_c_v13_01,spatial_block,10,10,1.0000001192092896,1.0
movi_c_v13_01,spatial_block,10,11,0.24790535867214203,0.03910614525139665
movi_c_v13_01,spatial_block,10,12,0.32219359278678894,0.11173184357541899
movi_c_v13_01,spatial_block,11,1,0.4225003123283386,0.0446927374301676
movi_c_v13_01,spatial_block,11,2,0.49139222502708435,0.10614525139664804
movi_c_v13_01,spatial_block,11,3,0.38167932629585266,0.1005586592178771
movi_c_v13_01,spatial_block,11,4,0.2598040699958801,0.08379888268156424
movi_c_v13_01,spatial_block,11,5,0.4106895327568054,0.055865921787709494
movi_c_v13_01,spatial_block,11,6,0.3109019696712494,0.0111731843575419
movi_c_v13_01,spatial_block,11,7,0.48687079548835754,0.11731843575418995
movi_c_v13_01,spatial_block,11,8,0.4539177417755127,0.10614525139664804
movi_c_v13_01,spatial_block,11,9,0.44951966404914856,0.09497206703910614
movi_c_v13_01,spatial_block,11,10,0.24790535867214203,0.03910614525139665
movi_c_v13_01,spatial_block,11,11,1.0,1.0
movi_c_v13_01,spatial_block,11,12,0.5751051306724548,0.1564245810055866
movi_c_v13_01,spatial_block,12,1,0.4386739432811737,0.16201117318435754
movi_c_v13_01,spatial_block,12,2,0.47125211358070374,0.18994413407821228
movi_c_v13_01,spatial_block,12,3,0.3670576214790344,0.12849162011173185
movi_c_v13_01,spatial_block,12,4,0.3304988741874695,0.10614525139664804
movi_c_v13_01,spatial_block,12,5,0.5495182871818542,0.16759776536312848
movi_c_v13_01,spatial_block,12,6,0.4481058418750763,0.1564245810055866
movi_c_v13_01,spatial_block,12,7,0.4639758765697479,0.2011173184357542
movi_c_v13_01,spatial_block,12,8,0.47133898735046387,0.1340782122905028
movi_c_v13_01,spatial_block,12,9,0.43683746457099915,0.08379888268156424
movi_c_v13_01,spatial_block,12,10,0.32219359278678894,0.11173184357541899
movi_c_v13_01,spatial_block,12,11,0.5751051306724548,0.1564245810055866
movi_c_v13_01,spatial_block,12,12,0.9999999403953552,1.0
movi_c_v13_01,spatial_scattered,1,1,1.0,1.0
movi_c_v13_01,spatial_scattered,1,2,0.38010168075561523,0.12849162011173185
movi_c_v13_01,spatial_scattered,1,3,0.37795981764793396,0.09497206703910614
movi_c_v13_01,spatial_scattered,1,4,0.5596514344215393,0.24581005586592178
movi_c_v13_01,spatial_scattered,1,5,0.3198321461677551,0.0893854748603352
movi_c_v13_01,spatial_scattered,1,6,0.4399144947528839,0.2122905027932961
movi_c_v13_01,spatial_scattered,1,7,0.502544641494751,0.1787709497206704
movi_c_v13_01,spatial_scattered,1,8,0.2806238830089569,0.05027932960893855
movi_c_v13_01,spatial_scattered,1,9,0.2929687798023224,0.055865921787709494
movi_c_v13_01,spatial_scattered,1,10,0.2617378830909729,0.05027932960893855
movi_c_v13_01,spatial_scattered,1,11,0.30777403712272644,0.0446927374301676
movi_c_v13_01,spatial_scattered,1,12,0.46392640471458435,0.18994413407821228
movi_c_v13_01,spatial_scattered,2,1,0.38010168075561523,0.12849162011173185
movi_c_v13_01,spatial_scattered,2,2,0.9999998807907104,1.0
movi_c_v13_01,spatial_scattered,2,3,0.5592356324195862,0.22905027932960895
movi_c_v13_01,spatial_scattered,2,4,0.4614928066730499,0.00558659217877095
movi_c_v13_01,spatial_scattered,2,5,0.36316150426864624,0.03910614525139665
movi_c_v13_01,spatial_scattered,2,6,0.4822902977466583,0.18435754189944134
movi_c_v13_01,spatial_scattered,2,7,0.45021364092826843,0.10614525139664804
movi_c_v13_01,spatial_scattered,2,8,0.46048977971076965,0.12290502793296089
movi_c_v13_01,spatial_scattered,2,9,0.2772339880466461,0.05027932960893855
movi_c_v13_01,spatial_scattered,2,10,0.3256164789199829,0.0223463687150838
movi_c_v13_01,spatial_scattered,2,11,0.13446782529354095,0.0
movi_c_v13_01,spatial_scattered,2,12,0.4799475073814392,0.13966480446927373
movi_c_v13_01,spatial_scattered,3,1,0.37795981764793396,0.09497206703910614
movi_c_v13_01,spatial_scattered,3,2,0.5592356324195862,0.22905027932960895
movi_c_v13_01,spatial_scattered,3,3,0.9999999403953552,1.0
movi_c_v13_01,spatial_scattered,3,4,0.47772327065467834,0.0111731843575419
movi_c_v13_01,spatial_scattered,3,5,0.376514196395874,0.10614525139664804
movi_c_v13_01,spatial_scattered,3,6,0.343730628490448,0.0893854748603352
movi_c_v13_01,spatial_scattered,3,7,0.27347230911254883,0.0223463687150838
movi_c_v13_01,spatial_scattered,3,8,0.5656649470329285,0.2737430167597765
movi_c_v13_01,spatial_scattered,3,9,0.35362061858177185,0.10614525139664804
movi_c_v13_01,spatial_scattered,3,10,0.4537017345428467,0.16759776536312848
movi_c_v13_01,spatial_scattered,3,11,0.17564256489276886,0.00558659217877095
movi_c_v13_01,spatial_scattered,3,12,0.44096264243125916,0.09497206703910614
movi_c_v13_01,spatial_scattered,4,1,0.5596514344215393,0.24581005586592178
movi_c_v13_01,spatial_scattered,4,2,0.4614928066730499,0.00558659217877095
movi_c_v13_01,spatial_scattered,4,3,0.47772327065467834,0.0111731843575419
movi_c_v13_01,spatial_scattered,4,4,1.0,1.0
movi_c_v13_01,spatial_scattered,4,5,0.6105901002883911,0.0446927374301676
movi_c_v13_01,spatial_scattered,4,6,0.46861863136291504,0.0111731843575419
movi_c_v13_01,spatial_scattered,4,7,0.5920232534408569,0.1340782122905028
movi_c_v13_01,spatial_scattered,4,8,0.47723114490509033,0.027932960893854747
movi_c_v13_01,spatial_scattered,4,9,0.5797644257545471,0.0782122905027933
movi_c_v13_01,spatial_scattered,4,10,0.5306373238563538,0.0
movi_c_v13_01,spatial_scattered,4,11,0.7232190370559692,0.22905027932960895
movi_c_v13_01,spatial_scattered,4,12,0.6917880773544312,0.2681564245810056
movi_c_v13_01,spatial_scattered,5,1,0.3198321461677551,0.0893854748603352
movi_c_v13_01,spatial_scattered,5,2,0.36316150426864624,0.03910614525139665
movi_c_v13_01,spatial_scattered,5,3,0.376514196395874,0.10614525139664804
movi_c_v13_01,spatial_scattered,5,4,0.6105901002883911,0.0446927374301676
movi_c_v13_01,spatial_scattered,5,5,1.0000001192092896,1.0
movi_c_v13_01,spatial_scattered,5,6,0.4315628111362457,0.1787709497206704
movi_c_v13_01,spatial_scattered,5,7,0.42537328600883484,0.0782122905027933
movi_c_v13_01,spatial_scattered,5,8,0.42190244793891907,0.11173184357541899
movi_c_v13_01,spatial_scattered,5,9,0.20085935294628143,0.0
movi_c_v13_01,spatial_scattered,5,10,0.37512221932411194,0.0446927374301676
movi_c_v13_01,spatial_scattered,5,11,0.2938498258590698,0.01675977653631285
movi_c_v13_01,spatial_scattered,5,12,0.40361037850379944,0.0335195530726257
movi_c_v13_01,spatial_scattered,6,1,0.4399144947528839,0.2122905027932961
movi_c_v13_01,spatial_scattered,6,2,0.4822902977466583,0.18435754189944134
movi_c_v13_01,spatial_scattered,6,3,0.343730628490448,0.0893854748603352
movi_c_v13_01,spatial_scattered,6,4,0.46861863136291504,0.0111731843575419
movi_c_v13_01,spatial_scattered,6,5,0.4315628111362457,0.1787709497206704
movi_c_v13_01,spatial_scattered,6,6,1.0,1.0
movi_c_v13_01,spatial_scattered,6,7,0.6344658732414246,0.18435754189944134
movi_c_v13_01,spatial_scattered,6,8,0.2546718418598175,0.055865921787709494
movi_c_v13_01,spatial_scattered,6,9,0.2503775358200073,0.061452513966480445
movi_c_v13_01,spatial_scattered,6,10,0.17501108348369598,0.055865921787709494
movi_c_v13_01,spatial_scattered,6,11,0.27481791377067566,0.0446927374301676
movi_c_v13_01,spatial_scattered,6,12,0.5267468690872192,0.055865921787709494
movi_c_v13_01,spatial_scattered,7,1,0.502544641494751,0.1787709497206704
movi_c_v13_01,spatial_scattered,7,2,0.45021364092826843,0.10614525139664804
movi_c_v13_01,spatial_scattered,7,3,0.27347230911254883,0.0223463687150838
movi_c_v13_01,spatial_scattered,7,4,0.5920232534408569,0.1340782122905028
movi_c_v13_01,spatial_scattered,7,5,0.42537328600883484,0.0782122905027933
movi_c_v13_01,spatial_scattered,7,6,0.6344658732414246,0.18435754189944134
movi_c_v13_01,spatial_scattered,7,7,1.0,1.0
movi_c_v13_01,spatial_scattered,7,8,0.22439518570899963,0.0335195530726257
movi_c_v13_01,spatial_scattered,7,9,0.25713640451431274,0.027932960893854747
movi_c_v13_01,spatial_scattered,7,10,0.060449156910181046,0.0
movi_c_v13_01,spatial_scattered,7,11,0.41341790556907654,0.05027932960893855
movi_c_v13_01,spatial_scattered,7,12,0.7157697081565857,0.2011173184357542
movi_c_v13_01,spatial_scattered,8,1,0.2806238830089569,0.05027932960893855
movi_c_v13_01,spatial_scattered,8,2,0.46048977971076965,0.12290502793296089
movi_c_v13_01,spatial_scattered,8,3,0.5656649470329285,0.2737430167597765
movi_c_v13_01,spatial_scattered,8,4,0.47723114490509033,0.027932960893854747
movi_c_v13_01,spatial_scattered,8,5,0.42190244793891907,0.11173184357541899
movi_c_v13_01,spatial_scattered,8,6,0.2546718418598175,0.055865921787709494
movi_c_v13_01,spatial_scattered,8,7,0.22439518570899963,0.0335195530726257
movi_c_v13_01,spatial_scattered,8,8,0.9999999403953552,1.0
movi_c_v13_01,spatial_scattered,8,9,0.2548094391822815,0.05027932960893855
movi_c_v13_01,spatial_scattered,8,10,0.5815593600273132,0.2569832402234637
movi_c_v13_01,spatial_scattered,8,11,0.16456958651542664,0.00558659217877095
movi_c_v13_01,spatial_scattered,8,12,0.2990967333316803,0.05027932960893855
movi_c_v13_01,spatial_scattered,9,1,0.2929687798023224,0.055865921787709494
movi_c_v13_01,spatial_scattered,9,2,0.2772339880466461,0.05027932960893855
movi_c_v13_01,spatial_scattered,9,3,0.35362061858177185,0.10614525139664804
movi_c_v13_01,spatial_scattered,9,4,0.5797644257545471,0.0782122905027933
movi_c_v13_01,spatial_scattered,9,5,0.20085935294628143,0.0
movi_c_v13_01,spatial_scattered,9,6,0.2503775358200073,0.061452513966480445
movi_c_v13_01,spatial_scattered,9,7,0.25713640451431274,0.027932960893854747
movi_c_v13_01,spatial_scattered,9,8,0.2548094391822815,0.05027932960893855
movi_c_v13_01,spatial_scattered,9,9,1.0000001192092896,1.0
movi_c_v13_01,spatial_scattered,9,10,0.47923514246940613,0.21787709497206703
movi_c_v13_01,spatial_scattered,9,11,0.5005752444267273,0.22905027932960895
movi_c_v13_01,spatial_scattered,9,12,0.38482314348220825,0.061452513966480445
movi_c_v13_01,spatial_scattered,10,1,0.2617378830909729,0.05027932960893855
movi_c_v13_01,spatial_scattered,10,2,0.3256164789199829,0.0223463687150838
movi_c_v13_01,spatial_scattered,10,3,0.4537017345428467,0.16759776536312848
movi_c_v13_01,spatial_scattered,10,4,0.5306373238563538,0.0
movi_c_v13_01,spatial_scattered,10,5,0.37512221932411194,0.0446927374301676
movi_c_v13_01,spatial_scattered,10,6,0.17501108348369598,0.055865921787709494
movi_c_v13_01,spatial_scattered,10,7,0.060449156910181046,0.0
movi_c_v13_01,spatial_scattered,10,8,0.5815593600273132,0.2569832402234637
movi_c_v13_01,spatial_scattered,10,9,0.47923514246940613,0.21787709497206703
movi_c_v13_01,spatial_scattered,10,10,1.0,1.0
movi_c_v13_01,spatial_scattered,10,11,0.2123342603445053,0.0
movi_c_v13_01,spatial_scattered,10,12,0.16088151931762695,0.01675977653631285
movi_c_v13_01,spatial_scattered,11,1,0.30777403712272644,0.0446927374301676
movi_c_v13_01,spatial_scattered,11,2,0.13446782529354095,0.0
movi_c_v13_01,spatial_scattered,11,3,0.17564256489276886,0.00558659217877095
movi_c_v13_01,spatial_scattered,11,4,0.7232190370559692,0.22905027932960895
movi_c_v13_01,spatial_scattered,11,5,0.2938498258590698,0.01675977653631285
movi_c_v13_01,spatial_scattered,11,6,0.27481791377067566,0.0446927374301676
movi_c_v13_01,spatial_scattered,11,7,0.41341790556907654,0.05027932960893855
movi_c_v13_01,spatial_scattered,11,8,0.16456958651542664,0.00558659217877095
movi_c_v13_01,spatial_scattered,11,9,0.5005752444267273,0.22905027932960895
movi_c_v13_01,spatial_scattered,11,10,0.2123342603445053,0.0
movi_c_v13_01,spatial_scattered,11,11,1.0,1.0
movi_c_v13_01,spatial_scattered,11,12,0.5504817366600037,0.2011173184357542
movi_c_v13_01,spatial_scattered,12,1,0.46392640471458435,0.18994413407821228
movi_c_v13_01,spatial_scattered,12,2,0.4799475073814392,0.13966480446927373
movi_c_v13_01,spatial_scattered,12,3,0.44096264243125916,0.09497206703910614
movi_c_v13_01,spatial_scattered,12,4,0.6917880773544312,0.2681564245810056
movi_c_v13_01,spatial_scattered,12,5,0.40361037850379944,0.0335195530726257
movi_c_v13_01,spatial_scattered,12,6,0.5267468690872192,0.055865921787709494
movi_c_v13_01,spatial_scattered,12,7,0.7157697081565857,0.2011173184357542
movi_c_v13_01,spatial_scattered,12,8,0.2990967333316803,0.05027932960893855
movi_c_v13_01,spatial_scattered,12,9,0.38482314348220825,0.061452513966480445
movi_c_v13_01,spatial_scattered,12,10,0.16088151931762695,0.01675977653631285
movi_c_v13_01,spatial_scattered,12,11,0.5504817366600037,0.2011173184357542
movi_c_v13_01,spatial_scattered,12,12,1.0,1.0
movi_c_v13_01,temporal_back,1,1,1.0,
movi_c_v13_01,temporal_back,1,2,0.11126264929771423,
movi_c_v13_01,temporal_back,1,3,0.05350866541266441,
movi_c_v13_01,temporal_back,1,4,0.2154334932565689,
movi_c_v13_01,temporal_back,1,5,0.18211239576339722,
movi_c_v13_01,temporal_back,1,6,0.3782772421836853,
movi_c_v13_01,temporal_back,1,7,0.23307888209819794,
movi_c_v13_01,temporal_back,1,8,0.09706118702888489,
movi_c_v13_01,temporal_back,1,9,0.032029882073402405,
movi_c_v13_01,temporal_back,1,10,0.045111022889614105,
movi_c_v13_01,temporal_back,1,11,0.0638042688369751,
movi_c_v13_01,temporal_back,1,12,0.2945460379123688,
movi_c_v13_01,temporal_back,2,1,0.11126264929771423,
movi_c_v13_01,temporal_back,2,2,1.0,1.0
movi_c_v13_01,temporal_back,2,3,0.6443073153495789,0.3854748603351955
movi_c_v13_01,temporal_back,2,4,0.48124825954437256,0.15083798882681565
movi_c_v13_01,temporal_back,2,5,0.28062283992767334,0.0335195530726257
movi_c_v13_01,temporal_back,2,6,0.38152265548706055,0.1340782122905028
movi_c_v13_01,temporal_back,2,7,0.3235859274864197,0.1005586592178771
movi_c_v13_01,temporal_back,2,8,0.3796476125717163,0.05027932960893855
movi_c_v13_01,temporal_back,2,9,0.08782660961151123,0.0
movi_c_v13_01,temporal_back,2,10,0.3977015018463135,0.05027932960893855
movi_c_v13_01,temporal_back,2,11,0.5003935098648071,0.2737430167597765
movi_c_v13_01,temporal_back,2,12,0.42130112648010254,0.13966480446927373
movi_c_v13_01,temporal_back,3,1,0.05350866541266441,
movi_c_v13_01,temporal_back,3,2,0.6443073153495789,0.3854748603351955
movi_c_v13_01,temporal_back,3,3,1.0,1.0
movi_c_v13_01,temporal_back,3,4,0.42154279351234436,0.11173184357541899
movi_c_v13_01,temporal_back,3,5,0.199266254901886,0.0446927374301676
movi_c_v13_01,temporal_back,3,6,0.3525705635547638,0.12849162011173185
movi_c_v13_01,temporal_back,3,7,0.282029926776886,0.10614525139664804
movi_c_v13_01,temporal_back,3,8,0.385257363319397,0.0670391061452514
movi_c_v13_01,temporal_back,3,9,0.1781921237707138,0.0111731843575419
movi_c_v13_01,temporal_back,3,10,0.3631025552749634,0.0335195530726257
movi_c_v13_01,temporal_back,3,11,0.49378639459609985,0.22905027932960895
movi_c_v13_01,temporal_back,3,12,0.34617099165916443,0.08379888268156424
movi_c_v13_01,temporal_back,4,1,0.2154334932565689,
movi_c_v13_01,temporal_back,4,2,0.48124825954437256,0.15083798882681565
movi_c_v13_01,temporal_back,4,3,0.42154279351234436,0.11173184357541899
movi_c_v13_01,temporal_back,4,4,1.0,1.0
movi_c_v13_01,temporal_back,4,5,0.6297922730445862,0.1340782122905028
movi_c_v13_01,temporal_back,4,6,0.5993925333023071,0.3575418994413408
movi_c_v13_01,temporal_back,4,7,0.7453129291534424,0.4301675977653631
movi_c_v13_01,temporal_back,4,8,0.6663193702697754,0.05027932960893855
movi_c_v13_01,temporal_back,4,9,0.6215816736221313,0.18994413407821228
movi_c_v13_01,temporal_back,4,10,0.6989877820014954,0.07262569832402235
movi_c_v13_01,temporal_back,4,11,0.6482939720153809,0.0782122905027933
movi_c_v13_01,temporal_back,4,12,0.7440866827964783,0.39106145251396646
movi_c_v13_01,temporal_back,5,1,0.18211239576339722,
movi_c_v13_01,temporal_back,5,2,0.28062283992767334,0.0335195530726257
movi_c_v13_01,temporal_back,5,3,0.199266254901886,0.0446927374301676
movi_c_v13_01,temporal_back,5,4,0.6297922730445862,0.1340782122905028
movi_c_v13_01,temporal_back,5,5,1.0,1.0
movi_c_v13_01,temporal_back,5,6,0.4510818123817444,0.12849162011173185
movi_c_v13_01,temporal_back,5,7,0.5431398749351501,0.19553072625698323
movi_c_v13_01,temporal_back,5,8,0.4840475618839264,0.03910614525139665
movi_c_v13_01,temporal_back,5,9,0.38693636655807495,0.0893854748603352
movi_c_v13_01,temporal_back,5,10,0.48346832394599915,0.0223463687150838
movi_c_v13_01,temporal_back,5,11,0.5720241069793701,0.10614525139664804
movi_c_v13_01,temporal_back,5,12,0.5057777166366577,0.11173184357541899
movi_c_v13_01,temporal_back,6,1,0.3782772421836853,
movi_c_v13_01,temporal_back,6,2,0.38152265548706055,0.1340782122905028
movi_c_v13_01,temporal_back,6,3,0.3525705635547638,0.12849162011173185
movi_c_v13_01,temporal_back,6,4,0.5993925333023071,0.3575418994413408
movi_c_v13_01,temporal_back,6,5,0.4510818123817444,0.12849162011173185
movi_c_v13_01,temporal_back,6,6,0.9999999403953552,1.0
movi_c_v13_01,temporal_back,6,7,0.6010022163391113,0.3240223463687151
movi_c_v13_01,temporal_back,6,8,0.4045705199241638,0.03910614525139665
movi_c_v13_01,temporal_back,6,9,0.23370938003063202,0.0446927374301676
movi_c_v13_01,temporal_back,6,10,0.3234170377254486,0.0223463687150838
movi_c_v13_01,temporal_back,6,11,0.44989314675331116,0.0782122905027933
movi_c_v13_01,temporal_back,6,12,0.6332734823226929,0.3854748603351955
movi_c_v13_01,temporal_back,7,1,0.23307888209819794,
movi_c_v13_01,temporal_back,7,2,0.3235859274864197,0.1005586592178771
movi_c_v13_01,temporal_back,7,3,0.282029926776886,0.10614525139664804
movi_c_v13_01,temporal_back,7,4,0.7453129291534424,0.4301675977653631
movi_c_v13_01,temporal_back,7,5,0.5431398749351501,0.19553072625698323
movi_c_v13_01,temporal_back,7,6,0.6010022163391113,0.3240223463687151
movi_c_v13_01,temporal_back,7,7,1.0000001192092896,1.0
movi_c_v13_01,temporal_back,7,8,0.4776025116443634,0.08379888268156424
movi_c_v13_01,temporal_back,7,9,0.4769734740257263,0.15083798882681565
movi_c_v13_01,temporal_back,7,10,0.4582344889640808,0.061452513966480445
movi_c_v13_01,temporal_back,7,11,0.4581214189529419,0.0893854748603352
movi_c_v13_01,temporal_back,7,12,0.6434928774833679,0.29608938547486036
movi_c_v13_01,temporal_back,8,1,0.09706118702888489,
movi_c_v13_01,temporal_back,8,2,0.3796476125717163,0.05027932960893855
movi_c_v13_01,temporal_back,8,3,0.385257363319397,0.0670391061452514
movi_c_v13_01,temporal_back,8,4,0.6663193702697754,0.05027932960893855
movi_c_v13_01,temporal_back,8,5,0.4840475618839264,0.03910614525139665
movi_c_v13_01,temporal_back,8,6,0.4045705199241638,0.03910614525139665
movi_c_v13_01,temporal_back,8,7,0.4776025116443634,0.08379888268156424
movi_c_v13_01,temporal_back,8,8,1.0,1.0
movi_c_v13_01,temporal_back,8,9,0.49943411350250244,0.0223463687150838
movi_c_v13_01,temporal_back,8,10,0.7752350568771362,0.1787709497206704
movi_c_v13_01,temporal_back,8,11,0.6057071685791016,0.12290502793296089
movi_c_v13_01,temporal_back,8,12,0.5603815317153931,0.05027932960893855
movi_c_v13_01,temporal_back,9,1,0.032029882073402405,
movi_c_v13_01,temporal_back,9,2,0.08782660961151123,0.0
movi_c_v13_01,temporal_back,9,3,0.1781921237707138,0.0111731843575419
movi_c_v13_01,temporal_back,9,4,0.6215816736221313,0.18994413407821228
movi_c_v13_01,temporal_back,9,5,0.38693636655807495,0.0893854748603352
movi_c_v13_01,temporal_back,9,6,0.23370938003063202,0.0446927374301676
movi_c_v13_01,temporal_back,9,7,0.4769734740257263,0.15083798882681565
movi_c_v13_01,temporal_back,9,8,0.49943411350250244,0.0223463687150838
movi_c_v13_01,temporal_back,9,9,1.0000001192092896,1.0
movi_c_v13_01,temporal_back,9,10,0.6892697215080261,0.31843575418994413
movi_c_v13_01,temporal_back,9,11,0.4060767590999603,0.05027932960893855
movi_c_v13_01,temporal_back,9,12,0.4347955584526062,0.09497206703910614
movi_c_v13_01,temporal_back,10,1,0.045111022889614105,
movi_c_v13_01,temporal_back,10,2,0.3977015018463135,0.05027932960893855
movi_c_v13_01,temporal_back,10,3,0.3631025552749634,0.0335195530726257
movi_c_v13_01,temporal_back,10,4,0.6989877820014954,0.07262569832402235
movi_c_v13_01,temporal_back,10,5,0.48346832394599915,0.0223463687150838
movi_c_v13_01,temporal_back,10,6,0.3234170377254486,0.0223463687150838
movi_c_v13_01,temporal_back,10,7,0.4582344889640808,0.061452513966480445
movi_c_v13_01,temporal_back,10,8,0.7752350568771362,0.1787709497206704
movi_c_v13_01,temporal_back,10,9,0.6892697215080261,0.31843575418994413
movi_c_v13_01,temporal_back,10,10,1.0000001192092896,1.0
movi_c_v13_01,temporal_back,10,11,0.6202465891838074,0.07262569832402235
movi_c_v13_01,temporal_back,10,12,0.5378053188323975,0.055865921787709494
movi_c_v13_01,temporal_back,11,1,0.0638042688369751,
movi_c_v13_01,temporal_back,11,2,0.5003935098648071,0.2737430167597765
movi_c_v13_01,temporal_back,11,3,0.49378639459609985,0.22905027932960895
movi_c_v13_01,temporal_back,11,4,0.6482939720153809,0.0782122905027933
movi_c_v13_01,temporal_back,11,5,0.5720241069793701,0.10614525139664804
movi_c_v13_01,temporal_back,11,6,0.44989314675331116,0.0782122905027933
movi_c_v13_01,temporal_back,11,7,0.4581214189529419,0.0893854748603352
movi_c_v13_01,temporal_back,11,8,0.6057071685791016,0.12290502793296089
movi_c_v13_01,temporal_back,11,9,0.4060767590999603,0.05027932960893855
movi_c_v13_01,temporal_back,11,10,0.6202465891838074,0.07262569832402235
movi_c_v13_01,temporal_back,11,11,1.0,1.0
movi_c_v13_01,temporal_back,11,12,0.4531641900539398,0.055865921787709494
movi_c_v13_01,temporal_back,12,1,0.2945460379123688,
movi_c_v13_01,temporal_back,12,2,0.42130112648010254,0.13966480446927373
movi_c_v13_01,temporal_back,12,3,0.34617099165916443,0.08379888268156424
movi_c_v13_01,temporal_back,12,4,0.7440866827964783,0.39106145251396646
movi_c_v13_01,temporal_back,12,5,0.5057777166366577,0.11173184357541899
movi_c_v13_01,temporal_back,12,6,0.6332734823226929,0.3854748603351955
movi_c_v13_01,temporal_back,12,7,0.6434928774833679,0.29608938547486036
movi_c_v13_01,temporal_back,12,8,0.5603815317153931,0.05027932960893855
movi_c_v13_01,temporal_back,12,9,0.4347955584526062,0.09497206703910614
movi_c_v13_01,temporal_back,12,10,0.5378053188323975,0.055865921787709494
movi_c_v13_01,temporal_back,12,11,0.4531641900539398,0.055865921787709494
movi_c_v13_01,temporal_back,12,12,1.0,1.0
movi_c_v13_01,temporal_front,1,1,0.9999999403953552,1.0
movi_c_v13_01,temporal_front,1,2,0.558517575263977,0.3575418994413408
movi_c_v13_01,temporal_front,1,3,0.4515138268470764,0.25139664804469275
movi_c_v13_01,temporal_front,1,4,0.38714784383773804,0.0782122905027933
movi_c_v13_01,temporal_front,1,5,0.11016467213630676,0.08379888268156424
movi_c_v13_01,temporal_front,1,6,0.5265418291091919,0.31843575418994413
movi_c_v13_01,temporal_front,1,7,0.29993724822998047,0.1564245810055866
movi_c_v13_01,temporal_front,1,8,0.132411390542984,0.0446927374301676
movi_c_v13_01,temporal_front,1,9,0.18816320598125458,0.0782122905027933
movi_c_v13_01,temporal_front,1,10,0.12023387849330902,0.03910614525139665
movi_c_v13_01,temporal_front,1,11,0.2996189296245575,0.13966480446927373
movi_c_v13_01,temporal_front,1,12,0.2935227155685425,0.18435754189944134
movi_c_v13_01,temporal_front,2,1,0.558517575263977,0.3575418994413408
movi_c_v13_01,temporal_front,2,2,1.0000001192092896,1.0
movi_c_v13_01,temporal_front,2,3,0.5616779327392578,0.18994413407821228
movi_c_v13_01,temporal_front,2,4,0.669318437576294,0.07262569832402235
movi_c_v13_01,temporal_front,2,5,0.2788829207420349,0.0446927374301676
movi_c_v13_01,temporal_front,2,6,0.662446141242981,0.2011173184357542
movi_c_v13_01,temporal_front,2,7,0.4975772500038147,0.15083798882681565
movi_c_v13_01,temporal_front,2,8,0.39543893933296204,0.1340782122905028
movi_c_v13_01,temporal_front,2,9,0.4618476629257202,0.18435754189944134
movi_c_v13_01,temporal_front,2,10,0.29264891147613525,0.055865921787709494
movi_c_v13_01,temporal_front,2,11,0.49373582005500793,0.1340782122905028
movi_c_v13_01,temporal_front,2,12,0.48867541551589966,0.1452513966480447
movi_c_v13_01,temporal_front,3,1,0.4515138268470764,0.25139664804469275
movi_c_v13_01,temporal_front,3,2,0.5616779327392578,0.18994413407821228
movi_c_v13_01,temporal_front,3,3,1.0,1.0
movi_c_v13_01,temporal_front,3,4,0.5181538462638855,0.0335195530726257
movi_c_v13_01,temporal_front,3,5,0.355985164642334,0.11173184357541899
movi_c_v13_01,temporal_front,3,6,0.6104217171669006,0.21787709497206703
movi_c_v13_01,temporal_front,3,7,0.5919232368469238,0.31843575418994413
movi_c_v13_01,temporal_front,3,8,0.16631804406642914,0.027932960893854747
movi_c_v13_01,temporal_front,3,9,0.2461342215538025,0.0446927374301676
movi_c_v13_01,temporal_front,3,10,0.21115119755268097,0.0335195530726257
movi_c_v13_01,temporal_front,3,11,0.46723029017448425,0.24581005586592178
movi_c_v13_01,temporal_front,3,12,0.5362681746482849,0.3463687150837989
movi_c_v13_01,temporal_front,4,1,0.38714784383773804,0.0782122905027933
movi_c_v13_01,temporal_front,4,2,0.669318437576294,0.07262569832402235
movi_c_v13_01,temporal_front,4,3,0.5181538462638855,0.0335195530726257
movi_c_v13_01,temporal_front,4,4,1.0000001192092896,1.0
movi_c_v13_01,temporal_front,4,5,0.36234748363494873,0.03910614525139665
movi_c_v13_01,temporal_front,4,6,0.5206966996192932,0.00558659217877095
movi_c_v13_01,temporal_front,4,7,0.5029406547546387,0.07262569832402235
movi_c_v13_01,temporal_front,4,8,0.5382376909255981,0.16201117318435754
movi_c_v13_01,temporal_front,4,9,0.5049497485160828,0.11731843575418995
movi_c_v13_01,temporal_front,4,10,0.5469537973403931,0.1340782122905028
movi_c_v13_01,temporal_front,4,11,0.5839417576789856,0.0782122905027933
movi_c_v13_01,temporal_front,4,12,0.5159304738044739,0.0446927374301676
movi_c_v13_01,temporal_front,5,1,0.11016467213630676,0.08379888268156424
movi_c_v13_01,temporal_front,5,2,0.2788829207420349,0.0446927374301676
movi_c_v13_01,temporal_front,5,3,0.355985164642334,0.11173184357541899
movi_c_v13_01,temporal_front,5,4,0.36234748363494873,0.03910614525139665
movi_c_v13_01,temporal_front,5,5,1.0,1.0
movi_c_v13_01,temporal_front,5,6,0.3668152093887329,0.05027932960893855
movi_c_v13_01,temporal_front,5,7,0.4558948278427124,0.2681564245810056
movi_c_v13_01,temporal_front,5,8,0.1951945424079895,0.055865921787709494
movi_c_v13_01,temporal_front,5,9,0.232349693775177,0.08379888268156424
movi_c_v13_01,temporal_front,5,10,0.24912157654762268,0.055865921787709494
movi_c_v13_01,temporal_front,5,11,0.3415434658527374,0.1787709497206704
movi_c_v13_01,temporal_front,5,12,0.39425453543663025,0.18994413407821228
movi_c_v13_01,temporal_front,6,1,0.5265418291091919,0.31843575418994413
movi_c_v13_01,temporal_front,6,2,0.662446141242981,0.2011173184357542
movi_c_v13_01,temporal_front,6,3,0.6104217171669006,0.21787709497206703
movi_c_v13_01,temporal_front,6,4,0.5206966996192932,0.00558659217877095
movi_c_v13_01,temporal_front,6,5,0.3668152093887329,0.05027932960893855
movi_c_v13_01,temporal_front,6,6,1.0,1.0
movi_c_v13_01,temporal_front,6,7,0.45458367466926575,0.11731843575418995
movi_c_v13_01,temporal_front,6,8,0.27181729674339294,0.055865921787709494
movi_c_v13_01,temporal_front,6,9,0.3303196132183075,0.0782122905027933
movi_c_v13_01,temporal_front,6,10,0.2069171816110611,0.061452513966480445
movi_c_v13_01,temporal_front,6,11,0.41806283593177795,0.0670391061452514
movi_c_v13_01,temporal_front,6,12,0.46913835406303406,0.1005586592178771
movi_c_v13_01,temporal_front,7,1,0.29993724822998047,0.1564245810055866
movi_c_v13_01,temporal_front,7,2,0.4975772500038147,0.15083798882681565
movi_c_v13_01,temporal_front,7,3,0.5919232368469238,0.31843575418994413
movi_c_v13_01,temporal_front,7,4,0.5029406547546387,0.07262569832402235
movi_c_v13_01,temporal_front,7,5,0.4558948278427124,0.2681564245810056
movi_c_v13_01,temporal_front,7,6,0.45458367466926575,0.11731843575418995
movi_c_v13_01,temporal_front,7,7,0.9999998807907104,1.0
movi_c_v13_01,temporal_front,7,8,0.10468420386314392,0.01675977653631285
movi_c_v13_01,temporal_front,7,9,0.39848750829696655,0.15083798882681565
movi_c_v13_01,temporal_front,7,10,0.20093517005443573,0.0446927374301676
movi_c_v13_01,temporal_front,7,11,0.551045298576355,0.3016759776536313
movi_c_v13_01,temporal_front,7,12,0.6634465456008911,0.36312849162011174
movi_c_v13_01,temporal_front,8,1,0.132411390542984,0.0446927374301676
movi_c_v13_01,temporal_front,8,2,0.39543893933296204,0.1340782122905028
movi_c_v13_01,temporal_front,8,3,0.16631804406642914,0.027932960893854747
movi_c_v13_01,temporal_front,8,4,0.5382376909255981,0.16201117318435754
movi_c_v13_01,temporal_front,8,5,0.1951945424079895,0.055865921787709494
movi_c_v13_01,temporal_front,8,6,0.27181729674339294,0.055865921787709494
movi_c_v13_01,temporal_front,8,7,0.10468420386314392,0.01675977653631285
movi_c_v13_01,temporal_front,8,8,1.0,1.0
movi_c_v13_01,temporal_front,8,9,0.3308470845222473,0.0782122905027933
movi_c_v13_01,temporal_front,8,10,0.46837443113327026,0.2011173184357542
movi_c_v13_01,temporal_front,8,11,0.20959694683551788,0.0335195530726257
movi_c_v13_01,temporal_front,8,12,0.20200031995773315,0.01675977653631285
movi_c_v13_01,temporal_front,9,1,0.18816320598125458,0.0782122905027933
movi_c_v13_01,temporal_front,9,2,0.4618476629257202,0.18435754189944134
movi_c_v13_01,temporal_front,9,3,0.2461342215538025,0.0446927374301676
movi_c_v13_01,temporal_front,9,4,0.5049497485160828,0.11731843575418995
movi_c_v13_01,temporal_front,9,5,0.232349693775177,0.08379888268156424
movi_c_v13_01,temporal_front,9,6,0.3303196132183075,0.0782122905027933
movi_c_v13_01,temporal_front,9,7,0.39848750829696655,0.15083798882681565
movi_c_v13_01,temporal_front,9,8,0.3308470845222473,0.0782122905027933
movi_c_v13_01,temporal_front,9,9,1.0,1.0
movi_c_v13_01,temporal_front,9,10,0.28804662823677063,0.03910614525139665
movi_c_v13_01,temporal_front,9,11,0.36011582612991333,0.0782122905027933
movi_c_v13_01,temporal_front,9,12,0.35486331582069397,0.09497206703910614
movi_c_v13_01,temporal_front,10,1,0.12023387849330902,0.03910614525139665
movi_c_v13_01,temporal_front,10,2,0.29264891147613525,0.055865921787709494
movi_c_v13_01,temporal_front,10,3,0.21115119755268097,0.0335195530726257
movi_c_v13_01,temporal_front,10,4,0.5469537973403931,0.1340782122905028
movi_c_v13_01,temporal_front,10,5,0.24912157654762268,0.055865921787709494
movi_c_v13_01,temporal_front,10,6,0.2069171816110611,0.061452513966480445
movi_c_v13_01,temporal_front,10,7,0.20093517005443573,0.0446927374301676
movi_c_v13_01,temporal_front,10,8,0.46837443113327026,0.2011173184357542
movi_c_v13_01,temporal_front,10,9,0.28804662823677063,0.03910614525139665
movi_c_v13_01,temporal_front,10,10,1.0,1.0
movi_c_v13_01,temporal_front,10,11,0.28964221477508545,0.05027932960893855
movi_c_v13_01,temporal_front,10,12,0.20004616677761078,0.01675977653631285
movi_c_v13_01,temporal_front,11,1,0.2996189296245575,0.13966480446927373
movi_c_v13_01,temporal_front,11,2,0.49373582005500793,0.1340782122905028
movi_c_v13_01,temporal_front,11,3,0.46723029017448425,0.24581005586592178
movi_c_v13_01,temporal_front,11,4,0.5839417576789856,0.0782122905027933
movi_c_v13_01,temporal_front,11,5,0.3415434658527374,0.1787709497206704
movi_c_v13_01,temporal_front,11,6,0.41806283593177795,0.0670391061452514
movi_c_v13_01,temporal_front,11,7,0.551045298576355,0.3016759776536313
movi_c_v13_01,temporal_front,11,8,0.20959694683551788,0.0335195530726257
movi_c_v13_01,temporal_front,11,9,0.36011582612991333,0.0782122905027933
movi_c_v13_01,temporal_front,11,10,0.28964221477508545,0.05027932960893855
movi_c_v13_01,temporal_front,11,11,1.0,1.0
movi_c_v13_01,temporal_front,11,12,0.6000539660453796,0.35195530726256985
movi_c_v13_01,temporal_front,12,1,0.2935227155685425,0.18435754189944134
movi_c_v13_01,temporal_front,12,2,0.48867541551589966,0.1452513966480447
movi_c_v13_01,temporal_front,12,3,0.5362681746482849,0.3463687150837989
movi_c_v13_01,temporal_front,12,4,0.5159304738044739,0.0446927374301676
movi_c_v13_01,temporal_front,12,5,0.39425453543663025,0.18994413407821228
movi_c_v13_01,temporal_front,12,6,0.46913835406303406,0.1005586592178771
movi_c_v13_01,temporal_front,12,7,0.6634465456008911,0.36312849162011174
movi_c_v13_01,temporal_front,12,8,0.20200031995773315,0.01675977653631285
movi_c_v13_01,temporal_front,12,9,0.35486331582069397,0.09497206703910614
movi_c_v13_01,temporal_front,12,10,0.20004616677761078,0.01675977653631285
movi_c_v13_01,temporal_front,12,11,0.6000539660453796,0.35195530726256985
movi_c_v13_01,temporal_front,12,12,1.0,1.0
movi_c_v13_01,temporal_middle,1,1,1.0000001192092896,1.0
movi_c_v13_01,temporal_middle,1,2,0.36738139390945435,0.22346368715083798
movi_c_v13_01,temporal_middle,1,3,0.3889235556125641,0.27932960893854747
movi_c_v13_01,temporal_middle,1,4,0.1866542100906372,0.0
movi_c_v13_01,temporal_middle,1,5,0.13544641435146332,0.11173184357541899
movi_c_v13_01,temporal_middle,1,6,0.3089997470378876,0.21787709497206703
movi_c_v13_01,temporal_middle,1,7,0.38706496357917786,0.26256983240223464
movi_c_v13_01,temporal_middle,1,8,0.03202555328607559,0.01675977653631285
movi_c_v13_01,temporal_middle,1,9,0.14385296404361725,0.0670391061452514
movi_c_v13_01,temporal_middle,1,10,0.043412044644355774,0.03910614525139665
movi_c_v13_01,temporal_middle,1,11,0.24784070253372192,0.1340782122905028
movi_c_v13_01,temporal_middle,1,12,0.2991245985031128,0.1787709497206704
movi_c_v13_01,temporal_middle,2,1,0.36738139390945435,0.22346368715083798
movi_c_v13_01,temporal_middle,2,2,1.0000001192092896,1.0
movi_c_v13_01,temporal_middle,2,3,0.7333394885063171,0.5307262569832403
movi_c_v13_01,temporal_middle,2,4,0.4244269132614136,0.03910614525139665
movi_c_v13_01,temporal_middle,2,5,0.24392598867416382,0.0782122905027933
movi_c_v13_01,temporal_middle,2,6,0.6521049737930298,0.35195530726256985
movi_c_v13_01,temporal_middle,2,7,0.6803377270698547,0.4134078212290503
movi_c_v13_01,temporal_middle,2,8,0.15028399229049683,0.05027932960893855
movi_c_v13_01,temporal_middle,2,9,0.262899786233902,0.0670391061452514
movi_c_v13_01,temporal_middle,2,10,0.042858920991420746,0.0
movi_c_v13_01,temporal_middle,2,11,0.5961629152297974,0.36312849162011174
movi_c_v13_01,temporal_middle,2,12,0.5542104244232178,0.27932960893854747
movi_c_v13_01,temporal_middle,3,1,0.3889235556125641,0.27932960893854747
movi_c_v13_01,temporal_middle,3,2,0.7333394885063171,0.5307262569832403
movi_c_v13_01,temporal_middle,3,3,0.9999998807907104,1.0
movi_c_v13_01,temporal_middle,3,4,0.34135451912879944,0.01675977653631285
movi_c_v13_01,temporal_middle,3,5,0.21248729526996613,0.0670391061452514
movi_c_v13_01,temporal_middle,3,6,0.4988902807235718,0.2346368715083799
movi_c_v13_01,temporal_middle,3,7,0.57646644115448,0.3575418994413408
movi_c_v13_01,temporal_middle,3,8,0.0692758560180664,0.0223463687150838
movi_c_v13_01,temporal_middle,3,9,0.2022905945777893,0.03910614525139665
movi_c_v13_01,temporal_middle,3,10,0.01866593025624752,0.0
movi_c_v13_01,temporal_middle,3,11,0.4718082845211029,0.29608938547486036
movi_c_v13_01,temporal_middle,3,12,0.4396477937698364,0.21787709497206703
movi_c_v13_01,temporal_middle,4,1,0.1866542100906372,0.0
movi_c_v13_01,temporal_middle,4,2,0.4244269132614136,0.03910614525139665
movi_c_v13_01,temporal_middle,4,3,0.34135451912879944,0.01675977653631285
movi_c_v13_01,temporal_middle,4,4,1.0,1.0
movi_c_v13_01,temporal_middle,4,5,0.565661609172821,0.21787709497206703
movi_c_v13_01,temporal_middle,4,6,0.5134443640708923,0.05027932960893855
movi_c_v13_01,temporal_middle,4,7,0.5974776744842529,0.0670391061452514
movi_c_v13_01,temporal_middle,4,8,0.5426819324493408,0.1340782122905028
movi_c_v13_01,temporal_middle,4,9,0.5062629580497742,0.08379888268156424
movi_c_v13_01,temporal_middle,4,10,0.4817828834056854,0.15083798882681565
movi_c_v13_01,temporal_middle,4,11,0.538733959197998,0.05027932960893855
movi_c_v13_01,temporal_middle,4,12,0.6194957494735718,0.16201117318435754
movi_c_v13_01,temporal_middle,5,1,0.13544641435146332,0.11173184357541899
movi_c_v13_01,temporal_middle,5,2,0.24392598867416382,0.0782122905027933
movi_c_v13_01,temporal_middle,5,3,0.21248729526996613,0.0670391061452514
movi_c_v13_01,temporal_middle,5,4,0.565661609172821,0.21787709497206703
movi_c_v13_01,temporal_middle,5,5,1.0,1.0
movi_c_v13_01,temporal_middle,5,6,0.4537808895111084,0.22905027932960895
movi_c_v13_01,temporal_middle,5,7,0.4740980863571167,0.22346368715083798
movi_c_v13_01,temporal_middle,5,8,0.3814845085144043,0.1452513966480447
movi_c_v13_01,temporal_middle,5,9,0.32065510749816895,0.0782122905027933
movi_c_v13_01,temporal_middle,5,10,0.22447964549064636,0.03910614525139665
movi_c_v13_01,temporal_middle,5,11,0.2993665933609009,0.0893854748603352
movi_c_v13_01,temporal_middle,5,12,0.5712795853614807,0.3743016759776536
movi_c_v13_01,temporal_middle,6,1,0.3089997470378876,0.21787709497206703
movi_c_v13_01,temporal_middle,6,2,0.6521049737930298,0.35195530726256985
movi_c_v13_01,temporal_middle,6,3,0.4988902807235718,0.2346368715083799
movi_c_v13_01,temporal_middle,6,4,0.5134443640708923,0.05027932960893855
movi_c_v13_01,temporal_middle,6,5,0.4537808895111084,0.22905027932960895
movi_c_v13_01,temporal_middle,6,6,1.0,1.0
movi_c_v13_01,temporal_middle,6,7,0.7927594780921936,0.49162011173184356
movi_c_v13_01,temporal_middle,6,8,0.2462453842163086,0.061452513966480445
movi_c_v13_01,temporal_middle,6,9,0.2739332914352417,0.01675977653631285
movi_c_v13_01,temporal_middle,6,10,0.09542176127433777,0.0111731843575419
movi_c_v13_01,temporal_middle,6,11,0.45456668734550476,0.2122905027932961
movi_c_v13_01,temporal_middle,6,12,0.7096816301345825,0.39106145251396646
movi_c_v13_01,temporal_middle,7,1,0.38706496357917786,0.26256983240223464
movi_c_v13_01,temporal_middle,7,2,0.6803377270698547,0.4134078212290503
movi_c_v13_01,temporal_middle,7,3,0.57646644115448,0.3575418994413408
movi_c_v13_01,temporal_middle,7,4,0.5974776744842529,0.0670391061452514
movi_c_v13_01,temporal_middle,7,5,0.4740980863571167,0.22346368715083798
movi_c_v13_01,temporal_middle,7,6,0.7927594780921936,0.49162011173184356
movi_c_v13_01,temporal_middle,7,7,0.9999999403953552,1.0
movi_c_v13_01,temporal_middle,7,8,0.24479776620864868,0.0670391061452514
movi_c_v13_01,temporal_middle,7,9,0.3200557231903076,0.03910614525139665
movi_c_v13_01,temporal_middle,7,10,0.1771816909313202,0.00558659217877095
movi_c_v13_01,temporal_middle,7,11,0.5906715989112854,0.2737430167597765
movi_c_v13_01,temporal_middle,7,12,0.7382477521896362,0.4581005586592179
movi_c_v13_01,temporal_middle,8,1,0.03202555328607559,0.01675977653631285
movi_c_v13_01,temporal_middle,8,2,0.15028399229049683,0.05027932960893855
movi_c_v13_01,temporal_middle,8,3,0.0692758560180664,0.0223463687150838
movi_c_v13_01,temporal_middle,8,4,0.5426819324493408,0.1340782122905028
movi_c_v13_01,temporal_middle,8,5,0.3814845085144043,0.1452513966480447
movi_c_v13_01,temporal_middle,8,6,0.2462453842163086,0.061452513966480445
movi_c_v13_01,temporal_middle,8,7,0.24479776620864868,0.0670391061452514
movi_c_v13_01,temporal_middle,8,8,1.0000001192092896,1.0
movi_c_v13_01,temporal_middle,8,9,0.41078194975852966,0.1340782122905028
movi_c_v13_01,temporal_middle,8,10,0.47892045974731445,0.22905027932960895
movi_c_v13_01,temporal_middle,8,11,0.32607951760292053,0.1005586592178771
movi_c_v13_01,temporal_middle,8,12,0.2945839762687683,0.08379888268156424
movi_c_v13_01,temporal_middle,9,1,0.14385296404361725,0.0670391061452514
movi_c_v13_01,temporal_middle,9,2,0.262899786233902,0.0670391061452514
movi_c_v13_01,temporal_middle,9,3,0.2022905945777893,0.03910614525139665
movi_c_v13_01,temporal_middle,9,4,0.5062629580497742,0.08379888268156424
movi_c_v13_01,temporal_middle,9,5,0.32065510749816895,0.0782122905027933
movi_c_v13_01,temporal_middle,9,6,0.2739332914352417,0.01675977653631285
movi_c_v13_01,temporal_middle,9,7,0.3200557231903076,0.03910614525139665
movi_c_v13_01,temporal_middle,9,8,0.41078194975852966,0.1340782122905028
movi_c_v13_01,temporal_middle,9,9,0.9999999403953552,1.0
movi_c_v13_01,temporal_middle,9,10,0.29942309856414795,0.08379888268156424
movi_c_v13_01,temporal_middle,9,11,0.4460458755493164,0.12290502793296089
movi_c_v13_01,temporal_middle,9,12,0.3407121002674103,0.0670391061452514
movi_c_v13_01,temporal_middle,10,1,0.043412044644355774,0.03910614525139665
movi_c_v13_01,temporal_middle,10,2,0.042858920991420746,0.0
movi_c_v13_01,temporal_middle,10,3,0.01866593025624752,0.0
movi_c_v13_01,temporal_middle,10,4,0.4817828834056854,0.15083798882681565
movi_c_v13_01,temporal_middle,10,5,0.22447964549064636,0.03910614525139665
movi_c_v13_01,temporal_middle,10,6,0.09542176127433777,0.0111731843575419
movi_c_v13_01,temporal_middle,10,7,0.1771816909313202,0.00558659217877095
movi_c_v13_01,temporal_middle,10,8,0.47892045974731445,0.22905027932960895
movi_c_v13_01,temporal_middle,10,9,0.29942309856414795,0.08379888268156424
movi_c_v13_01,temporal_middle,10,10,0.9999999403953552,1.0
movi_c_v13_01,temporal_middle,10,11,0.3109361231327057,0.05027932960893855
movi_c_v13_01,temporal_middle,10,12,0.14200915396213531,0.0
movi_c_v13_01,temporal_middle,11,1,0.24784070253372192,0.1340782122905028
movi_c_v13_01,temporal_middle,11,2,0.5961629152297974,0.36312849162011174
movi_c_v13_01,temporal_middle,11,3,0.4718082845211029,0.29608938547486036
movi_c_v13_01,temporal_middle,11,4,0.538733959197998,0.05027932960893855
movi_c_v13_01,temporal_middle,11,5,0.2993665933609009,0.0893854748603352
movi_c_v13_01,temporal_middle,11,6,0.45456668734550476,0.2122905027932961
movi_c_v13_01,temporal_middle,11,7,0.5906715989112854,0.2737430167597765
movi_c_v13_01,temporal_middle,11,8,0.32607951760292053,0.1005586592178771
movi_c_v13_01,temporal_middle,11,9,0.4460458755493164,0.12290502793296089
movi_c_v13_01,temporal_middle,11,10,0.3109361231327057,0.05027932960893855
movi_c_v13_01,temporal_middle,11,11,1.0,1.0
movi_c_v13_01,temporal_middle,11,12,0.5427594184875488,0.2849162011173184
movi_c_v13_01,temporal_middle,12,1,0.2991245985031128,0.1787709497206704
movi_c_v13_01,temporal_middle,12,2,0.5542104244232178,0.27932960893854747
movi_c_v13_01,temporal_middle,12,3,0.4396477937698364,0.21787709497206703
movi_c_v13_01,temporal_middle,12,4,0.6194957494735718,0.16201117318435754
movi_c_v13_01,temporal_middle,12,5,0.5712795853614807,0.3743016759776536
movi_c_v13_01,temporal_middle,12,6,0.7096816301345825,0.39106145251396646
movi_c_v13_01,temporal_middle,12,7,0.7382477521896362,0.4581005586592179
movi_c_v13_01,temporal_middle,12,8,0.2945839762687683,0.08379888268156424
movi_c_v13_01,temporal_middle,12,9,0.3407121002674103,0.0670391061452514
movi_c_v13_01,temporal_middle,12,10,0.14200915396213531,0.0
movi_c_v13_01,temporal_middle,12,11,0.5427594184875488,0.2849162011173184
movi_c_v13_01,temporal_middle,12,12,0.9999998807907104,1.0
movi_c_v13_02,spatial_block,1,1,0.9999998807907104,1.0
movi_c_v13_02,spatial_block,1,2,0.30151060223579407,0.1340782122905028
movi_c_v13_02,spatial_block,1,3,0.20055563747882843,0.055865921787709494
movi_c_v13_02,spatial_block,1,4,0.4261039197444916,0.19553072625698323
movi_c_v13_02,spatial_block,1,5,0.5079637169837952,0.22905027932960895
movi_c_v13_02,spatial_block,1,6,0.2012927383184433,0.05027932960893855
movi_c_v13_02,spatial_block,1,7,0.1767130047082901,0.0335195530726257
movi_c_v13_02,spatial_block,1,8,0.16460512578487396,0.0
movi_c_v13_02,spatial_block,1,9,0.25094789266586304,0.05027932960893855
movi_c_v13_02,spatial_block,1,10,0.24906452000141144,0.055865921787709494
movi_c_v13_02,spatial_block,1,11,0.14586660265922546,0.0446927374301676
movi_c_v13_02,spatial_block,1,12,0.2141762375831604,0.0670391061452514
movi_c_v13_02,spatial_block,2,1,0.30151060223579407,0.1340782122905028
movi_c_v13_02,spatial_block,2,2,1.0000001192092896,1.0
movi_c_v13_02,spatial_block,2,3,0.4079565107822418,0.24581005586592178
movi_c_v13_02,spatial_block,2,4,0.2132275402545929,0.0
movi_c_v13_02,spatial_block,2,5,0.34179359674453735,0.10614525139664804
movi_c_v13_02,spatial_block,2,6,0.3172982931137085,0.16759776536312848
movi_c_v13_02,spatial_block,2,7,0.12241550534963608,0.00558659217877095
movi_c_v13_02,spatial_block,2,8,0.424443781375885,0.22346368715083798
movi_c_v13_02,spatial_block,2,9,0.18256710469722748,0.08379888268156424
movi_c_v13_02,spatial_block,2,10,0.32304638624191284,0.11173184357541899
movi_c_v13_02,spatial_block,2,11,0.14658117294311523,0.055865921787709494
movi_c_v13_02,spatial_block,2,12,0.27732375264167786,0.09497206703910614
movi_c_v13_02,spatial_block,3,1,0.20055563747882843,0.055865921787709494
movi_c_v13_02,spatial_block,3,2,0.4079565107822418,0.24581005586592178
movi_c_v13_02,spatial_block,3,3,0.9999999403953552,1.0
movi_c_v13_02,spatial_block,3,4,0.3310762643814087,0.07262569832402235
movi_c_v13_02,spatial_block,3,5,0.40639734268188477,0.12849162011173185
movi_c_v13_02,spatial_block,3,6,0.25091418623924255,0.0446927374301676
movi_c_v13_02,spatial_block,3,7,0.24428650736808777,0.061452513966480445
movi_c_v13_02,spatial_block,3,8,0.5962051749229431,0.329608938547486
movi_c_v13_02,spatial_block,3,9,0.46303635835647583,0.2122905027932961
movi_c_v13_02,spatial_block,3,10,0.5499032139778137,0.16759776536312848
movi_c_v13_02,spatial_block,3,11,0.26483577489852905,0.05027932960893855
movi_c_v13_02,spatial_block,3,12,0.26544255018234253,0.03910614525139665
movi_c_v13_02,spatial_block,4,1,0.4261039197444916,0.19553072625698323
movi_c_v13_02,spatial_block,4,2,0.2132275402545929,0.0
movi_c_v13_02,spatial_block,4,3,0.3310762643814087,0.07262569832402235
movi_c_v13_02,spatial_block,4,4,1.0000001192092896,1.0
movi_c_v13_02,spatial_block,4,5,0.4095434546470642,0.055865921787709494
movi_c_v13_02,spatial_block,4,6,0.4296444356441498,0.16201117318435754
movi_c_v13_02,spatial_block,4,7,0.492595911026001,0.3240223463687151
movi_c_v13_02,spatial_block,4,8,0.3300382196903229,0.0
movi_c_v13_02,spatial_block,4,9,0.4519217014312744,0.1564245810055866
movi_c_v13_02,spatial_block,4,10,0.3602296710014343,0.061452513966480445
movi_c_v13_02,spatial_block,4,11,0.3824571371078491,0.19553072625698323
movi_c_v13_02,spatial_block,4,12,0.42041483521461487,0.1340782122905028
movi_c_v13_02,spatial_block,5,1,0.5079637169837952,0.22905027932960895
movi_c_v13_02,spatial_block,5,2,0.34179359674453735,0.10614525139664804
movi_c_v13_02,spatial_block,5,3,0.40639734268188477,0.12849162011173185
movi_c_v13_02,spatial_block,5,4,0.4095434546470642,0.055865921787709494
movi_c_v13_02,spatial_block,5,5,1.0,1.0
movi_c_v13_02,spatial_block,5,6,0.33790940046310425,0.0335195530726257
movi_c_v13_02,spatial_block,5,7,0.2586425244808197,0.0335195530726257
movi_c_v13_02,spatial_block,5,8,0.46188923716545105,0.07262569832402235
movi_c_v13_02,spatial_block,5,9,0.34645459055900574,0.0446927374301676
movi_c_v13_02,spatial_block,5,10,0.4127247929573059,0.05027932960893855
movi_c_v13_02,spatial_block,5,11,0.18869276344776154,0.00558659217877095
movi_c_v13_02,spatial_block,5,12,0.2940467596054077,0.0335195530726257
movi_c_v13_02,spatial_block,6,1,0.2012927383184433,0.05027932960893855
movi_c_v13_02,spatial_block,6,2,0.3172982931137085,0.16759776536312848
movi_c_v13_02,spatial_block,6,3,0.25091418623924255,0.0446927374301676
movi_c_v13_02,spatial_block,6,4,0.4296444356441498,0.16201117318435754
movi_c_v13_02,spatial_block,6,5,0.33790940046310425,0.0335195530726257
movi_c_v13_02,spatial_block,6,6,0.9999998807907104,1.0
movi_c_v13_02,spatial_block,6,7,0.5973086357116699,0.18435754189944134
movi_c_v13_02,spatial_block,6,8,0.2342665046453476,0.0111731843575419
movi_c_v13_02,spatial_block,6,9,0.36686354875564575,0.0893854748603352
movi_c_v13_02,spatial_block,6,10,0.23155474662780762,0.03910614525139665
movi_c_v13_02,spatial_block,6,11,0.369459867477417,0.07262569832402235
movi_c_v13_02,spatial_block,6,12,0.5088422894477844,0.12290502793296089
movi_c_v13_02,spatial_block,7,1,0.1767130047082901,0.0335195530726257
movi_c_v13_02,spatial_block,7,2,0.12241550534963608,0.00558659217877095
movi_c_v13_02,spatial_block,7,3,0.24428650736808777,0.061452513966480445
movi_c_v13_02,spatial_block,7,4,0.492595911026001,0.3240223463687151
movi_c_v13_02,spatial_block,7,5,0.2586425244808197,0.0335195530726257
movi_c_v13_02,spatial_block,7,6,0.5973086357116699,0.18435754189944134
movi_c_v13_02,spatial_block,7,7,1.0,1.0
movi_c_v13_02,spatial_block,7,8,0.18633919954299927,0.0
movi_c_v13_02,spatial_block,7,9,0.4970991313457489,0.18994413407821228
movi_c_v13_02,spatial_block,7,10,0.12611398100852966,0.0
movi_c_v13_02,spatial_block,7,11,0.5638918876647949,0.2011173184357542
movi_c_v13_02,spatial_block,7,12,0.6061080694198608,0.2122905027932961
movi_c_v13_02,spatial_block,8,1,0.16460512578487396,0.0
movi_c_v13_02,spatial_block,8,2,0.424443781375885,0.22346368715083798
movi_c_v13_02,spatial_block,8,3,0.5962051749229431,0.329608938547486
movi_c_v13_02,spatial_block,8,4,0.3300382196903229,0.0
movi_c_v13_02,spatial_block,8,5,0.46188923716545105,0.07262569832402235
movi_c_v13_02,spatial_block,8,6,0.2342665046453476,0.0111731843575419
movi_c_v13_02,spatial_block,8,7,0.18633919954299927,0.0
movi_c_v13_02,spatial_block,8,8,1.0000001192092896,1.0
movi_c_v13_02,spatial_block,8,9,0.3698323369026184,0.09497206703910614
movi_c_v13_02,spatial_block,8,10,0.7523309588432312,0.329608938547486
movi_c_v13_02,spatial_block,8,11,0.3208097815513611,0.03910614525139665
movi_c_v13_02,spatial_block,8,12,0.2852628827095032,0.0335195530726257
movi_c_v13_02,spatial_block,9,1,0.25094789266586304,0.05027932960893855
movi_c_v13_02,spatial_block,9,2,0.18256710469722748,0.08379888268156424
movi_c_v13_02,spatial_block,9,3,0.46303635835647583,0.2122905027932961
movi_c_v13_02,spatial_block,9,4,0.4519217014312744,0.1564245810055866
movi_c_v13_02,spatial_block,9,5,0.34645459055900574,0.0446927374301676
movi_c_v13_02,spatial_block,9,6,0.36686354875564575,0.0893854748603352
movi_c_v13_02,spatial_block,9,7,0.4970991313457489,0.18994413407821228
movi_c_v13_02,spatial_block,9,8,0.3698323369026184,0.09497206703910614
movi_c_v13_02,spatial_block,9,9,1.0,1.0
movi_c_v13_02,spatial_block,9,10,0.41372838616371155,0.07262569832402235
movi_c_v13_02,spatial_block,9,11,0.49848508834838867,0.16759776536312848
movi_c_v13_02,spatial_block,9,12,0.3970664441585541,0.0782122905027933
movi_c_v13_02,spatial_block,10,1,0.24906452000141144,0.055865921787709494
movi_c_v13_02,spatial_block,10,2,0.32304638624191284,0.11173184357541899
movi_c_v13_02,spatial_block,10,3,0.5499032139778137,0.16759776536312848
movi_c_v13_02,spatial_block,10,4,0.3602296710014343,0.061452513966480445
movi_c_v13_02,spatial_block,10,5,0.4127247929573059,0.05027932960893855
movi_c_v13_02,spatial_block,10,6,0.23155474662780762,0.03910614525139665
movi_c_v13_02,spatial_block,10,7,0.12611398100852966,0.0
movi_c_v13_02,spatial_block,10,8,0.7523309588432312,0.329608938547486
movi_c_v13_02,spatial_block,10,9,0.41372838616371155,0.07262569832402235
movi_c_v13_02,spatial_block,10,10,0.9999999403953552,1.0
movi_c_v13_02,spatial_block,10,11,0.38904422521591187,0.1564245810055866
movi_c_v13_02,spatial_block,10,12,0.2445659637451172,0.0223463687150838
movi_c_v13_02,spatial_block,11,1,0.14586660265922546,0.0446927374301676
movi_c_v13_02,spatial_block,11,2,0.14658117294311523,0.055865921787709494
movi_c_v13_02,spatial_block,11,3,0.26483577489852905,0.05027932960893855
movi_c_v13_02,spatial_block,11,4,0.3824571371078491,0.19553072625698323
movi_c_v13_02,spatial_block,11,5,0.18869276344776154,0.00558659217877095
movi_c_v13_02,spatial_block,11,6,0.369459867477417,0.07262569832402235
movi_c_v13_02,spatial_block,11,7,0.5638918876647949,0.2011173184357542
movi_c_v13_02,spatial_block,11,8,0.3208097815513611,0.03910614525139665
movi_c_v13_02,spatial_block,11,9,0.49848508834838867,0.16759776536312848
movi_c_v13_02,spatial_block,11,10,0.38904422521591187,0.1564245810055866
movi_c_v13_02,spatial_block,11,11,1.0000001192092896,1.0
movi_c_v13_02,spatial_block,11,12,0.4345087707042694,0.12290502793296089
movi_c_v13_02,spatial_block,12,1,0.2141762375831604,0.0670391061452514
movi_c_v13_02,spatial_block,12,2,0.27732375264167786,0.09497206703910614
movi_c_v13_02,spatial_block,12,3,0.26544255018234253,0.03910614525139665
movi_c_v13_02,spatial_block,12,4,0.42041483521461487,0.1340782122905028
movi_c_v13_02,spatial_block,12,5,0.2940467596054077,0.0335195530726257
movi_c_v13_02,spatial_block,12,6,0.5088422894477844,0.12290502793296089
movi_c_v13_02,spatial_block,12,7,0.6061080694198608,0.2122905027932961
movi_c_v13_02,spatial_block,12,8,0.2852628827095032,0.0335195530726257
movi_c_v13_02,spatial_block,12,9,0.3970664441585541,0.0782122905027933
movi_c_v13_02,spatial_block,12,10,0.2445659637451172,0.0223463687150838
movi_c_v13_02,spatial_block,12,11,0.4345087707042694,0.12290502793296089
movi_c_v13_02,spatial_block,12,12,1.0,1.0
movi_c_v13_02,spatial_scattered,1,1,0.9999999403953552,1.0
movi_c_v13_02,spatial_scattered,1,2,0.49609431624412537,0.2011173184357542
movi_c_v13_02,spatial_scattered,1,3,0.46530628204345703,0.2011173184357542
movi_c_v13_02,spatial_scattered,1,4,0.4830326437950134,0.0670391061452514
movi_c_v13_02,spatial_scattered,1,5,0.2746029794216156,0.03910614525139665
movi_c_v13_02,spatial_scattered,1,6,0.5034294724464417,0.24581005586592178
movi_c_v13_02,spatial_scattered,1,7,0.35704413056373596,0.12290502793296089
movi_c_v13_02,spatial_scattered,1,8,0.3004448115825653,0.0335195530726257
movi_c_v13_02,spatial_scattered,1,9,0.26547640562057495,0.055865921787709494
movi_c_v13_02,spatial_scattered,1,10,0.34547656774520874,0.11173184357541899
movi_c_v13_02,spatial_scattered,1,11,0.21456611156463623,0.03910614525139665
movi_c_v13_02,spatial_scattered,1,12,0.4518136978149414,0.18435754189944134
movi_c_v13_02,spatial_scattered,2,1,0.49609431624412537,0.2011173184357542
movi_c_v13_02,spatial_scattered,2,2,1.0000001192092896,1.0
movi_c_v13_02,spatial_scattered,2,3,0.38610562682151794,0.0893854748603352
movi_c_v13_02,spatial_scattered,2,4,0.3940960168838501,0.00558659217877095
movi_c_v13_02,spatial_scattered,2,5,0.3601679503917694,0.061452513966480445
movi_c_v13_02,spatial_scattered,2,6,0.3933539390563965,0.12290502793296089
movi_c_v13_02,spatial_scattered,2,7,0.276401549577713,0.0446927374301676
movi_c_v13_02,spatial_scattered,2,8,0.5025032162666321,0.18994413407821228
movi_c_v13_02,spatial_scattered,2,9,0.19237561523914337,0.0446927374301676
movi_c_v13_02,spatial_scattered,2,10,0.30719950795173645,0.09497206703910614
movi_c_v13_02,spatial_scattered,2,11,0.09773065149784088,0.00558659217877095
movi_c_v13_02,spatial_scattered,2,12,0.4321224093437195,0.12849162011173185
movi_c_v13_02,spatial_scattered,3,1,0.46530628204345703,0.2011173184357542
movi_c_v13_02,spatial_scattered,3,2,0.38610562682151794,0.0893854748603352
movi_c_v13_02,spatial_scattered,3,3,1.0,1.0
movi_c_v13_02,spatial_scattered,3,4,0.4770188629627228,0.01675977653631285
movi_c_v13_02,spatial_scattered,3,5,0.3980315923690796,0.13966480446927373
movi_c_v13_02,spatial_scattered,3,6,0.48569193482398987,0.17318435754189945
movi_c_v13_02,spatial_scattered,3,7,0.44343116879463196,0.1340782122905028
movi_c_v13_02,spatial_scattered,3,8,0.4054870009422302,0.12290502793296089
movi_c_v13_02,spatial_scattered,3,9,0.2718973159790039,0.07262569832402235
movi_c_v13_02,spatial_scattered,3,10,0.2503284215927124,0.0446927374301676
movi_c_v13_02,spatial_scattered,3,11,0.1744995266199112,0.00558659217877095
movi_c_v13_02,spatial_scattered,3,12,0.5058454871177673,0.1564245810055866
movi_c_v13_02,spatial_scattered,4,1,0.4830326437950134,0.0670391061452514
movi_c_v13_02,spatial_scattered,4,2,0.3940960168838501,0.00558659217877095
movi_c_v13_02,spatial_scattered,4,3,0.4770188629627228,0.01675977653631285
movi_c_v13_02,spatial_scattered,4,4,1.0000001192092896,1.0
movi_c_v13_02,spatial_scattered,4,5,0.6426276564598083,0.0335195530726257
movi_c_v13_02,spatial_scattered,4,6,0.4986093044281006,0.0335195530726257
movi_c_v13_02,spatial_scattered,4,7,0.6189531087875366,0.1787709497206704
movi_c_v13_02,spatial_scattered,4,8,0.45897749066352844,0.0223463687150838
movi_c_v13_02,spatial_scattered,4,9,0.5073715448379517,0.12290502793296089
movi_c_v13_02,spatial_scattered,4,10,0.49464091658592224,0.0223463687150838
movi_c_v13_02,spatial_scattered,4,11,0.628937840461731,0.21787709497206703
movi_c_v13_02,spatial_scattered,4,12,0.6194553375244141,0.08379888268156424
movi_c_v13_02,spatial_scattered,5,1,0.2746029794216156,0.03910614525139665
movi_c_v13_02,spatial_scattered,5,2,0.3601679503917694,0.061452513966480445
movi_c_v13_02,spatial_scattered,5,3,0.3980315923690796,0.13966480446927373
movi_c_v13_02,spatial_scattered,5,4,0.6426276564598083,0.0335195530726257
movi_c_v13_02,spatial_scattered,5,5,0.9999999403953552,1.0
movi_c_v13_02,spatial_scattered,5,6,0.5540391802787781,0.24581005586592178
movi_c_v13_02,spatial_scattered,5,7,0.548214852809906,0.19553072625698323
movi_c_v13_02,spatial_scattered,5,8,0.44186222553253174,0.13966480446927373
movi_c_v13_02,spatial_scattered,5,9,0.2542375922203064,0.027932960893854747
movi_c_v13_02,spatial_scattered,5,10,0.35087504982948303,0.055865921787709494
movi_c_v13_02,spatial_scattered,5,11,0.31969794631004333,0.027932960893854747
movi_c_v13_02,spatial_scattered,5,12,0.5433043837547302,0.1787709497206704
movi_c_v13_02,spatial_scattered,6,1,0.5034294724464417,0.24581005586592178
movi_c_v13_02,spatial_scattered,6,2,0.3933539390563965,0.12290502793296089
movi_c_v13_02,spatial_scattered,6,3,0.48569193482398987,0.17318435754189945
movi_c_v13_02,spatial_scattered,6,4,0.4986093044281006,0.0335195530726257
movi_c_v13_02,spatial_scattered,6,5,0.5540391802787781,0.24581005586592178
movi_c_v13_02,spatial_scattered,6,6,0.9999999403953552,1.0
movi_c_v13_02,spatial_scattered,6,7,0.5691255927085876,0.2122905027932961
movi_c_v13_02,spatial_scattered,6,8,0.3630753755569458,0.11173184357541899
movi_c_v13_02,spatial_scattered,6,9,0.2984095513820648,0.0223463687150838
movi_c_v13_02,spatial_scattered,6,10,0.2752721905708313,0.13966480446927373
movi_c_v13_02,spatial_scattered,6,11,0.26768556237220764,0.027932960893854747
movi_c_v13_02,spatial_scattered,6,12,0.5151551961898804,0.11173184357541899
movi_c_v13_02,spatial_scattered,7,1,0.35704413056373596,0.12290502793296089
movi_c_v13_02,spatial_scattered,7,2,0.276401549577713,0.0446927374301676
movi_c_v13_02,spatial_scattered,7,3,0.44343116879463196,0.1340782122905028
movi_c_v13_02,spatial_scattered,7,4,0.6189531087875366,0.1787709497206704
movi_c_v13_02,spatial_scattered,7,5,0.548214852809906,0.19553072625698323
movi_c_v13_02,spatial_scattered,7,6,0.5691255927085876,0.2122905027932961
movi_c_v13_02,spatial_scattered,7,7,1.0000001192092896,1.0
movi_c_v13_02,spatial_scattered,7,8,0.1807769387960434,0.01675977653631285
movi_c_v13_02,spatial_scattered,7,9,0.3456420600414276,0.09497206703910614
movi_c_v13_02,spatial_scattered,7,10,0.054003097116947174,0.0
movi_c_v13_02,spatial_scattered,7,11,0.4359841048717499,0.11731843575418995
movi_c_v13_02,spatial_scattered,7,12,0.6910356283187866,0.2011173184357542
movi_c_v13_02,spatial_scattered,8,1,0.3004448115825653,0.0335195530726257
movi_c_v13_02,spatial_scattered,8,2,0.5025032162666321,0.18994413407821228
movi_c_v13_02,spatial_scattered,8,3,0.4054870009422302,0.12290502793296089
movi_c_v13_02,spatial_scattered,8,4,0.45897749066352844,0.0223463687150838
movi_c_v13_02,spatial_scattered,8,5,0.44186222553253174,0.13966480446927373
movi_c_v13_02,spatial_scattered,8,6,0.3630753755569458,0.11173184357541899
movi_c_v13_02,spatial_scattered,8,7,0.1807769387960434,0.01675977653631285
movi_c_v13_02,spatial_scattered,8,8,1.0,1.0
movi_c_v13_02,spatial_scattered,8,9,0.22762838006019592,0.055865921787709494
movi_c_v13_02,spatial_scattered,8,10,0.568806529045105,0.24022346368715083
movi_c_v13_02,spatial_scattered,8,11,0.12295260280370712,0.0
movi_c_v13_02,spatial_scattered,8,12,0.31437405943870544,0.05027932960893855
movi_c_v13_02,spatial_scattered,9,1,0.26547640562057495,0.055865921787709494
movi_c_v13_02,spatial_scattered,9,2,0.19237561523914337,0.0446927374301676
movi_c_v13_02,spatial_scattered,9,3,0.2718973159790039,0.07262569832402235
movi_c_v13_02,spatial_scattered,9,4,0.5073715448379517,0.12290502793296089
movi_c_v13_02,spatial_scattered,9,5,0.2542375922203064,0.027932960893854747
movi_c_v13_02,spatial_scattered,9,6,0.2984095513820648,0.0223463687150838
movi_c_v13_02,spatial_scattered,9,7,0.3456420600414276,0.09497206703910614
movi_c_v13_02,spatial_scattered,9,8,0.22762838006019592,0.055865921787709494
movi_c_v13_02,spatial_scattered,9,9,0.9999999403953552,1.0
movi_c_v13_02,spatial_scattered,9,10,0.3447512984275818,0.0893854748603352
movi_c_v13_02,spatial_scattered,9,11,0.5500422120094299,0.2681564245810056
movi_c_v13_02,spatial_scattered,9,12,0.30532583594322205,0.027932960893854747
movi_c_v13_02,spatial_scattered,10,1,0.34547656774520874,0.11173184357541899
movi_c_v13_02,spatial_scattered,10,2,0.30719950795173645,0.09497206703910614
movi_c_v13_02,spatial_scattered,10,3,0.2503284215927124,0.0446927374301676
movi_c_v13_02,spatial_scattered,10,4,0.49464091658592224,0.0223463687150838
movi_c_v13_02,spatial_scattered,10,5,0.35087504982948303,0.055865921787709494
movi_c_v13_02,spatial_scattered,10,6,0.2752721905708313,0.13966480446927373
movi_c_v13_02,spatial_scattered,10,7,0.054003097116947174,0.0
movi_c_v13_02,spatial_scattered,10,8,0.568806529045105,0.24022346368715083
movi_c_v13_02,spatial_scattered,10,9,0.3447512984275818,0.0893854748603352
movi_c_v13_02,spatial_scattered,10,10,1.0,1.0
movi_c_v13_02,spatial_scattered,10,11,0.3179126977920532,0.061452513966480445
movi_c_v13_02,spatial_scattered,10,12,0.132374569773674,0.0
movi_c_v13_02,spatial_scattered,11,1,0.21456611156463623,0.03910614525139665
movi_c_v13_02,spatial_scattered,11,2,0.09773065149784088,0.00558659217877095
movi_c_v13_02,spatial_scattered,11,3,0.1744995266199112,0.00558659217877095
movi_c_v13_02,spatial_scattered,11,4,0.628937840461731,0.21787709497206703
movi_c_v13_02,spatial_scattered,11,5,0.31969794631004333,0.027932960893854747
movi_c_v13_02,spatial_scattered,11,6,0.26768556237220764,0.027932960893854747
movi_c_v13_02,spatial_scattered,11,7,0.4359841048717499,0.11731843575418995
movi_c_v13_02,spatial_scattered,11,8,0.12295260280370712,0.0
movi_c_v13_02,spatial_scattered,11,9,0.5500422120094299,0.2681564245810056
movi_c_v13_02,spatial_scattered,11,10,0.3179126977920532,0.061452513966480445
movi_c_v13_02,spatial_scattered,11,11,1.0,1.0
movi_c_v13_02,spatial_scattered,11,12,0.3417123556137085,0.07262569832402235
movi_c_v13_02,spatial_scattered,12,1,0.4518136978149414,0.18435754189944134
movi_c_v13_02,spatial_scattered,12,2,0.4321224093437195,0.12849162011173185
movi_c_v13_02,spatial_scattered,12,3,0.5058454871177673,0.1564245810055866
movi_c_v13_02,spatial_scattered,12,4,0.6194553375244141,0.08379888268156424
movi_c_v13_02,spatial_scattered,12,5,0.5433043837547302,0.1787709497206704
movi_c_v13_02,spatial_scattered,12,6,0.5151551961898804,0.11173184357541899
movi_c_v13_02,spatial_scattered,12,7,0.6910356283187866,0.2011173184357542
movi_c_v13_02,spatial_scattered,12,8,0.31437405943870544,0.05027932960893855
movi_c_v13_02,spatial_scattered,12,9,0.30532583594322205,0.027932960893854747
movi_c_v13_02,spatial_scattered,12,10,0.132374569773674,0.0
movi_c_v13_02,spatial_scattered,12,11,0.3417123556137085,0.07262569832402235
movi_c_v13_02,spatial_scattered,12,12,0.9999999403953552,1.0
movi_c_v13_02,temporal_back,1,1,1.0,1.0
movi_c_v13_02,temporal_back,1,2,0.4010429382324219,0.08379888268156424
movi_c_v13_02,temporal_back,1,3,0.32864663004875183,0.0335195530726257
movi_c_v13_02,temporal_back,1,4,0.7842353582382202,0.3016759776536313
movi_c_v13_02,temporal_back,1,5,0.8120524287223816,0.2737430167597765
movi_c_v13_02,temporal_back,1,6,0.3828505575656891,0.061452513966480445
movi_c_v13_02,temporal_back,1,7,0.6823997497558594,0.12849162011173185
movi_c_v13_02,temporal_back,1,8,0.5533761382102966,0.0446927374301676
movi_c_v13_02,temporal_back,1,9,0.6271871328353882,0.1452513966480447
movi_c_v13_02,temporal_back,1,10,0.5853415131568909,0.07262569832402235
movi_c_v13_02,temporal_back,1,11,0.5829395651817322,0.10614525139664804
movi_c_v13_02,temporal_back,1,12,0.6020413041114807,0.15083798882681565
movi_c_v13_02,temporal_back,2,1,0.4010429382324219,0.08379888268156424
movi_c_v13_02,temporal_back,2,2,1.0,1.0
movi_c_v13_02,temporal_back,2,3,0.4450787901878357,0.11173184357541899
movi_c_v13_02,temporal_back,2,4,0.5039826035499573,0.0
movi_c_v13_02,temporal_back,2,5,0.26798033714294434,0.00558659217877095
movi_c_v13_02,temporal_back,2,6,0.5140320062637329,0.0893854748603352
movi_c_v13_02,temporal_back,2,7,0.27385327219963074,0.0
movi_c_v13_02,temporal_back,2,8,0.4720527231693268,0.061452513966480445
movi_c_v13_02,temporal_back,2,9,0.43517640233039856,0.08379888268156424
movi_c_v13_02,temporal_back,2,10,0.42595016956329346,0.0111731843575419
movi_c_v13_02,temporal_back,2,11,0.5438399314880371,0.0893854748603352
movi_c_v13_02,temporal_back,2,12,0.2868456542491913,0.0111731843575419
movi_c_v13_02,temporal_back,3,1,0.32864663004875183,0.0335195530726257
movi_c_v13_02,temporal_back,3,2,0.4450787901878357,0.11173184357541899
movi_c_v13_02,temporal_back,3,3,1.0000001192092896,1.0
movi_c_v13_02,temporal_back,3,4,0.3897916078567505,0.0
movi_c_v13_02,temporal_back,3,5,0.24992945790290833,0.0
movi_c_v13_02,temporal_back,3,6,0.5428068041801453,0.17318435754189945
movi_c_v13_02,temporal_back,3,7,0.31329551339149475,0.0223463687150838
movi_c_v13_02,temporal_back,3,8,0.5009281635284424,0.1340782122905028
movi_c_v13_02,temporal_back,3,9,0.30206701159477234,0.027932960893854747
movi_c_v13_02,temporal_back,3,10,0.46109679341316223,0.0335195530726257
movi_c_v13_02,temporal_back,3,11,0.49463972449302673,0.09497206703910614
movi_c_v13_02,temporal_back,3,12,0.26640239357948303,0.0223463687150838
movi_c_v13_02,temporal_back,4,1,0.7842353582382202,0.3016759776536313
movi_c_v13_02,temporal_back,4,2,0.5039826035499573,0.0
movi_c_v13_02,temporal_back,4,3,0.3897916078567505,0.0
movi_c_v13_02,temporal_back,4,4,1.0,1.0
movi_c_v13_02,temporal_back,4,5,0.8399843573570251,0.3575418994413408
movi_c_v13_02,temporal_back,4,6,0.5672948956489563,0.16759776536312848
movi_c_v13_02,temporal_back,4,7,0.7573471665382385,0.22346368715083798
movi_c_v13_02,temporal_back,4,8,0.6837392449378967,0.0335195530726257
movi_c_v13_02,temporal_back,4,9,0.7256883382797241,0.20670391061452514
movi_c_v13_02,temporal_back,4,10,0.6998161673545837,0.11731843575418995
movi_c_v13_02,temporal_back,4,11,0.7016193866729736,0.08379888268156424
movi_c_v13_02,temporal_back,4,12,0.6546717286109924,0.26256983240223464
movi_c_v13_02,temporal_back,5,1,0.8120524287223816,0.2737430167597765
movi_c_v13_02,temporal_back,5,2,0.26798033714294434,0.00558659217877095
movi_c_v13_02,temporal_back,5,3,0.24992945790290833,0.0
movi_c_v13_02,temporal_back,5,4,0.8399843573570251,0.3575418994413408
movi_c_v13_02,temporal_back,5,5,1.0000001192092896,1.0
movi_c_v13_02,temporal_back,5,6,0.4188739061355591,0.12849162011173185
movi_c_v13_02,temporal_back,5,7,0.7949931025505066,0.2681564245810056
movi_c_v13_02,temporal_back,5,8,0.527402400970459,0.0
movi_c_v13_02,temporal_back,5,9,0.6604740023612976,0.16201117318435754
movi_c_v13_02,temporal_back,5,10,0.5960728526115417,0.05027932960893855
movi_c_v13_02,temporal_back,5,11,0.6360743045806885,0.16201117318435754
movi_c_v13_02,temporal_back,5,12,0.7198582291603088,0.37988826815642457
movi_c_v13_02,temporal_back,6,1,0.3828505575656891,0.061452513966480445
movi_c_v13_02,temporal_back,6,2,0.5140320062637329,0.0893854748603352
movi_c_v13_02,temporal_back,6,3,0.5428068041801453,0.17318435754189945
movi_c_v13_02,temporal_back,6,4,0.5672948956489563,0.16759776536312848
movi_c_v13_02,temporal_back,6,5,0.4188739061355591,0.12849162011173185
movi_c_v13_02,temporal_back,6,6,0.9999999403953552,1.0
movi_c_v13_02,temporal_back,6,7,0.5055443644523621,0.2849162011173184
movi_c_v13_02,temporal_back,6,8,0.43884289264678955,0.05027932960893855
movi_c_v13_02,temporal_back,6,9,0.5030256509780884,0.11731843575418995
movi_c_v13_02,temporal_back,6,10,0.4424731433391571,0.055865921787709494
movi_c_v13_02,temporal_back,6,11,0.5820702314376831,0.19553072625698323
movi_c_v13_02,temporal_back,6,12,0.4478563666343689,0.18435754189944134
movi_c_v13_02,temporal_back,7,1,0.6823997497558594,0.12849162011173185
movi_c_v13_02,temporal_back,7,2,0.27385327219963074,0.0
movi_c_v13_02,temporal_back,7,3,0.31329551339149475,0.0223463687150838
movi_c_v13_02,temporal_back,7,4,0.7573471665382385,0.22346368715083798
movi_c_v13_02,temporal_back,7,5,0.7949931025505066,0.2681564245810056
movi_c_v13_02,temporal_back,7,6,0.5055443644523621,0.2849162011173184
movi_c_v13_02,temporal_back,7,7,1.0000001192092896,1.0
movi_c_v13_02,temporal_back,7,8,0.4532935619354248,0.0111731843575419
movi_c_v13_02,temporal_back,7,9,0.6485627293586731,0.24581005586592178
movi_c_v13_02,temporal_back,7,10,0.45622318983078003,0.01675977653631285
movi_c_v13_02,temporal_back,7,11,0.6330325603485107,0.24581005586592178
movi_c_v13_02,temporal_back,7,12,0.6797322034835815,0.3854748603351955
movi_c_v13_02,temporal_back,8,1,0.5533761382102966,0.0446927374301676
movi_c_v13_02,temporal_back,8,2,0.4720527231693268,0.061452513966480445
movi_c_v13_02,temporal_back,8,3,0.5009281635284424,0.1340782122905028
movi_c_v13_02,temporal_back,8,4,0.6837392449378967,0.0335195530726257
movi_c_v13_02,temporal_back,8,5,0.527402400970459,0.0
movi_c_v13_02,temporal_back,8,6,0.43884289264678955,0.05027932960893855
movi_c_v13_02,temporal_back,8,7,0.4532935619354248,0.0111731843575419
movi_c_v13_02,temporal_back,8,8,1.0,1.0
movi_c_v13_02,temporal_back,8,9,0.4715675711631775,0.0223463687150838
movi_c_v13_02,temporal_back,8,10,0.7284726500511169,0.2737430167597765
movi_c_v13_02,temporal_back,8,11,0.5492231249809265,0.05027932960893855
movi_c_v13_02,temporal_back,8,12,0.3441890776157379,0.0
movi_c_v13_02,temporal_back,9,1,0.6271871328353882,0.1452513966480447
movi_c_v13_02,temporal_back,9,2,0.43517640233039856,0.08379888268156424
movi_c_v13_02,temporal_back,9,3,0.30206701159477234,0.027932960893854747
movi_c_v13_02,temporal_back,9,4,0.7256883382797241,0.20670391061452514
movi_c_v13_02,temporal_back,9,5,0.6604740023612976,0.16201117318435754
movi_c_v13_02,temporal_back,9,6,0.5030256509780884,0.11731843575418995
movi_c_v13_02,temporal_back,9,7,0.6485627293586731,0.24581005586592178
movi_c_v13_02,temporal_back,9,8,0.4715675711631775,0.0223463687150838
movi_c_v13_02,temporal_back,9,9,1.0,1.0
movi_c_v13_02,temporal_back,9,10,0.5201416611671448,0.1564245810055866
movi_c_v13_02,temporal_back,9,11,0.5759597420692444,0.1564245810055866
movi_c_v13_02,temporal_back,9,12,0.5545098185539246,0.2346368715083799
movi_c_v13_02,temporal_back,10,1,0.5853415131568909,0.07262569832402235
movi_c_v13_02,temporal_back,10,2,0.42595016956329346,0.0111731843575419
movi_c_v13_02,temporal_back,10,3,0.46109679341316223,0.0335195530726257
movi_c_v13_02,temporal_back,10,4,0.6998161673545837,0.11731843575418995
movi_c_v13_02,temporal_back,10,5,0.5960728526115417,0.05027932960893855
movi_c_v13_02,temporal_back,10,6,0.4424731433391571,0.055865921787709494
movi_c_v13_02,temporal_back,10,7,0.45622318983078003,0.01675977653631285
movi_c_v13_02,temporal_back,10,8,0.7284726500511169,0.2737430167597765
movi_c_v13_02,temporal_back,10,9,0.5201416611671448,0.1564245810055866
movi_c_v13_02,temporal_back,10,10,1.0,1.0
movi_c_v13_02,temporal_back,10,11,0.6336948871612549,0.0335195530726257
movi_c_v13_02,temporal_back,10,12,0.4924564063549042,0.03910614525139665
movi_c_v13_02,temporal_back,11,1,0.5829395651817322,0.10614525139664804
movi_c_v13_02,temporal_back,11,2,0.5438399314880371,0.0893854748603352
movi_c_v13_02,temporal_back,11,3,0.49463972449302673,0.09497206703910614
movi_c_v13_02,temporal_back,11,4,0.7016193866729736,0.08379888268156424
movi_c_v13_02,temporal_back,11,5,0.6360743045806885,0.16201117318435754
movi_c_v13_02,temporal_back,11,6,0.5820702314376831,0.19553072625698323
movi_c_v13_02,temporal_back,11,7,0.6330325603485107,0.24581005586592178
movi_c_v13_02,temporal_back,11,8,0.5492231249809265,0.05027932960893855
movi_c_v13_02,temporal_back,11,9,0.5759597420692444,0.1564245810055866
movi_c_v13_02,temporal_back,11,10,0.6336948871612549,0.0335195530726257
movi_c_v13_02,temporal_back,11,11,0.9999999403953552,1.0
movi_c_v13_02,temporal_back,11,12,0.6067365407943726,0.25139664804469275
movi_c_v13_02,temporal_back,12,1,0.6020413041114807,0.15083798882681565
movi_c_v13_02,temporal_back,12,2,0.2868456542491913,0.0111731843575419
movi_c_v13_02,temporal_back,12,3,0.26640239357948303,0.0223463687150838
movi_c_v13_02,temporal_back,12,4,0.6546717286109924,0.26256983240223464
movi_c_v13_02,temporal_back,12,5,0.7198582291603088,0.37988826815642457
movi_c_v13_02,temporal_back,12,6,0.4478563666343689,0.18435754189944134
movi_c_v13_02,temporal_back,12,7,0.6797322034835815,0.3854748603351955
movi_c_v13_02,temporal_back,12,8,0.3441890776157379,0.0
movi_c_v13_02,temporal_back,12,9,0.5545098185539246,0.2346368715083799
movi_c_v13_02,temporal_back,12,10,0.4924564063549042,0.03910614525139665
movi_c_v13_02,temporal_back,12,11,0.6067365407943726,0.25139664804469275
movi_c_v13_02,temporal_back,12,12,0.9999998807907104,1.0
movi_c_v13_02,temporal_front,1,1,1.0000001192092896,1.0
movi_c_v13_02,temporal_front,1,2,0.482151061296463,0.29608938547486036
movi_c_v13_02,temporal_front,1,3,0.37128978967666626,0.21787709497206703
movi_c_v13_02,temporal_front,1,4,0.4597454071044922,0.33519553072625696
movi_c_v13_02,temporal_front,1,5,0.155856192111969,0.0782122905027933
movi_c_v13_02,temporal_front,1,6,0.3145720362663269,0.1564245810055866
movi_c_v13_02,temporal_front,1,7,0.34738802909851074,0.2346368715083799
movi_c_v13_02,temporal_front,1,8,0.18706804513931274,0.12849162011173185
movi_c_v13_02,temporal_front,1,9,0.16512428224086761,0.05027932960893855
movi_c_v13_02,temporal_front,1,10,0.16069258749485016,0.08379888268156424
movi_c_v13_02,temporal_front,1,11,0.19993481040000916,0.09497206703910614
movi_c_v13_02,temporal_front,1,12,0.4098486304283142,0.3016759776536313
movi_c_v13_02,temporal_front,2,1,0.482151061296463,0.29608938547486036
movi_c_v13_02,temporal_front,2,2,1.0,1.0
movi_c_v13_02,temporal_front,2,3,0.5908466577529907,0.2737430167597765
movi_c_v13_02,temporal_front,2,4,0.5959832668304443,0.329608938547486
movi_c_v13_02,temporal_front,2,5,0.3191829025745392,0.10614525139664804
movi_c_v13_02,temporal_front,2,6,0.4859168529510498,0.12290502793296089
movi_c_v13_02,temporal_front,2,7,0.5672651529312134,0.30726256983240224
movi_c_v13_02,temporal_front,2,8,0.4032103419303894,0.12290502793296089
movi_c_v13_02,temporal_front,2,9,0.49988436698913574,0.2346368715083799
movi_c_v13_02,temporal_front,2,10,0.2690548896789551,0.027932960893854747
movi_c_v13_02,temporal_front,2,11,0.37277713418006897,0.10614525139664804
movi_c_v13_02,temporal_front,2,12,0.6168043613433838,0.30726256983240224
movi_c_v13_02,temporal_front,3,1,0.37128978967666626,0.21787709497206703
movi_c_v13_02,temporal_front,3,2,0.5908466577529907,0.2737430167597765
movi_c_v13_02,temporal_front,3,3,1.0,1.0
movi_c_v13_02,temporal_front,3,4,0.33245569467544556,0.1340782122905028
movi_c_v13_02,temporal_front,3,5,0.2870675325393677,0.0670391061452514
movi_c_v13_02,temporal_front,3,6,0.49424269795417786,0.2011173184357542
movi_c_v13_02,temporal_front,3,7,0.34712687134742737,0.10614525139664804
movi_c_v13_02,temporal_front,3,8,0.33259090781211853,0.16759776536312848
movi_c_v13_02,temporal_front,3,9,0.33093687891960144,0.10614525139664804
movi_c_v13_02,temporal_front,3,10,0.2223595678806305,0.027932960893854747
movi_c_v13_02,temporal_front,3,11,0.32772931456565857,0.11731843575418995
movi_c_v13_02,temporal_front,3,12,0.5177534818649292,0.30726256983240224
movi_c_v13_02,temporal_front,4,1,0.4597454071044922,0.33519553072625696
movi_c_v13_02,temporal_front,4,2,0.5959832668304443,0.329608938547486
movi_c_v13_02,temporal_front,4,3,0.33245569467544556,0.1340782122905028
movi_c_v13_02,temporal_front,4,4,1.0000001192092896,1.0
movi_c_v13_02,temporal_front,4,5,0.1271042823791504,0.0446927374301676
movi_c_v13_02,temporal_front,4,6,0.24495001137256622,0.0893854748603352
movi_c_v13_02,temporal_front,4,7,0.5637699961662292,0.3407821229050279
movi_c_v13_02,temporal_front,4,8,0.10853753983974457,0.027932960893854747
movi_c_v13_02,temporal_front,4,9,0.23182526230812073,0.061452513966480445
movi_c_v13_02,temporal_front,4,10,0.17351196706295013,0.027932960893854747
movi_c_v13_02,temporal_front,4,11,0.31605327129364014,0.12290502793296089
movi_c_v13_02,temporal_front,4,12,0.47670984268188477,0.2905027932960894
movi_c_v13_02,temporal_front,5,1,0.155856192111969,0.0782122905027933
movi_c_v13_02,temporal_front,5,2,0.3191829025745392,0.10614525139664804
movi_c_v13_02,temporal_front,5,3,0.2870675325393677,0.0670391061452514
movi_c_v13_02,temporal_front,5,4,0.1271042823791504,0.0446927374301676
movi_c_v13_02,temporal_front,5,5,0.9999998807907104,1.0
movi_c_v13_02,temporal_front,5,6,0.38152503967285156,0.0893854748603352
movi_c_v13_02,temporal_front,5,7,0.26836925745010376,0.10614525139664804
movi_c_v13_02,temporal_front,5,8,0.3687293529510498,0.1564245810055866
movi_c_v13_02,temporal_front,5,9,0.2781047224998474,0.08379888268156424
movi_c_v13_02,temporal_front,5,10,0.2255447655916214,0.0335195530726257
movi_c_v13_02,temporal_front,5,11,0.2539345622062683,0.11731843575418995
movi_c_v13_02,temporal_front,5,12,0.2593208849430084,0.1005586592178771
movi_c_v13_02,temporal_front,6,1,0.3145720362663269,0.1564245810055866
movi_c_v13_02,temporal_front,6,2,0.4859168529510498,0.12290502793296089
movi_c_v13_02,temporal_front,6,3,0.49424269795417786,0.2011173184357542
movi_c_v13_02,temporal_front,6,4,0.24495001137256622,0.0893854748603352
movi_c_v13_02,temporal_front,6,5,0.38152503967285156,0.0893854748603352
movi_c_v13_02,temporal_front,6,6,1.0000001192092896,1.0
movi_c_v13_02,temporal_front,6,7,0.3235613703727722,0.10614525139664804
movi_c_v13_02,temporal_front,6,8,0.4368431866168976,0.17318435754189945
movi_c_v13_02,temporal_front,6,9,0.3901868164539337,0.11731843575418995
movi_c_v13_02,temporal_front,6,10,0.22331878542900085,0.0335195530726257
movi_c_v13_02,temporal_front,6,11,0.26803702116012573,0.08379888268156424
movi_c_v13_02,temporal_front,6,12,0.34205928444862366,0.09497206703910614
movi_c_v13_02,temporal_front,7,1,0.34738802909851074,0.2346368715083799
movi_c_v13_02,temporal_front,7,2,0.5672651529312134,0.30726256983240224
movi_c_v13_02,temporal_front,7,3,0.34712687134742737,0.10614525139664804
movi_c_v13_02,temporal_front,7,4,0.5637699961662292,0.3407821229050279
movi_c_v13_02,temporal_front,7,5,0.26836925745010376,0.10614525139664804
movi_c_v13_02,temporal_front,7,6,0.3235613703727722,0.10614525139664804
movi_c_v13_02,temporal_front,7,7,0.9999999403953552,1.0
movi_c_v13_02,temporal_front,7,8,0.07853449881076813,0.0
movi_c_v13_02,temporal_front,7,9,0.46276870369911194,0.25139664804469275
movi_c_v13_02,temporal_front,7,10,0.08729878067970276,0.0
movi_c_v13_02,temporal_front,7,11,0.3851830065250397,0.17318435754189945
movi_c_v13_02,temporal_front,7,12,0.5845298767089844,0.3854748603351955
movi_c_v13_02,temporal_front,8,1,0.18706804513931274,0.12849162011173185
movi_c_v13_02,temporal_front,8,2,0.4032103419303894,0.12290502793296089
movi_c_v13_02,temporal_front,8,3,0.33259090781211853,0.16759776536312848
movi_c_v13_02,temporal_front,8,4,0.10853753983974457,0.027932960893854747
movi_c_v13_02,temporal_front,8,5,0.3687293529510498,0.1564245810055866
movi_c_v13_02,temporal_front,8,6,0.4368431866168976,0.17318435754189945
movi_c_v13_02,temporal_front,8,7,0.07853449881076813,0.0
movi_c_v13_02,temporal_front,8,8,1.0000001192092896,1.0
movi_c_v13_02,temporal_front,8,9,0.3372313678264618,0.0670391061452514
movi_c_v13_02,temporal_front,8,10,0.471493661403656,0.11173184357541899
movi_c_v13_02,temporal_front,8,11,0.21712318062782288,0.0335195530726257
movi_c_v13_02,temporal_front,8,12,0.2377151995897293,0.027932960893854747
movi_c_v13_02,temporal_front,9,1,0.16512428224086761,0.05027932960893855
movi_c_v13_02,temporal_front,9,2,0.49988436698913574,0.2346368715083799
movi_c_v13_02,temporal_front,9,3,0.33093687891960144,0.10614525139664804
movi_c_v13_02,temporal_front,9,4,0.23182526230812073,0.061452513966480445
movi_c_v13_02,temporal_front,9,5,0.2781047224998474,0.08379888268156424
movi_c_v13_02,temporal_front,9,6,0.3901868164539337,0.11731843575418995
movi_c_v13_02,temporal_front,9,7,0.46276870369911194,0.25139664804469275
movi_c_v13_02,temporal_front,9,8,0.3372313678264618,0.0670391061452514
movi_c_v13_02,temporal_front,9,9,1.0,1.0
movi_c_v13_02,temporal_front,9,10,0.3196355998516083,0.01675977653631285
movi_c_v13_02,temporal_front,9,11,0.3128226399421692,0.12849162011173185
movi_c_v13_02,temporal_front,9,12,0.3515552878379822,0.1005586592178771
movi_c_v13_02,temporal_front,10,1,0.16069258749485016,0.08379888268156424
movi_c_v13_02,temporal_front,10,2,0.2690548896789551,0.027932960893854747
movi_c_v13_02,temporal_front,10,3,0.2223595678806305,0.027932960893854747
movi_c_v13_02,temporal_front,10,4,0.17351196706295013,0.027932960893854747
movi_c_v13_02,temporal_front,10,5,0.2255447655916214,0.0335195530726257
movi_c_v13_02,temporal_front,10,6,0.22331878542900085,0.0335195530726257
movi_c_v13_02,temporal_front,10,7,0.08729878067970276,0.0
movi_c_v13_02,temporal_front,10,8,0.471493661403656,0.11173184357541899
movi_c_v13_02,temporal_front,10,9,0.3196355998516083,0.01675977653631285
movi_c_v13_02,temporal_front,10,10,0.9999999403953552,1.0
movi_c_v13_02,temporal_front,10,11,0.3357207179069519,0.1005586592178771
movi_c_v13_02,temporal_front,10,12,0.17650340497493744,0.027932960893854747
movi_c_v13_02,temporal_front,11,1,0.19993481040000916,0.09497206703910614
movi_c_v13_02,temporal_front,11,2,0.37277713418006897,0.10614525139664804
movi_c_v13_02,temporal_front,11,3,0.32772931456565857,0.11731843575418995
movi_c_v13_02,temporal_front,11,4,0.31605327129364014,0.12290502793296089
movi_c_v13_02,temporal_front,11,5,0.2539345622062683,0.11731843575418995
movi_c_v13_02,temporal_front,11,6,0.26803702116012573,0.08379888268156424
movi_c_v13_02,temporal_front,11,7,0.3851830065250397,0.17318435754189945
movi_c_v13_02,temporal_front,11,8,0.21712318062782288,0.0335195530726257
movi_c_v13_02,temporal_front,11,9,0.3128226399421692,0.12849162011173185
movi_c_v13_02,temporal_front,11,10,0.3357207179069519,0.1005586592178771
movi_c_v13_02,temporal_front,11,11,1.0000001192092896,1.0
movi_c_v13_02,temporal_front,11,12,0.4167775511741638,0.16759776536312848
movi_c_v13_02,temporal_front,12,1,0.4098486304283142,0.3016759776536313
movi_c_v13_02,temporal_front,12,2,0.6168043613433838,0.30726256983240224
movi_c_v13_02,temporal_front,12,3,0.5177534818649292,0.30726256983240224
movi_c_v13_02,temporal_front,12,4,0.47670984268188477,0.2905027932960894
movi_c_v13_02,temporal_front,12,5,0.2593208849430084,0.1005586592178771
movi_c_v13_02,temporal_front,12,6,0.34205928444862366,0.09497206703910614
movi_c_v13_02,temporal_front,12,7,0.5845298767089844,0.3854748603351955
movi_c_v13_02,temporal_front,12,8,0.2377151995897293,0.027932960893854747
movi_c_v13_02,temporal_front,12,9,0.3515552878379822,0.1005586592178771
movi_c_v13_02,temporal_front,12,10,0.17650340497493744,0.027932960893854747
movi_c_v13_02,temporal_front,12,11,0.4167775511741638,0.16759776536312848
movi_c_v13_02,temporal_front,12,12,0.9999999403953552,1.0
movi_c_v13_02,temporal_middle,1,1,0.9999999403953552,
movi_c_v13_02,temporal_middle,1,2,0.1403297781944275,
movi_c_v13_02,temporal_middle,1,3,0.1300787776708603,
movi_c_v13_02,temporal_middle,1,4,0.04583045840263367,
movi_c_v13_02,temporal_middle,1,5,0.09874482452869415,
movi_c_v13_02,temporal_middle,1,6,0.20896345376968384,
movi_c_v13_02,temporal_middle,1,7,0.03350997343659401,
movi_c_v13_02,temporal_middle,1,8,0.13432031869888306,
movi_c_v13_02,temporal_middle,1,9,0.19309239089488983,
movi_c_v13_02,temporal_middle,1,10,0.15771828591823578,
movi_c_v13_02,temporal_middle,1,11,0.06593026220798492,
movi_c_v13_02,temporal_middle,1,12,0.09092411398887634,
movi_c_v13_02,temporal_middle,2,1,0.1403297781944275,
movi_c_v13_02,temporal_middle,2,2,1.0,1.0
movi_c_v13_02,temporal_middle,2,3,0.6009957194328308,0.49162011173184356
movi_c_v13_02,temporal_middle,2,4,0.3267601728439331,0.0782122905027933
movi_c_v13_02,temporal_middle,2,5,0.1152522936463356,0.0223463687150838
movi_c_v13_02,temporal_middle,2,6,0.5359983444213867,0.3463687150837989
movi_c_v13_02,temporal_middle,2,7,0.2819490134716034,0.16201117318435754
movi_c_v13_02,temporal_middle,2,8,0.4865055978298187,0.3240223463687151
movi_c_v13_02,temporal_middle,2,9,0.2899720072746277,0.12290502793296089
movi_c_v13_02,temporal_middle,2,10,0.33095666766166687,0.21787709497206703
movi_c_v13_02,temporal_middle,2,11,0.3941662311553955,0.26256983240223464
movi_c_v13_02,temporal_middle,2,12,0.47651538252830505,0.3016759776536313
movi_c_v13_02,temporal_middle,3,1,0.1300787776708603,
movi_c_v13_02,temporal_middle,3,2,0.6009957194328308,0.49162011173184356
movi_c_v13_02,temporal_middle,3,3,1.0,1.0
movi_c_v13_02,temporal_middle,3,4,0.27310824394226074,0.0670391061452514
movi_c_v13_02,temporal_middle,3,5,0.1400429904460907,0.00558659217877095
movi_c_v13_02,temporal_middle,3,6,0.4622114896774292,0.2849162011173184
movi_c_v13_02,temporal_middle,3,7,0.2361564040184021,0.15083798882681565
movi_c_v13_02,temporal_middle,3,8,0.4971601963043213,0.3575418994413408
movi_c_v13_02,temporal_middle,3,9,0.38692620396614075,0.2011173184357542
movi_c_v13_02,temporal_middle,3,10,0.257092148065567,0.1452513966480447
movi_c_v13_02,temporal_middle,3,11,0.31650418043136597,0.16201117318435754
movi_c_v13_02,temporal_middle,3,12,0.24205902218818665,0.061452513966480445
movi_c_v13_02,temporal_middle,4,1,0.04583045840263367,
movi_c_v13_02,temporal_middle,4,2,0.3267601728439331,0.0782122905027933
movi_c_v13_02,temporal_middle,4,3,0.27310824394226074,0.0670391061452514
movi_c_v13_02,temporal_middle,4,4,1.0,1.0
movi_c_v13_02,temporal_middle,4,5,0.4455883204936981,0.1340782122905028
movi_c_v13_02,temporal_middle,4,6,0.3683793246746063,0.1005586592178771
movi_c_v13_02,temporal_middle,4,7,0.49147841334342957,0.20670391061452514
movi_c_v13_02,temporal_middle,4,8,0.2975277006626129,0.05027932960893855
movi_c_v13_02,temporal_middle,4,9,0.3179992437362671,0.0670391061452514
movi_c_v13_02,temporal_middle,4,10,0.30203720927238464,0.0893854748603352
movi_c_v13_02,temporal_middle,4,11,0.3833765387535095,0.061452513966480445
movi_c_v13_02,temporal_middle,4,12,0.43349841237068176,0.0893854748603352
movi_c_v13_02,temporal_middle,5,1,0.09874482452869415,
movi_c_v13_02,temporal_middle,5,2,0.1152522936463356,0.0223463687150838
movi_c_v13_02,temporal_middle,5,3,0.1400429904460907,0.00558659217877095
movi_c_v13_02,temporal_middle,5,4,0.4455883204936981,0.1340782122905028
movi_c_v13_02,temporal_middle,5,5,1.0,1.0
movi_c_v13_02,temporal_middle,5,6,0.3120161294937134,0.0670391061452514
movi_c_v13_02,temporal_middle,5,7,0.385415643453598,0.12290502793296089
movi_c_v13_02,temporal_middle,5,8,0.38574978709220886,0.10614525139664804
movi_c_v13_02,temporal_middle,5,9,0.4180174469947815,0.061452513966480445
movi_c_v13_02,temporal_middle,5,10,0.387839674949646,0.1452513966480447
movi_c_v13_02,temporal_middle,5,11,0.28928861021995544,0.05027932960893855
movi_c_v13_02,temporal_middle,5,12,0.3917638659477234,0.11731843575418995
movi_c_v13_02,temporal_middle,6,1,0.20896345376968384,
movi_c_v13_02,temporal_middle,6,2,0.5359983444213867,0.3463687150837989
movi_c_v13_02,temporal_middle,6,3,0.4622114896774292,0.2849162011173184
movi_c_v13_02,temporal_middle,6,4,0.3683793246746063,0.1005586592178771
movi_c_v13_02,temporal_middle,6,5,0.3120161294937134,0.0670391061452514
movi_c_v13_02,temporal_middle,6,6,0.9999998807907104,1.0
movi_c_v13_02,temporal_middle,6,7,0.5070401430130005,0.3128491620111732
movi_c_v13_02,temporal_middle,6,8,0.4225628972053528,0.1787709497206704
movi_c_v13_02,temporal_middle,6,9,0.5224404335021973,0.1452513966480447
movi_c_v13_02,temporal_middle,6,10,0.3329068124294281,0.12849162011173185
movi_c_v13_02,temporal_middle,6,11,0.3693970739841461,0.0893854748603352
movi_c_v13_02,temporal_middle,6,12,0.5075605511665344,0.15083798882681565
movi_c_v13_02,temporal_middle,7,1,0.03350997343659401,
movi_c_v13_02,temporal_middle,7,2,0.2819490134716034,0.16201117318435754
movi_c_v13_02,temporal_middle,7,3,0.2361564040184021,0.15083798882681565
movi_c_v13_02,temporal_middle,7,4,0.49147841334342957,0.20670391061452514
movi_c_v13_02,temporal_middle,7,5,0.385415643453598,0.12290502793296089
movi_c_v13_02,temporal_middle,7,6,0.5070401430130005,0.3128491620111732
movi_c_v13_02,temporal_middle,7,7,1.0000001192092896,1.0
movi_c_v13_02,temporal_middle,7,8,0.09382292628288269,0.00558659217877095
movi_c_v13_02,temporal_middle,7,9,0.405452162027359,0.08379888268156424
movi_c_v13_02,temporal_middle,7,10,0.0871223583817482,0.01675977653631285
movi_c_v13_02,temporal_middle,7,11,0.3290635943412781,0.12849162011173185
movi_c_v13_02,temporal_middle,7,12,0.4896046221256256,0.24022346368715083
movi_c_v13_02,temporal_middle,8,1,0.13432031869888306,
movi_c_v13_02,temporal_middle,8,2,0.4865055978298187,0.3240223463687151
movi_c_v13_02,temporal_middle,8,3,0.4971601963043213,0.3575418994413408
movi_c_v13_02,temporal_middle,8,4,0.2975277006626129,0.05027932960893855
movi_c_v13_02,temporal_middle,8,5,0.38574978709220886,0.10614525139664804
movi_c_v13_02,temporal_middle,8,6,0.4225628972053528,0.1787709497206704
movi_c_v13_02,temporal_middle,8,7,0.09382292628288269,0.00558659217877095
movi_c_v13_02,temporal_middle,8,8,1.0,1.0
movi_c_v13_02,temporal_middle,8,9,0.3917286992073059,0.09497206703910614
movi_c_v13_02,temporal_middle,8,10,0.4996858239173889,0.2569832402234637
movi_c_v13_02,temporal_middle,8,11,0.33293500542640686,0.0670391061452514
movi_c_v13_02,temporal_middle,8,12,0.37649399042129517,0.0893854748603352
movi_c_v13_02,temporal_middle,9,1,0.19309239089488983,
movi_c_v13_02,temporal_middle,9,2,0.2899720072746277,0.12290502793296089
movi_c_v13_02,temporal_middle,9,3,0.38692620396614075,0.2011173184357542
movi_c_v13_02,temporal_middle,9,4,0.3179992437362671,0.0670391061452514
movi_c_v13_02,temporal_middle,9,5,0.4180174469947815,0.061452513966480445
movi_c_v13_02,temporal_middle,9,6,0.5224404335021973,0.1452513966480447
movi_c_v13_02,temporal_middle,9,7,0.405452162027359,0.08379888268156424
movi_c_v13_02,temporal_middle,9,8,0.3917286992073059,0.09497206703910614
movi_c_v13_02,temporal_middle,9,9,1.0,1.0
movi_c_v13_02,temporal_middle,9,10,0.24419571459293365,0.05027932960893855
movi_c_v13_02,temporal_middle,9,11,0.44990453124046326,0.12290502793296089
movi_c_v13_02,temporal_middle,9,12,0.5057089924812317,0.0893854748603352
movi_c_v13_02,temporal_middle,10,1,0.15771828591823578,
movi_c_v13_02,temporal_middle,10,2,0.33095666766166687,0.21787709497206703
movi_c_v13_02,temporal_middle,10,3,0.257092148065567,0.1452513966480447
movi_c_v13_02,temporal_middle,10,4,0.30203720927238464,0.0893854748603352
movi_c_v13_02,temporal_middle,10,5,0.387839674949646,0.1452513966480447
movi_c_v13_02,temporal_middle,10,6,0.3329068124294281,0.12849162011173185
movi_c_v13_02,temporal_middle,10,7,0.0871223583817482,0.01675977653631285
movi_c_v13_02,temporal_middle,10,8,0.4996858239173889,0.2569832402234637
movi_c_v13_02,temporal_middle,10,9,0.24419571459293365,0.05027932960893855
movi_c_v13_02,temporal_middle,10,10,0.9999999403953552,1.0
movi_c_v13_02,temporal_middle,10,11,0.27606743574142456,0.12290502793296089
movi_c_v13_02,temporal_middle,10,12,0.3150845170021057,0.12290502793296089
movi_c_v13_02,temporal_middle,11,1,0.06593026220798492,
movi_c_v13_02,temporal_middle,11,2,0.3941662311553955,0.26256983240223464
movi_c_v13_02,temporal_middle,11,3,0.31650418043136597,0.16201117318435754
movi_c_v13_02,temporal_middle,11,4,0.3833765387535095,0.061452513966480445
movi_c_v13_02,temporal_middle,11,5,0.28928861021995544,0.05027932960893855
movi_c_v13_02,temporal_middle,11,6,0.3693970739841461,0.0893854748603352
movi_c_v13_02,temporal_middle,11,7,0.3290635943412781,0.12849162011173185
movi_c_v13_02,temporal_middle,11,8,0.33293500542640686,0.0670391061452514
movi_c_v13_02,temporal_middle,11,9,0.44990453124046326,0.12290502793296089
movi_c_v13_02,temporal_middle,11,10,0.27606743574142456,0.12290502793296089
movi_c_v13_02,temporal_middle,11,11,1.0,1.0
movi_c_v13_02,temporal_middle,11,12,0.5873302221298218,0.3854748603351955
movi_c_v13_02,temporal_middle,12,1,0.09092411398887634,
movi_c_v13_02,temporal_middle,12,2,0.47651538252830505,0.3016759776536313
movi_c_v13_02,temporal_middle,12,3,0.24205902218818665,0.061452513966480445
movi_c_v13_02,temporal_middle,12,4,0.43349841237068176,0.0893854748603352
movi_c_v13_02,temporal_middle,12,5,0.3917638659477234,0.11731843575418995
movi_c_v13_02,temporal_middle,12,6,0.5075605511665344,0.15083798882681565
movi_c_v13_02,temporal_middle,12,7,0.4896046221256256,0.24022346368715083
movi_c_v13_02,temporal_middle,12,8,0.37649399042129517,0.0893854748603352
movi_c_v13_02,temporal_middle,12,9,0.5057089924812317,0.0893854748603352
movi_c_v13_02,temporal_middle,12,10,0.3150845170021057,0.12290502793296089
movi_c_v13_02,temporal_middle,12,11,0.5873302221298218,0.3854748603351955
movi_c_v13_02,temporal_middle,12,12,0.9999999403953552,1.0
movi_c_v13_03,spatial_block,1,1,1.0000001192092896,1.0
movi_c_v13_03,spatial_block,1,2,0.39794260263442993,0.11173184357541899
movi_c_v13_03,spatial_block,1,3,0.21548931300640106,0.1005586592178771
movi_c_v13_03,spatial_block,1,4,0.1689038723707199,0.03910614525139665
movi_c_v13_03,spatial_block,1,5,0.3924568295478821,0.061452513966480445
movi_c_v13_03,spatial_block,1,6,0.5066545009613037,0.25139664804469275
movi_c_v13_03,spatial_block,1,7,0.6240478754043579,0.3687150837988827
movi_c_v13_03,spatial_block,1,8,0.14724516868591309,0.0
movi_c_v13_03,spatial_block,1,9,0.4395378530025482,0.08379888268156424
movi_c_v13_03,spatial_block,1,10,0.06612835824489594,0.0
movi_c_v13_03,spatial_block,1,11,0.4937761425971985,0.027932960893854747
movi_c_v13_03,spatial_block,1,12,0.5339694023132324,0.061452513966480445
movi_c_v13_03,spatial_block,2,1,0.39794260263442993,0.11173184357541899
movi_c_v13_03,spatial_block,2,2,1.0000001192092896,1.0
movi_c_v13_03,spatial_block,2,3,0.4297558069229126,0.26256983240223464
movi_c_v13_03,spatial_block,2,4,0.34764227271080017,0.2122905027932961
movi_c_v13_03,spatial_block,2,5,0.40979403257369995,0.1340782122905028
movi_c_v13_03,spatial_block,2,6,0.30144354701042175,0.10614525139664804
movi_c_v13_03,spatial_block,2,7,0.31018272042274475,0.07262569832402235
movi_c_v13_03,spatial_block,2,8,0.350297749042511,0.08379888268156424
movi_c_v13_03,spatial_block,2,9,0.49848368763923645,0.16759776536312848
movi_c_v13_03,spatial_block,2,10,0.25509729981422424,0.10614525139664804
movi_c_v13_03,spatial_block,2,11,0.35896074771881104,0.055865921787709494
movi_c_v13_03,spatial_block,2,12,0.3966113328933716,0.0670391061452514
movi_c_v13_03,spatial_block,3,1,0.21548931300640106,0.1005586592178771
movi_c_v13_03,spatial_block,3,2,0.4297558069229126,0.26256983240223464
movi_c_v13_03,spatial_block,3,3,0.9999999403953552,1.0
movi_c_v13_03,spatial_block,3,4,0.24752283096313477,0.1564245810055866
movi_c_v13_03,spatial_block,3,5,0.21439382433891296,0.1005586592178771
movi_c_v13_03,spatial_block,3,6,0.23980718851089478,0.11731843575418995
movi_c_v13_03,spatial_block,3,7,0.1830091029405594,0.0670391061452514
movi_c_v13_03,spatial_block,3,8,0.45577046275138855,0.29608938547486036
movi_c_v13_03,spatial_block,3,9,0.304531455039978,0.11731843575418995
movi_c_v13_03,spatial_block,3,10,0.3417063057422638,0.19553072625698323
movi_c_v13_03,spatial_block,3,11,0.2507283389568329,0.03910614525139665
movi_c_v13_03,spatial_block,3,12,0.23311032354831696,0.0446927374301676
movi_c_v13_03,spatial_block,4,1,0.1689038723707199,0.03910614525139665
movi_c_v13_03,spatial_block,4,2,0.34764227271080017,0.2122905027932961
movi_c_v13_03,spatial_block,4,3,0.24752283096313477,0.1564245810055866
movi_c_v13_03,spatial_block,4,4,1.0,1.0
movi_c_v13_03,spatial_block,4,5,0.26229700446128845,0.08379888268156424
movi_c_v13_03,spatial_block,4,6,0.15553279221057892,0.055865921787709494
movi_c_v13_03,spatial_block,4,7,0.09788545966148376,0.0223463687150838
movi_c_v13_03,spatial_block,4,8,0.4980822801589966,0.2737430167597765
movi_c_v13_03,spatial_block,4,9,0.23901648819446564,0.0782122905027933
movi_c_v13_03,spatial_block,4,10,0.32333627343177795,0.17318435754189945
movi_c_v13_03,spatial_block,4,11,0.27744925022125244,0.061452513966480445
movi_c_v13_03,spatial_block,4,12,0.3073514401912689,0.0782122905027933
movi_c_v13_03,spatial_block,5,1,0.3924568295478821,0.061452513966480445
movi_c_v13_03,spatial_block,5,2,0.40979403257369995,0.1340782122905028
movi_c_v13_03,spatial_block,5,3,0.21439382433891296,0.1005586592178771
movi_c_v13_03,spatial_block,5,4,0.26229700446128845,0.08379888268156424
movi_c_v13_03,spatial_block,5,5,0.9999998807907104,1.0
movi_c_v13_03,spatial_block,5,6,0.18918181955814362,0.055865921787709494
movi_c_v13_03,spatial_block,5,7,0.2800544798374176,0.0335195530726257
movi_c_v13_03,spatial_block,5,8,0.3119848668575287,0.061452513966480445
movi_c_v13_03,spatial_block,5,9,0.5152208805084229,0.0670391061452514
movi_c_v13_03,spatial_block,5,10,0.2797375023365021,0.0446927374301676
movi_c_v13_03,spatial_block,5,11,0.5169962644577026,0.13966480446927373
movi_c_v13_03,spatial_block,5,12,0.45279788970947266,0.09497206703910614
movi_c_v13_03,spatial_block,6,1,0.5066545009613037,0.25139664804469275
movi_c_v13_03,spatial_block,6,2,0.30144354701042175,0.10614525139664804
movi_c_v13_03,spatial_block,6,3,0.23980718851089478,0.11731843575418995
movi_c_v13_03,spatial_block,6,4,0.15553279221057892,0.055865921787709494
movi_c_v13_03,spatial_block,6,5,0.18918181955814362,0.055865921787709494
movi_c_v13_03,spatial_block,6,6,1.0,1.0
movi_c_v13_03,spatial_block,6,7,0.4915822744369507,0.22346368715083798
movi_c_v13_03,spatial_block,6,8,0.24587827920913696,0.061452513966480445
movi_c_v13_03,spatial_block,6,9,0.289082407951355,0.061452513966480445
movi_c_v13_03,spatial_block,6,10,0.13580036163330078,0.0335195530726257
movi_c_v13_03,spatial_block,6,11,0.35754892230033875,0.0670391061452514
movi_c_v13_03,spatial_block,6,12,0.5109909176826477,0.20670391061452514
movi_c_v13_03,spatial_block,7,1,0.6240478754043579,0.3687150837988827
movi_c_v13_03,spatial_block,7,2,0.31018272042274475,0.07262569832402235
movi_c_v13_03,spatial_block,7,3,0.1830091029405594,0.0670391061452514
movi_c_v13_03,spatial_block,7,4,0.09788545966148376,0.0223463687150838
movi_c_v13_03,spatial_block,7,5,0.2800544798374176,0.0335195530726257
movi_c_v13_03,spatial_block,7,6,0.4915822744369507,0.22346368715083798
movi_c_v13_03,spatial_block,7,7,1.0,1.0
movi_c_v13_03,spatial_block,7,8,0.19757035374641418,0.0223463687150838
movi_c_v13_03,spatial_block,7,9,0.5227060317993164,0.10614525139664804
movi_c_v13_03,spatial_block,7,10,0.12825961410999298,0.01675977653631285
movi_c_v13_03,spatial_block,7,11,0.47483623027801514,0.07262569832402235
movi_c_v13_03,spatial_block,7,12,0.5678356289863586,0.1787709497206704
movi_c_v13_03,spatial_block,8,1,0.14724516868591309,0.0
movi_c_v13_03,spatial_block,8,2,0.350297749042511,0.08379888268156424
movi_c_v13_03,spatial_block,8,3,0.45577046275138855,0.29608938547486036
movi_c_v13_03,spatial_block,8,4,0.4980822801589966,0.2737430167597765
movi_c_v13_03,spatial_block,8,5,0.3119848668575287,0.061452513966480445
movi_c_v13_03,spatial_block,8,6,0.24587827920913696,0.061452513966480445
movi_c_v13_03,spatial_block,8,7,0.19757035374641418,0.0223463687150838
movi_c_v13_03,spatial_block,8,8,0.9999999403953552,1.0
movi_c_v13_03,spatial_block,8,9,0.43141496181488037,0.0335195530726257
movi_c_v13_03,spatial_block,8,10,0.7260392904281616,0.43575418994413406
movi_c_v13_03,spatial_block,8,11,0.4603886306285858,0.09497206703910614
movi_c_v13_03,spatial_block,8,12,0.40920040011405945,0.0893854748603352
movi_c_v13_03,spatial_block,9,1,0.4395378530025482,0.08379888268156424
movi_c_v13_03,spatial_block,9,2,0.49848368763923645,0.16759776536312848
movi_c_v13_03,spatial_block,9,3,0.304531455039978,0.11731843575418995
movi_c_v13_03,spatial_block,9,4,0.23901648819446564,0.0782122905027933
movi_c_v13_03,spatial_block,9,5,0.5152208805084229,0.0670391061452514
movi_c_v13_03,spatial_block,9,6,0.289082407951355,0.061452513966480445
movi_c_v13_03,spatial_block,9,7,0.5227060317993164,0.10614525139664804
movi_c_v13_03,spatial_block,9,8,0.43141496181488037,0.0335195530726257
movi_c_v13_03,spatial_block,9,9,1.0,1.0
movi_c_v13_03,spatial_block,9,10,0.42787259817123413,0.12290502793296089
movi_c_v13_03,spatial_block,9,11,0.607011079788208,0.12849162011173185
movi_c_v13_03,spatial_block,9,12,0.5955422520637512,0.08379888268156424
movi_c_v13_03,spatial_block,10,1,0.06612835824489594,0.0
movi_c_v13_03,spatial_block,10,2,0.25509729981422424,0.10614525139664804
movi_c_v13_03,spatial_block,10,3,0.3417063057422638,0.19553072625698323
movi_c_v13_03,spatial_block,10,4,0.32333627343177795,0.17318435754189945
movi_c_v13_03,spatial_block,10,5,0.2797375023365021,0.0446927374301676
movi_c_v13_03,spatial_block,10,6,0.13580036163330078,0.0335195530726257
movi_c_v13_03,spatial_block,10,7,0.12825961410999298,0.01675977653631285
movi_c_v13_03,spatial_block,10,8,0.7260392904281616,0.43575418994413406
movi_c_v13_03,spatial_block,10,9,0.42787259817123413,0.12290502793296089
movi_c_v13_03,spatial_block,10,10,1.0,1.0
movi_c_v13_03,spatial_block,10,11,0.37169405817985535,0.09497206703910614
movi_c_v13_03,spatial_block,10,12,0.2747231423854828,0.07262569832402235
movi_c_v13_03,spatial_block,11,1,0.4937761425971985,0.027932960893854747
movi_c_v13_03,spatial_block,11,2,0.35896074771881104,0.055865921787709494
movi_c_v13_03,spatial_block,11,3,0.2507283389568329,0.03910614525139665
movi_c_v13_03,spatial_block,11,4,0.27744925022125244,0.061452513966480445
movi_c_v13_03,spatial_block,11,5,0.5169962644577026,0.13966480446927373
movi_c_v13_03,spatial_block,11,6,0.35754892230033875,0.0670391061452514
movi_c_v13_03,spatial_block,11,7,0.47483623027801514,0.07262569832402235
movi_c_v13_03,spatial_block,11,8,0.4603886306285858,0.09497206703910614
movi_c_v13_03,spatial_block,11,9,0.607011079788208,0.12849162011173185
movi_c_v13_03,spatial_block,11,10,0.37169405817985535,0.09497206703910614
movi_c_v13_03,spatial_block,11,11,1.0,1.0
movi_c_v13_03,spatial_block,11,12,0.62838214635849,0.16201117318435754
movi_c_v13_03,spatial_block,12,1,0.5339694023132324,0.061452513966480445
movi_c_v13_03,spatial_block,12,2,0.3966113328933716,0.0670391061452514
movi_c_v13_03,spatial_block,12,3,0.23311032354831696,0.0446927374301676
movi_c_v13_03,spatial_block,12,4,0.3073514401912689,0.0782122905027933
movi_c_v13_03,spatial_block,12,5,0.45279788970947266,0.09497206703910614
movi_c_v13_03,spatial_block,12,6,0.5109909176826477,0.20670391061452514
movi_c_v13_03,spatial_block,12,7,0.5678356289863586,0.1787709497206704
movi_c_v13_03,spatial_block,12,8,0.40920040011405945,0.0893854748603352
movi_c_v13_03,spatial_block,12,9,0.5955422520637512,0.08379888268156424
movi_c_v13_03,spatial_block,12,10,0.2747231423854828,0.07262569832402235
movi_c_v13_03,spatial_block,12,11,0.62838214635849,0.16201117318435754
movi_c_v13_03,spatial_block,12,12,1.0000001192092896,1.0
movi_c_v13_03,spatial_scattered,1,1,1.0,1.0
movi_c_v13_03,spatial_scattered,1,2,0.4665050208568573,0.24022346368715083
movi_c_v13_03,spatial_scattered,1,3,0.34510061144828796,0.061452513966480445
movi_c_v13_03,spatial_scattered,1,4,0.4099397361278534,0.0446927374301676
movi_c_v13_03,spatial_scattered,1,5,0.257095068693161,0.0223463687150838
movi_c_v13_03,spatial_scattered,1,6,0.33801907300949097,0.1564245810055866
movi_c_v13_03,spatial_scattered,1,7,0.1931753307580948,0.00558659217877095
movi_c_v13_03,spatial_scattered,1,8,0.2118396759033203,0.03910614525139665
movi_c_v13_03,spatial_scattered,1,9,0.1740911304950714,0.00558659217877095
movi_c_v13_03,spatial_scattered,1,10,0.4304867684841156,0.17318435754189945
movi_c_v13_03,spatial_scattered,1,11,0.1709713488817215,0.01675977653631285
movi_c_v13_03,spatial_scattered,1,12,0.27148979902267456,0.0782122905027933
movi_c_v13_03,spatial_scattered,2,1,0.4665050208568573,0.24022346368715083
movi_c_v13_03,spatial_scattered,2,2,0.9999998807907104,1.0
movi_c_v13_03,spatial_scattered,2,3,0.6349926590919495,0.2849162011173184
movi_c_v13_03,spatial_scattered,2,4,0.3525412082672119,0.00558659217877095
movi_c_v13_03,spatial_scattered,2,5,0.3542874753475189,0.0670391061452514
movi_c_v13_03,spatial_scattered,2,6,0.2864442467689514,0.11731843575418995
movi_c_v13_03,spatial_scattered,2,7,0.18944363296031952,0.03910614525139665
movi_c_v13_03,spatial_scattered,2,8,0.3352075219154358,0.055865921787709494
movi_c_v13_03,spatial_scattered,2,9,0.2661157250404358,0.055865921787709494
movi_c_v13_03,spatial_scattered,2,10,0.40888670086860657,0.0670391061452514
movi_c_v13_03,spatial_scattered,2,11,0.06413128972053528,0.0
movi_c_v13_03,spatial_scattered,2,12,0.3512096703052521,0.1452513966480447
movi_c_v13_03,spatial_scattered,3,1,0.34510061144828796,0.061452513966480445
movi_c_v13_03,spatial_scattered,3,2,0.6349926590919495,0.2849162011173184
movi_c_v13_03,spatial_scattered,3,3,1.0,1.0
movi_c_v13_03,spatial_scattered,3,4,0.43118569254875183,0.00558659217877095
movi_c_v13_03,spatial_scattered,3,5,0.4473668336868286,0.1005586592178771
movi_c_v13_03,spatial_scattered,3,6,0.19115349650382996,0.0223463687150838
movi_c_v13_03,spatial_scattered,3,7,0.11192668974399567,0.0
movi_c_v13_03,spatial_scattered,3,8,0.5760869979858398,0.16759776536312848
movi_c_v13_03,spatial_scattered,3,9,0.3515655994415283,0.1005586592178771
movi_c_v13_03,spatial_scattered,3,10,0.5990574955940247,0.18435754189944134
movi_c_v13_03,spatial_scattered,3,11,0.10176599770784378,0.0
movi_c_v13_03,spatial_scattered,3,12,0.19674475491046906,0.0223463687150838
movi_c_v13_03,spatial_scattered,4,1,0.4099397361278534,0.0446927374301676
movi_c_v13_03,spatial_scattered,4,2,0.3525412082672119,0.00558659217877095
movi_c_v13_03,spatial_scattered,4,3,0.43118569254875183,0.00558659217877095
movi_c_v13_03,spatial_scattered,4,4,0.9999999403953552,1.0
movi_c_v13_03,spatial_scattered,4,5,0.5736129283905029,0.01675977653631285
movi_c_v13_03,spatial_scattered,4,6,0.4308815598487854,0.0
movi_c_v13_03,spatial_scattered,4,7,0.49816402792930603,0.055865921787709494
movi_c_v13_03,spatial_scattered,4,8,0.5177839994430542,0.0446927374301676
movi_c_v13_03,spatial_scattered,4,9,0.6309422850608826,0.0782122905027933
movi_c_v13_03,spatial_scattered,4,10,0.6251928806304932,0.05027932960893855
movi_c_v13_03,spatial_scattered,4,11,0.7030483484268188,0.25139664804469275
movi_c_v13_03,spatial_scattered,4,12,0.4938639998435974,0.1005586592178771
movi_c_v13_03,spatial_scattered,5,1,0.257095068693161,0.0223463687150838
movi_c_v13_03,spatial_scattered,5,2,0.3542874753475189,0.0670391061452514
movi_c_v13_03,spatial_scattered,5,3,0.4473668336868286,0.1005586592178771
movi_c_v13_03,spatial_scattered,5,4,0.5736129283905029,0.01675977653631285
movi_c_v13_03,spatial_scattered,5,5,1.0,1.0
movi_c_v13_03,spatial_scattered,5,6,0.43800514936447144,0.12290502793296089
movi_c_v13_03,spatial_scattered,5,7,0.32869410514831543,0.0446927374301676
movi_c_v13_03,spatial_scattered,5,8,0.6254939436912537,0.21787709497206703
movi_c_v13_03,spatial_scattered,5,9,0.2784082889556885,0.027932960893854747
movi_c_v13_03,spatial_scattered,5,10,0.5666264891624451,0.13966480446927373
movi_c_v13_03,spatial_scattered,5,11,0.3050785958766937,0.0
movi_c_v13_03,spatial_scattered,5,12,0.2666291892528534,0.03910614525139665
movi_c_v13_03,spatial_scattered,6,1,0.33801907300949097,0.1564245810055866
movi_c_v13_03,spatial_scattered,6,2,0.2864442467689514,0.11731843575418995
movi_c_v13_03,spatial_scattered,6,3,0.19115349650382996,0.0223463687150838
movi_c_v13_03,spatial_scattered,6,4,0.4308815598487854,0.0
movi_c_v13_03,spatial_scattered,6,5,0.43800514936447144,0.12290502793296089
movi_c_v13_03,spatial_scattered,6,6,1.0,1.0
movi_c_v13_03,spatial_scattered,6,7,0.5611851215362549,0.17318435754189945
movi_c_v13_03,spatial_scattered,6,8,0.21938298642635345,0.027932960893854747
movi_c_v13_03,spatial_scattered,6,9,0.34158584475517273,0.09497206703910614
movi_c_v13_03,spatial_scattered,6,10,0.2469397485256195,0.05027932960893855
movi_c_v13_03,spatial_scattered,6,11,0.333392471075058,0.01675977653631285
movi_c_v13_03,spatial_scattered,6,12,0.5238497257232666,0.11731843575418995
movi_c_v13_03,spatial_scattered,7,1,0.1931753307580948,0.00558659217877095
movi_c_v13_03,spatial_scattered,7,2,0.18944363296031952,0.03910614525139665
movi_c_v13_03,spatial_scattered,7,3,0.11192668974399567,0.0
movi_c_v13_03,spatial_scattered,7,4,0.49816402792930603,0.055865921787709494
movi_c_v13_03,spatial_scattered,7,5,0.32869410514831543,0.0446927374301676
movi_c_v13_03,spatial_scattered,7,6,0.5611851215362549,0.17318435754189945
movi_c_v13_03,spatial_scattered,7,7,1.0,1.0
movi_c_v13_03,spatial_scattered,7,8,0.21387843787670135,0.01675977653631285
movi_c_v13_03,spatial_scattered,7,9,0.3240880072116852,0.0335195530726257
movi_c_v13_03,spatial_scattered,7,10,0.09520869702100754,0.0
movi_c_v13_03,spatial_scattered,7,11,0.5067563056945801,0.12290502793296089
movi_c_v13_03,spatial_scattered,7,12,0.6970123052597046,0.3575418994413408
movi_c_v13_03,spatial_scattered,8,1,0.2118396759033203,0.03910614525139665
movi_c_v13_03,spatial_scattered,8,2,0.3352075219154358,0.055865921787709494
movi_c_v13_03,spatial_scattered,8,3,0.5760869979858398,0.16759776536312848
movi_c_v13_03,spatial_scattered,8,4,0.5177839994430542,0.0446927374301676
movi_c_v13_03,spatial_scattered,8,5,0.6254939436912537,0.21787709497206703
movi_c_v13_03,spatial_scattered,8,6,0.21938298642635345,0.027932960893854747
movi_c_v13_03,spatial_scattered,8,7,0.21387843787670135,0.01675977653631285
movi_c_v13_03,spatial_scattered,8,8,1.0000001192092896,1.0
movi_c_v13_03,spatial_scattered,8,9,0.3331162631511688,0.055865921787709494
movi_c_v13_03,spatial_scattered,8,10,0.6608602404594421,0.22346368715083798
movi_c_v13_03,spatial_scattered,8,11,0.23459962010383606,0.0111731843575419
movi_c_v13_03,spatial_scattered,8,12,0.22207368910312653,0.01675977653631285
movi_c_v13_03,spatial_scattered,9,1,0.1740911304950714,0.00558659217877095
movi_c_v13_03,spatial_scattered,9,2,0.2661157250404358,0.055865921787709494
movi_c_v13_03,spatial_scattered,9,3,0.3515655994415283,0.1005586592178771
movi_c_v13_03,spatial_scattered,9,4,0.6309422850608826,0.0782122905027933
movi_c_v13_03,spatial_scattered,9,5,0.2784082889556885,0.027932960893854747
movi_c_v13_03,spatial_scattered,9,6,0.34158584475517273,0.09497206703910614
movi_c_v13_03,spatial_scattered,9,7,0.3240880072116852,0.0335195530726257
movi_c_v13_03,spatial_scattered,9,8,0.3331162631511688,0.055865921787709494
movi_c_v13_03,spatial_scattered,9,9,1.0,1.0
movi_c_v13_03,spatial_scattered,9,10,0.4518004357814789,0.0782122905027933
movi_c_v13_03,spatial_scattered,9,11,0.5564156174659729,0.18994413407821228
movi_c_v13_03,spatial_scattered,9,12,0.3668619394302368,0.0670391061452514
movi_c_v13_03,spatial_scattered,10,1,0.4304867684841156,0.17318435754189945
movi_c_v13_03,spatial_scattered,10,2,0.40888670086860657,0.0670391061452514
movi_c_v13_03,spatial_scattered,10,3,0.5990574955940247,0.18435754189944134
movi_c_v13_03,spatial_scattered,10,4,0.6251928806304932,0.05027932960893855
movi_c_v13_03,spatial_scattered,10,5,0.5666264891624451,0.13966480446927373
movi_c_v13_03,spatial_scattered,10,6,0.2469397485256195,0.05027932960893855
movi_c_v13_03,spatial_scattered,10,7,0.09520869702100754,0.0
movi_c_v13_03,spatial_scattered,10,8,0.6608602404594421,0.22346368715083798
movi_c_v13_03,spatial_scattered,10,9,0.4518004357814789,0.0782122905027933
movi_c_v13_03,spatial_scattered,10,10,0.9999998807907104,1.0
movi_c_v13_03,spatial_scattered,10,11,0.29435494542121887,0.0223463687150838
movi_c_v13_03,spatial_scattered,10,12,0.14100593328475952,0.0111731843575419
movi_c_v13_03,spatial_scattered,11,1,0.1709713488817215,0.01675977653631285
movi_c_v13_03,spatial_scattered,11,2,0.06413128972053528,0.0
movi_c_v13_03,spatial_scattered,11,3,0.10176599770784378,0.0
movi_c_v13_03,spatial_scattered,11,4,0.7030483484268188,0.25139664804469275
movi_c_v13_03,spatial_scattered,11,5,0.3050785958766937,0.0
movi_c_v13_03,spatial_scattered,11,6,0.333392471075058,0.01675977653631285
movi_c_v13_03,spatial_scattered,11,7,0.5067563056945801,0.12290502793296089
movi_c_v13_03,spatial_scattered,11,8,0.23459962010383606,0.0111731843575419
movi_c_v13_03,spatial_scattered,11,9,0.5564156174659729,0.18994413407821228
movi_c_v13_03,spatial_scattered,11,10,0.29435494542121887,0.0223463687150838
movi_c_v13_03,spatial_scattered,11,11,1.0000001192092896,1.0
movi_c_v13_03,spatial_scattered,11,12,0.4936237931251526,0.15083798882681565
movi_c_v13_03,spatial_scattered,12,1,0.27148979902267456,0.0782122905027933
movi_c_v13_03,spatial_scattered,12,2,0.3512096703052521,0.1452513966480447
movi_c_v13_03,spatial_scattered,12,3,0.19674475491046906,0.0223463687150838
movi_c_v13_03,spatial_scattered,12,4,0.4938639998435974,0.1005586592178771
movi_c_v13_03,spatial_scattered,12,5,0.2666291892528534,0.03910614525139665
movi_c_v13_03,spatial_scattered,12,6,0.5238497257232666,0.11731843575418995
movi_c_v13_03,spatial_scattered,12,7,0.6970123052597046,0.3575418994413408
movi_c_v13_03,spatial_scattered,12,8,0.22207368910312653,0.01675977653631285
movi_c_v13_03,spatial_scattered,12,9,0.3668619394302368,0.0670391061452514
movi_c_v13_03,spatial_scattered,12,10,0.14100593328475952,0.0111731843575419
movi_c_v13_03,spatial_scattered,12,11,0.4936237931251526,0.15083798882681565
movi_c_v13_03,spatial_scattered,12,12,1.0000001192092896,1.0
movi_c_v13_03,temporal_back,1,1,1.0000001192092896,1.0
movi_c_v13_03,temporal_back,1,2,0.4658057689666748,0.39106145251396646
movi_c_v13_03,temporal_back,1,3,0.3618694841861725,0.22905027932960895
movi_c_v13_03,temporal_back,1,4,0.37825608253479004,0.2569832402234637
movi_c_v13_03,temporal_back,1,5,0.21556001901626587,0.1005586592178771
movi_c_v13_03,temporal_back,1,6,0.2611616551876068,0.11731843575418995
movi_c_v13_03,temporal_back,1,7,0.04210704565048218,0.0
movi_c_v13_03,temporal_back,1,8,0.29435309767723083,0.11731843575418995
movi_c_v13_03,temporal_back,1,9,0.0397745743393898,0.00558659217877095
movi_c_v13_03,temporal_back,1,10,0.29268336296081543,0.061452513966480445
movi_c_v13_03,temporal_back,1,11,0.09862595796585083,0.0223463687150838
movi_c_v13_03,temporal_back,1,12,0.2137363702058792,0.12290502793296089
movi_c_v13_03,temporal_back,2,1,0.4658057689666748,0.39106145251396646
movi_c_v13_03,temporal_back,2,2,1.0,1.0
movi_c_v13_03,temporal_back,2,3,0.7534016966819763,0.5027932960893855
movi_c_v13_03,temporal_back,2,4,0.5301712155342102,0.2569832402234637
movi_c_v13_03,temporal_back,2,5,0.29272347688674927,0.0446927374301676
movi_c_v13_03,temporal_back,2,6,0.3165644705295563,0.07262569832402235
movi_c_v13_03,temporal_back,2,7,0.11529089510440826,0.00558659217877095
movi_c_v13_03,temporal_back,2,8,0.4450044631958008,0.1452513966480447
movi_c_v13_03,temporal_back,2,9,0.08095598965883255,0.0
movi_c_v13_03,temporal_back,2,10,0.40237316489219666,0.05027932960893855
movi_c_v13_03,temporal_back,2,11,0.2381930649280548,0.0782122905027933
movi_c_v13_03,temporal_back,2,12,0.3794585168361664,0.16759776536312848
movi_c_v13_03,temporal_back,3,1,0.3618694841861725,0.22905027932960895
movi_c_v13_03,temporal_back,3,2,0.7534016966819763,0.5027932960893855
movi_c_v13_03,temporal_back,3,3,1.0,1.0
movi_c_v13_03,temporal_back,3,4,0.5411720871925354,0.2122905027932961
movi_c_v13_03,temporal_back,3,5,0.29998937249183655,0.05027932960893855
movi_c_v13_03,temporal_back,3,6,0.3193172812461853,0.0446927374301676
movi_c_v13_03,temporal_back,3,7,0.18574340641498566,0.055865921787709494
movi_c_v13_03,temporal_back,3,8,0.4296428859233856,0.1564245810055866
movi_c_v13_03,temporal_back,3,9,0.15530528128147125,0.01675977653631285
movi_c_v13_03,temporal_back,3,10,0.34275388717651367,0.0446927374301676
movi_c_v13_03,temporal_back,3,11,0.22484587132930756,0.055865921787709494
movi_c_v13_03,temporal_back,3,12,0.36586540937423706,0.1564245810055866
movi_c_v13_03,temporal_back,4,1,0.37825608253479004,0.2569832402234637
movi_c_v13_03,temporal_back,4,2,0.5301712155342102,0.2569832402234637
movi_c_v13_03,temporal_back,4,3,0.5411720871925354,0.2122905027932961
movi_c_v13_03,temporal_back,4,4,0.9999998807907104,1.0
movi_c_v13_03,temporal_back,4,5,0.4745224416255951,0.00558659217877095
movi_c_v13_03,temporal_back,4,6,0.47543662786483765,0.03910614525139665
movi_c_v13_03,temporal_back,4,7,0.4098396599292755,0.13966480446927373
movi_c_v13_03,temporal_back,4,8,0.6719569563865662,0.08379888268156424
movi_c_v13_03,temporal_back,4,9,0.5761657953262329,0.2122905027932961
movi_c_v13_03,temporal_back,4,10,0.711432158946991,0.11731843575418995
movi_c_v13_03,temporal_back,4,11,0.4315605163574219,0.12290502793296089
movi_c_v13_03,temporal_back,4,12,0.38606563210487366,0.1564245810055866
movi_c_v13_03,temporal_back,5,1,0.21556001901626587,0.1005586592178771
movi_c_v13_03,temporal_back,5,2,0.29272347688674927,0.0446927374301676
movi_c_v13_03,temporal_back,5,3,0.29998937249183655,0.05027932960893855
movi_c_v13_03,temporal_back,5,4,0.4745224416255951,0.00558659217877095
movi_c_v13_03,temporal_back,5,5,1.0,1.0
movi_c_v13_03,temporal_back,5,6,0.6169681549072266,0.3240223463687151
movi_c_v13_03,temporal_back,5,7,0.4204103946685791,0.11731843575418995
movi_c_v13_03,temporal_back,5,8,0.7210779786109924,0.2681564245810056
movi_c_v13_03,temporal_back,5,9,0.31500527262687683,0.01675977653631285
movi_c_v13_03,temporal_back,5,10,0.5328283905982971,0.0893854748603352
movi_c_v13_03,temporal_back,5,11,0.3330879807472229,0.0446927374301676
movi_c_v13_03,temporal_back,5,12,0.4778960645198822,0.22905027932960895
movi_c_v13_03,temporal_back,6,1,0.2611616551876068,0.11731843575418995
movi_c_v13_03,temporal_back,6,2,0.3165644705295563,0.07262569832402235
movi_c_v13_03,temporal_back,6,3,0.3193172812461853,0.0446927374301676
movi_c_v13_03,temporal_back,6,4,0.47543662786483765,0.03910614525139665
movi_c_v13_03,temporal_back,6,5,0.6169681549072266,0.3240223463687151
movi_c_v13_03,temporal_back,6,6,1.0,1.0
movi_c_v13_03,temporal_back,6,7,0.39626702666282654,0.08379888268156424
movi_c_v13_03,temporal_back,6,8,0.5859618782997131,0.22346368715083798
movi_c_v13_03,temporal_back,6,9,0.32133615016937256,0.0446927374301676
movi_c_v13_03,temporal_back,6,10,0.5091687440872192,0.1340782122905028
movi_c_v13_03,temporal_back,6,11,0.3140428364276886,0.0446927374301676
movi_c_v13_03,temporal_back,6,12,0.45854121446609497,0.2011173184357542
movi_c_v13_03,temporal_back,7,1,0.04210704565048218,0.0
movi_c_v13_03,temporal_back,7,2,0.11529089510440826,0.00558659217877095
movi_c_v13_03,temporal_back,7,3,0.18574340641498566,0.055865921787709494
movi_c_v13_03,temporal_back,7,4,0.4098396599292755,0.13966480446927373
movi_c_v13_03,temporal_back,7,5,0.4204103946685791,0.11731843575418995
movi_c_v13_03,temporal_back,7,6,0.39626702666282654,0.08379888268156424
movi_c_v13_03,temporal_back,7,7,1.0,1.0
movi_c_v13_03,temporal_back,7,8,0.40394413471221924,0.0670391061452514
movi_c_v13_03,temporal_back,7,9,0.6874738335609436,0.3687150837988827
movi_c_v13_03,temporal_back,7,10,0.555547297000885,0.2122905027932961
movi_c_v13_03,temporal_back,7,11,0.6831668615341187,0.5195530726256983
movi_c_v13_03,temporal_back,7,12,0.350880891084671,0.13966480446927373
movi_c_v13_03,temporal_back,8,1,0.29435309767723083,0.11731843575418995
movi_c_v13_03,temporal_back,8,2,0.4450044631958008,0.1452513966480447
movi_c_v13_03,temporal_back,8,3,0.4296428859233856,0.1564245810055866
movi_c_v13_03,temporal_back,8,4,0.6719569563865662,0.08379888268156424
movi_c_v13_03,temporal_back,8,5,0.7210779786109924,0.2681564245810056
movi_c_v13_03,temporal_back,8,6,0.5859618782997131,0.22346368715083798
movi_c_v13_03,temporal_back,8,7,0.40394413471221924,0.0670391061452514
movi_c_v13_03,temporal_back,8,8,0.9999999403953552,1.0
movi_c_v13_03,temporal_back,8,9,0.43465936183929443,0.03910614525139665
movi_c_v13_03,temporal_back,8,10,0.7418293356895447,0.16759776536312848
movi_c_v13_03,temporal_back,8,11,0.3261498212814331,0.00558659217877095
movi_c_v13_03,temporal_back,8,12,0.35265207290649414,0.08379888268156424
movi_c_v13_03,temporal_back,9,1,0.0397745743393898,0.00558659217877095
movi_c_v13_03,temporal_back,9,2,0.08095598965883255,0.0
movi_c_v13_03,temporal_back,9,3,0.15530528128147125,0.01675977653631285
movi_c_v13_03,temporal_back,9,4,0.5761657953262329,0.2122905027932961
movi_c_v13_03,temporal_back,9,5,0.31500527262687683,0.01675977653631285
movi_c_v13_03,temporal_back,9,6,0.32133615016937256,0.0446927374301676
movi_c_v13_03,temporal_back,9,7,0.6874738335609436,0.3687150837988827
movi_c_v13_03,temporal_back,9,8,0.43465936183929443,0.03910614525139665
movi_c_v13_03,temporal_back,9,9,1.0,1.0
movi_c_v13_03,temporal_back,9,10,0.6544135212898254,0.27932960893854747
movi_c_v13_03,temporal_back,9,11,0.5679506659507751,0.29608938547486036
movi_c_v13_03,temporal_back,9,12,0.23628278076648712,0.07262569832402235
movi_c_v13_03,temporal_back,10,1,0.29268336296081543,0.061452513966480445
movi_c_v13_03,temporal_back,10,2,0.40237316489219666,0.05027932960893855
movi_c_v13_03,temporal_back,10,3,0.34275388717651367,0.0446927374301676
movi_c_v13_03,temporal_back,10,4,0.711432158946991,0.11731843575418995
movi_c_v13_03,temporal_back,10,5,0.5328283905982971,0.0893854748603352
movi_c_v13_03,temporal_back,10,6,0.5091687440872192,0.1340782122905028
movi_c_v13_03,temporal_back,10,7,0.555547297000885,0.2122905027932961
movi_c_v13_03,temporal_back,10,8,0.7418293356895447,0.16759776536312848
movi_c_v13_03,temporal_back,10,9,0.6544135212898254,0.27932960893854747
movi_c_v13_03,temporal_back,10,10,0.9999999403953552,1.0
movi_c_v13_03,temporal_back,10,11,0.50070720911026,0.1452513966480447
movi_c_v13_03,temporal_back,10,12,0.3545821011066437,0.13966480446927373
movi_c_v13_03,temporal_back,11,1,0.09862595796585083,0.0223463687150838
movi_c_v13_03,temporal_back,11,2,0.2381930649280548,0.0782122905027933
movi_c_v13_03,temporal_back,11,3,0.22484587132930756,0.055865921787709494
movi_c_v13_03,temporal_back,11,4,0.4315605163574219,0.12290502793296089
movi_c_v13_03,temporal_back,11,5,0.3330879807472229,0.0446927374301676
movi_c_v13_03,temporal_back,11,6,0.3140428364276886,0.0446927374301676
movi_c_v13_03,temporal_back,11,7,0.6831668615341187,0.5195530726256983
movi_c_v13_03,temporal_back,11,8,0.3261498212814331,0.00558659217877095
movi_c_v13_03,temporal_back,11,9,0.5679506659507751,0.29608938547486036
movi_c_v13_03,temporal_back,11,10,0.50070720911026,0.1452513966480447
movi_c_v13_03,temporal_back,11,11,1.0,1.0
movi_c_v13_03,temporal_back,11,12,0.28039059042930603,0.11731843575418995
movi_c_v13_03,temporal_back,12,1,0.2137363702058792,0.12290502793296089
movi_c_v13_03,temporal_back,12,2,0.3794585168361664,0.16759776536312848
movi_c_v13_03,temporal_back,12,3,0.36586540937423706,0.1564245810055866
movi_c_v13_03,temporal_back,12,4,0.38606563210487366,0.1564245810055866
movi_c_v13_03,temporal_back,12,5,0.4778960645198822,0.22905027932960895
movi_c_v13_03,temporal_back,12,6,0.45854121446609497,0.2011173184357542
movi_c_v13_03,temporal_back,12,7,0.350880891084671,0.13966480446927373
movi_c_v13_03,temporal_back,12,8,0.35265207290649414,0.08379888268156424
movi_c_v13_03,temporal_back,12,9,0.23628278076648712,0.07262569832402235
movi_c_v13_03,temporal_back,12,10,0.3545821011066437,0.13966480446927373
movi_c_v13_03,temporal_back,12,11,0.28039059042930603,0.11731843575418995
movi_c_v13_03,temporal_back,12,12,1.0,1.0
movi_c_v13_03,temporal_front,1,1,1.0000001192092896,1.0
movi_c_v13_03,temporal_front,1,2,0.3035527765750885,0.08379888268156424
movi_c_v13_03,temporal_front,1,3,0.28752219676971436,0.0670391061452514
movi_c_v13_03,temporal_front,1,4,0.2616787552833557,0.08379888268156424
movi_c_v13_03,temporal_front,1,5,0.47606751322746277,0.329608938547486
movi_c_v13_03,temporal_front,1,6,0.4063677191734314,0.13966480446927373
movi_c_v13_03,temporal_front,1,7,0.11630673706531525,0.01675977653631285
movi_c_v13_03,temporal_front,1,8,0.10900604724884033,0.0111731843575419
movi_c_v13_03,temporal_front,1,9,0.10710188001394272,0.0
movi_c_v13_03,temporal_front,1,10,0.2843843996524811,0.12290502793296089
movi_c_v13_03,temporal_front,1,11,0.10172589868307114,0.0111731843575419
movi_c_v13_03,temporal_front,1,12,0.08168553560972214,0.01675977653631285
movi_c_v13_03,temporal_front,2,1,0.3035527765750885,0.08379888268156424
movi_c_v13_03,temporal_front,2,2,0.9999998807907104,1.0
movi_c_v13_03,temporal_front,2,3,0.6839489340782166,0.27932960893854747
movi_c_v13_03,temporal_front,2,4,0.6162455081939697,0.2011173184357542
movi_c_v13_03,temporal_front,2,5,0.29118433594703674,0.027932960893854747
movi_c_v13_03,temporal_front,2,6,0.5830585360527039,0.2346368715083799
movi_c_v13_03,temporal_front,2,7,0.48603272438049316,0.19553072625698323
movi_c_v13_03,temporal_front,2,8,0.2971538305282593,0.0670391061452514
movi_c_v13_03,temporal_front,2,9,0.5354266166687012,0.1787709497206704
movi_c_v13_03,temporal_front,2,10,0.28272703289985657,0.0446927374301676
movi_c_v13_03,temporal_front,2,11,0.5048455595970154,0.19553072625698323
movi_c_v13_03,temporal_front,2,12,0.5331250429153442,0.22905027932960895
movi_c_v13_03,temporal_front,3,1,0.28752219676971436,0.0670391061452514
movi_c_v13_03,temporal_front,3,2,0.6839489340782166,0.27932960893854747
movi_c_v13_03,temporal_front,3,3,1.0,1.0
movi_c_v13_03,temporal_front,3,4,0.6176609396934509,0.2737430167597765
movi_c_v13_03,temporal_front,3,5,0.21420365571975708,0.0
movi_c_v13_03,temporal_front,3,6,0.5381799340248108,0.18994413407821228
movi_c_v13_03,temporal_front,3,7,0.41453972458839417,0.12849162011173185
movi_c_v13_03,temporal_front,3,8,0.17499074339866638,0.027932960893854747
movi_c_v13_03,temporal_front,3,9,0.3897511959075928,0.09497206703910614
movi_c_v13_03,temporal_front,3,10,0.25343331694602966,0.0670391061452514
movi_c_v13_03,temporal_front,3,11,0.4625411927700043,0.15083798882681565
movi_c_v13_03,temporal_front,3,12,0.4609295725822449,0.18994413407821228
movi_c_v13_03,temporal_front,4,1,0.2616787552833557,0.08379888268156424
movi_c_v13_03,temporal_front,4,2,0.6162455081939697,0.2011173184357542
movi_c_v13_03,temporal_front,4,3,0.6176609396934509,0.2737430167597765
movi_c_v13_03,temporal_front,4,4,1.0000001192092896,1.0
movi_c_v13_03,temporal_front,4,5,0.17128901183605194,0.0
movi_c_v13_03,temporal_front,4,6,0.5217441320419312,0.15083798882681565
movi_c_v13_03,temporal_front,4,7,0.3859844505786896,0.19553072625698323
movi_c_v13_03,temporal_front,4,8,0.28843531012535095,0.0446927374301676
movi_c_v13_03,temporal_front,4,9,0.4264966547489166,0.0782122905027933
movi_c_v13_03,temporal_front,4,10,0.3986883759498596,0.11731843575418995
movi_c_v13_03,temporal_front,4,11,0.5414488315582275,0.2122905027932961
movi_c_v13_03,temporal_front,4,12,0.4241332411766052,0.1340782122905028
movi_c_v13_03,temporal_front,5,1,0.47606751322746277,0.329608938547486
movi_c_v13_03,temporal_front,5,2,0.29118433594703674,0.027932960893854747
movi_c_v13_03,temporal_front,5,3,0.21420365571975708,0.0
movi_c_v13_03,temporal_front,5,4,0.17128901183605194,0.0
movi_c_v13_03,temporal_front,5,5,1.0000001192092896,1.0
movi_c_v13_03,temporal_front,5,6,0.3879544734954834,0.0782122905027933
movi_c_v13_03,temporal_front,5,7,0.434824138879776,0.24022346368715083
movi_c_v13_03,temporal_front,5,8,0.31839263439178467,0.055865921787709494
movi_c_v13_03,temporal_front,5,9,0.39759647846221924,0.11173184357541899
movi_c_v13_03,temporal_front,5,10,0.3871304392814636,0.0670391061452514
movi_c_v13_03,temporal_front,5,11,0.261084645986557,0.09497206703910614
movi_c_v13_03,temporal_front,5,12,0.4154416024684906,0.2011173184357542
movi_c_v13_03,temporal_front,6,1,0.4063677191734314,0.13966480446927373
movi_c_v13_03,temporal_front,6,2,0.5830585360527039,0.2346368715083799
movi_c_v13_03,temporal_front,6,3,0.5381799340248108,0.18994413407821228
movi_c_v13_03,temporal_front,6,4,0.5217441320419312,0.15083798882681565
movi_c_v13_03,temporal_front,6,5,0.3879544734954834,0.0782122905027933
movi_c_v13_03,temporal_front,6,6,1.0,1.0
movi_c_v13_03,temporal_front,6,7,0.31005141139030457,0.11173184357541899
movi_c_v13_03,temporal_front,6,8,0.3426836133003235,0.11731843575418995
movi_c_v13_03,temporal_front,6,9,0.4247121214866638,0.11731843575418995
movi_c_v13_03,temporal_front,6,10,0.23509083688259125,0.01675977653631285
movi_c_v13_03,temporal_front,6,11,0.3798317015171051,0.07262569832402235
movi_c_v13_03,temporal_front,6,12,0.4282953143119812,0.1452513966480447
movi_c_v13_03,temporal_front,7,1,0.11630673706531525,0.01675977653631285
movi_c_v13_03,temporal_front,7,2,0.48603272438049316,0.19553072625698323
movi_c_v13_03,temporal_front,7,3,0.41453972458839417,0.12849162011173185
movi_c_v13_03,temporal_front,7,4,0.3859844505786896,0.19553072625698323
movi_c_v13_03,temporal_front,7,5,0.434824138879776,0.24022346368715083
movi_c_v13_03,temporal_front,7,6,0.31005141139030457,0.11173184357541899
movi_c_v13_03,temporal_front,7,7,1.0,1.0
movi_c_v13_03,temporal_front,7,8,0.14059142768383026,0.01675977653631285
movi_c_v13_03,temporal_front,7,9,0.6973223686218262,0.35195530726256985
movi_c_v13_03,temporal_front,7,10,0.20949041843414307,0.08379888268156424
movi_c_v13_03,temporal_front,7,11,0.4903104603290558,0.2569832402234637
movi_c_v13_03,temporal_front,7,12,0.5947784781455994,0.3854748603351955
movi_c_v13_03,temporal_front,8,1,0.10900604724884033,0.0111731843575419
movi_c_v13_03,temporal_front,8,2,0.2971538305282593,0.0670391061452514
movi_c_v13_03,temporal_front,8,3,0.17499074339866638,0.027932960893854747
movi_c_v13_03,temporal_front,8,4,0.28843531012535095,0.0446927374301676
movi_c_v13_03,temporal_front,8,5,0.31839263439178467,0.055865921787709494
movi_c_v13_03,temporal_front,8,6,0.3426836133003235,0.11731843575418995
movi_c_v13_03,temporal_front,8,7,0.14059142768383026,0.01675977653631285
movi_c_v13_03,temporal_front,8,8,1.0000001192092896,1.0
movi_c_v13_03,temporal_front,8,9,0.31593257188796997,0.0446927374301676
movi_c_v13_03,temporal_front,8,10,0.5509867072105408,0.2569832402234637
movi_c_v13_03,temporal_front,8,11,0.4170577824115753,0.11173184357541899
movi_c_v13_03,temporal_front,8,12,0.23467783629894257,0.05027932960893855
movi_c_v13_03,temporal_front,9,1,0.10710188001394272,0.0
movi_c_v13_03,temporal_front,9,2,0.5354266166687012,0.1787709497206704
movi_c_v13_03,temporal_front,9,3,0.3897511959075928,0.09497206703910614
movi_c_v13_03,temporal_front,9,4,0.4264966547489166,0.0782122905027933
movi_c_v13_03,temporal_front,9,5,0.39759647846221924,0.11173184357541899
movi_c_v13_03,temporal_front,9,6,0.4247121214866638,0.11731843575418995
movi_c_v13_03,temporal_front,9,7,0.6973223686218262,0.35195530726256985
movi_c_v13_03,temporal_front,9,8,0.31593257188796997,0.0446927374301676
movi_c_v13_03,temporal_front,9,9,1.0,1.0
movi_c_v13_03,temporal_front,9,10,0.24641723930835724,0.00558659217877095
movi_c_v13_03,temporal_front,9,11,0.5116105079650879,0.10614525139664804
movi_c_v13_03,temporal_front,9,12,0.6654128432273865,0.3463687150837989
movi_c_v13_03,temporal_front,10,1,0.2843843996524811,0.12290502793296089
movi_c_v13_03,temporal_front,10,2,0.28272703289985657,0.0446927374301676
movi_c_v13_03,temporal_front,10,3,0.25343331694602966,0.0670391061452514
movi_c_v13_03,temporal_front,10,4,0.3986883759498596,0.11731843575418995
movi_c_v13_03,temporal_front,10,5,0.3871304392814636,0.0670391061452514
movi_c_v13_03,temporal_front,10,6,0.23509083688259125,0.01675977653631285
movi_c_v13_03,temporal_front,10,7,0.20949041843414307,0.08379888268156424
movi_c_v13_03,temporal_front,10,8,0.5509867072105408,0.2569832402234637
movi_c_v13_03,temporal_front,10,9,0.24641723930835724,0.00558659217877095
movi_c_v13_03,temporal_front,10,10,0.9999999403953552,1.0
movi_c_v13_03,temporal_front,10,11,0.43187958002090454,0.16201117318435754
movi_c_v13_03,temporal_front,10,12,0.17345701158046722,0.0111731843575419
movi_c_v13_03,temporal_front,11,1,0.10172589868307114,0.0111731843575419
movi_c_v13_03,temporal_front,11,2,0.5048455595970154,0.19553072625698323
movi_c_v13_03,temporal_front,11,3,0.4625411927700043,0.15083798882681565
movi_c_v13_03,temporal_front,11,4,0.5414488315582275,0.2122905027932961
movi_c_v13_03,temporal_front,11,5,0.261084645986557,0.09497206703910614
movi_c_v13_03,temporal_front,11,6,0.3798317015171051,0.07262569832402235
movi_c_v13_03,temporal_front,11,7,0.4903104603290558,0.2569832402234637
movi_c_v13_03,temporal_front,11,8,0.4170577824115753,0.11173184357541899
movi_c_v13_03,temporal_front,11,9,0.5116105079650879,0.10614525139664804
movi_c_v13_03,temporal_front,11,10,0.43187958002090454,0.16201117318435754
movi_c_v13_03,temporal_front,11,11,1.0,1.0
movi_c_v13_03,temporal_front,11,12,0.482260525226593,0.19553072625698323
movi_c_v13_03,temporal_front,12,1,0.08168553560972214,0.01675977653631285
movi_c_v13_03,temporal_front,12,2,0.5331250429153442,0.22905027932960895
movi_c_v13_03,temporal_front,12,3,0.4609295725822449,0.18994413407821228
movi_c_v13_03,temporal_front,12,4,0.4241332411766052,0.1340782122905028
movi_c_v13_03,temporal_front,12,5,0.4154416024684906,0.2011173184357542
movi_c_v13_03,temporal_front,12,6,0.4282953143119812,0.1452513966480447
movi_c_v13_03,temporal_front,12,7,0.5947784781455994,0.3854748603351955
movi_c_v13_03,temporal_front,12,8,0.23467783629894257,0.05027932960893855
movi_c_v13_03,temporal_front,12,9,0.6654128432273865,0.3463687150837989
movi_c_v13_03,temporal_front,12,10,0.17345701158046722,0.0111731843575419
movi_c_v13_03,temporal_front,12,11,0.482260525226593,0.19553072625698323
movi_c_v13_03,temporal_front,12,12,1.0000001192092896,1.0
movi_c_v13_03,temporal_middle,1,1,0.9999998807907104,1.0
movi_c_v13_03,temporal_middle,1,2,0.21213597059249878,0.05027932960893855
movi_c_v13_03,temporal_middle,1,3,0.17599523067474365,0.0893854748603352
movi_c_v13_03,temporal_middle,1,4,0.17869846522808075,0.0782122905027933
movi_c_v13_03,temporal_middle,1,5,0.11628887057304382,0.0670391061452514
movi_c_v13_03,temporal_middle,1,6,0.3565081059932709,0.2569832402234637
movi_c_v13_03,temporal_middle,1,7,0.3352900445461273,0.21787709497206703
movi_c_v13_03,temporal_middle,1,8,0.16642774641513824,0.0893854748603352
movi_c_v13_03,temporal_middle,1,9,0.23427262902259827,0.09497206703910614
movi_c_v13_03,temporal_middle,1,10,0.08658058941364288,0.0335195530726257
movi_c_v13_03,temporal_middle,1,11,0.17048127949237823,0.0446927374301676
movi_c_v13_03,temporal_middle,1,12,0.30379050970077515,0.1005586592178771
movi_c_v13_03,temporal_middle,2,1,0.21213597059249878,0.05027932960893855
movi_c_v13_03,temporal_middle,2,2,0.9999999403953552,1.0
movi_c_v13_03,temporal_middle,2,3,0.7325390577316284,0.4748603351955307
movi_c_v13_03,temporal_middle,2,4,0.5966691374778748,0.26256983240223464
movi_c_v13_03,temporal_middle,2,5,0.1396716684103012,0.00558659217877095
movi_c_v13_03,temporal_middle,2,6,0.47393402457237244,0.07262569832402235
movi_c_v13_03,temporal_middle,2,7,0.2721070647239685,0.08379888268156424
movi_c_v13_03,temporal_middle,2,8,0.47393834590911865,0.19553072625698323
movi_c_v13_03,temporal_middle,2,9,0.43883198499679565,0.11173184357541899
movi_c_v13_03,temporal_middle,2,10,0.20998845994472504,0.03910614525139665
movi_c_v13_03,temporal_middle,2,11,0.4261600077152252,0.18994413407821228
movi_c_v13_03,temporal_middle,2,12,0.5307837724685669,0.22905027932960895
movi_c_v13_03,temporal_middle,3,1,0.17599523067474365,0.0893854748603352
movi_c_v13_03,temporal_middle,3,2,0.7325390577316284,0.4748603351955307
movi_c_v13_03,temporal_middle,3,3,1.0000001192092896,1.0
movi_c_v13_03,temporal_middle,3,4,0.5234999656677246,0.2011173184357542
movi_c_v13_03,temporal_middle,3,5,0.06454671919345856,0.0
movi_c_v13_03,temporal_middle,3,6,0.29606738686561584,0.0446927374301676
movi_c_v13_03,temporal_middle,3,7,0.2772146761417389,0.09497206703910614
movi_c_v13_03,temporal_middle,3,8,0.34366798400878906,0.09497206703910614
movi_c_v13_03,temporal_middle,3,9,0.4767388701438904,0.20670391061452514
movi_c_v13_03,temporal_middle,3,10,0.15595059096813202,0.00558659217877095
movi_c_v13_03,temporal_middle,3,11,0.4224597215652466,0.18435754189944134
movi_c_v13_03,temporal_middle,3,12,0.43814772367477417,0.10614525139664804
movi_c_v13_03,temporal_middle,4,1,0.17869846522808075,0.0782122905027933
movi_c_v13_03,temporal_middle,4,2,0.5966691374778748,0.26256983240223464
movi_c_v13_03,temporal_middle,4,3,0.5234999656677246,0.2011173184357542
movi_c_v13_03,temporal_middle,4,4,1.0000001192092896,1.0
movi_c_v13_03,temporal_middle,4,5,0.2331940233707428,0.03910614525139665
movi_c_v13_03,temporal_middle,4,6,0.41247475147247314,0.0782122905027933
movi_c_v13_03,temporal_middle,4,7,0.3359422981739044,0.11731843575418995
movi_c_v13_03,temporal_middle,4,8,0.4202064275741577,0.13966480446927373
movi_c_v13_03,temporal_middle,4,9,0.4681077003479004,0.10614525139664804
movi_c_v13_03,temporal_middle,4,10,0.3363758325576782,0.061452513966480445
movi_c_v13_03,temporal_middle,4,11,0.49316227436065674,0.16201117318435754
movi_c_v13_03,temporal_middle,4,12,0.47801047563552856,0.1005586592178771
movi_c_v13_03,temporal_middle,5,1,0.11628887057304382,0.0670391061452514
movi_c_v13_03,temporal_middle,5,2,0.1396716684103012,0.00558659217877095
movi_c_v13_03,temporal_middle,5,3,0.06454671919345856,0.0
movi_c_v13_03,temporal_middle,5,4,0.2331940233707428,0.03910614525139665
movi_c_v13_03,temporal_middle,5,5,1.0,1.0
movi_c_v13_03,temporal_middle,5,6,0.25295495986938477,0.07262569832402235
movi_c_v13_03,temporal_middle,5,7,0.25640398263931274,0.0893854748603352
movi_c_v13_03,temporal_middle,5,8,0.4263235926628113,0.18994413407821228
movi_c_v13_03,temporal_middle,5,9,0.29468661546707153,0.03910614525139665
movi_c_v13_03,temporal_middle,5,10,0.43948689103126526,0.2122905027932961
movi_c_v13_03,temporal_middle,5,11,0.3292699456214905,0.0893854748603352
movi_c_v13_03,temporal_middle,5,12,0.35432589054107666,0.1005586592178771
movi_c_v13_03,temporal_middle,6,1,0.3565081059932709,0.2569832402234637
movi_c_v13_03,temporal_middle,6,2,0.47393402457237244,0.07262569832402235
movi_c_v13_03,temporal_middle,6,3,0.29606738686561584,0.0446927374301676
movi_c_v13_03,temporal_middle,6,4,0.41247475147247314,0.0782122905027933
movi_c_v13_03,temporal_middle,6,5,0.25295495986938477,0.07262569832402235
movi_c_v13_03,temporal_middle,6,6,0.9999998807907104,1.0
movi_c_v13_03,temporal_middle,6,7,0.3838222324848175,0.1005586592178771
movi_c_v13_03,temporal_middle,6,8,0.46911829710006714,0.16759776536312848
movi_c_v13_03,temporal_middle,6,9,0.48962706327438354,0.08379888268156424
movi_c_v13_03,temporal_middle,6,10,0.31953680515289307,0.12849162011173185
movi_c_v13_03,temporal_middle,6,11,0.30011171102523804,0.0223463687150838
movi_c_v13_03,temporal_middle,6,12,0.569100022315979,0.0782122905027933
movi_c_v13_03,temporal_middle,7,1,0.3352900445461273,0.21787709497206703
movi_c_v13_03,temporal_middle,7,2,0.2721070647239685,0.08379888268156424
movi_c_v13_03,temporal_middle,7,3,0.2772146761417389,0.09497206703910614
movi_c_v13_03,temporal_middle,7,4,0.3359422981739044,0.11731843575418995
movi_c_v13_03,temporal_middle,7,5,0.25640398263931274,0.0893854748603352
movi_c_v13_03,temporal_middle,7,6,0.3838222324848175,0.1005586592178771
movi_c_v13_03,temporal_middle,7,7,1.0,1.0
movi_c_v13_03,temporal_middle,7,8,0.1999238282442093,0.0223463687150838
movi_c_v13_03,temporal_middle,7,9,0.52202308177948,0.1564245810055866
movi_c_v13_03,temporal_middle,7,10,0.19701425731182098,0.03910614525139665
movi_c_v13_03,temporal_middle,7,11,0.37851110100746155,0.09497206703910614
movi_c_v13_03,temporal_middle,7,12,0.5613017678260803,0.2011173184357542
movi_c_v13_03,temporal_middle,8,1,0.16642774641513824,0.0893854748603352
movi_c_v13_03,temporal_middle,8,2,0.47393834590911865,0.19553072625698323
movi_c_v13_03,temporal_middle,8,3,0.34366798400878906,0.09497206703910614
movi_c_v13_03,temporal_middle,8,4,0.4202064275741577,0.13966480446927373
movi_c_v13_03,temporal_middle,8,5,0.4263235926628113,0.18994413407821228
movi_c_v13_03,temporal_middle,8,6,0.46911829710006714,0.16759776536312848
movi_c_v13_03,temporal_middle,8,7,0.1999238282442093,0.0223463687150838
movi_c_v13_03,temporal_middle,8,8,0.9999999403953552,1.0
movi_c_v13_03,temporal_middle,8,9,0.37490320205688477,0.0111731843575419
movi_c_v13_03,temporal_middle,8,10,0.40677639842033386,0.13966480446927373
movi_c_v13_03,temporal_middle,8,11,0.38493040204048157,0.12849162011173185
movi_c_v13_03,temporal_middle,8,12,0.46517229080200195,0.12849162011173185
movi_c_v13_03,temporal_middle,9,1,0.23427262902259827,0.09497206703910614
movi_c_v13_03,temporal_middle,9,2,0.43883198499679565,0.11173184357541899
movi_c_v13_03,temporal_middle,9,3,0.4767388701438904,0.20670391061452514
movi_c_v13_03,temporal_middle,9,4,0.4681077003479004,0.10614525139664804
movi_c_v13_03,temporal_middle,9,5,0.29468661546707153,0.03910614525139665
movi_c_v13_03,temporal_middle,9,6,0.48962706327438354,0.08379888268156424
movi_c_v13_03,temporal_middle,9,7,0.52202308177948,0.1564245810055866
movi_c_v13_03,temporal_middle,9,8,0.37490320205688477,0.0111731843575419
movi_c_v13_03,temporal_middle,9,9,1.0,1.0
movi_c_v13_03,temporal_middle,9,10,0.2606474459171295,0.0223463687150838
movi_c_v13_03,temporal_middle,9,11,0.4684320092201233,0.07262569832402235
movi_c_v13_03,temporal_middle,9,12,0.7019067406654358,0.1787709497206704
movi_c_v13_03,temporal_middle,10,1,0.08658058941364288,0.0335195530726257
movi_c_v13_03,temporal_middle,10,2,0.20998845994472504,0.03910614525139665
movi_c_v13_03,temporal_middle,10,3,0.15595059096813202,0.00558659217877095
movi_c_v13_03,temporal_middle,10,4,0.3363758325576782,0.061452513966480445
movi_c_v13_03,temporal_middle,10,5,0.43948689103126526,0.2122905027932961
movi_c_v13_03,temporal_middle,10,6,0.31953680515289307,0.12849162011173185
movi_c_v13_03,temporal_middle,10,7,0.19701425731182098,0.03910614525139665
movi_c_v13_03,temporal_middle,10,8,0.40677639842033386,0.13966480446927373
movi_c_v13_03,temporal_middle,10,9,0.2606474459171295,0.0223463687150838
movi_c_v13_03,temporal_middle,10,10,1.0000001192092896,1.0
movi_c_v13_03,temporal_middle,10,11,0.32558098435401917,0.0782122905027933
movi_c_v13_03,temporal_middle,10,12,0.4412870407104492,0.05027932960893855
movi_c_v13_03,temporal_middle,11,1,0.17048127949237823,0.0446927374301676
movi_c_v13_03,temporal_middle,11,2,0.4261600077152252,0.18994413407821228
movi_c_v13_03,temporal_middle,11,3,0.4224597215652466,0.18435754189944134
movi_c_v13_03,temporal_middle,11,4,0.49316227436065674,0.16201117318435754
movi_c_v13_03,temporal_middle,11,5,0.3292699456214905,0.0893854748603352
movi_c_v13_03,temporal_middle,11,6,0.30011171102523804,0.0223463687150838
movi_c_v13_03,temporal_middle,11,7,0.37851110100746155,0.09497206703910614
movi_c_v13_03,temporal_middle,11,8,0.38493040204048157,0.12849162011173185
movi_c_v13_03,temporal_middle,11,9,0.4684320092201233,0.07262569832402235
movi_c_v13_03,temporal_middle,11,10,0.32558098435401917,0.0782122905027933
movi_c_v13_03,temporal_middle,11,11,0.9999998807907104,1.0
movi_c_v13_03,temporal_middle,11,12,0.512545645236969,0.1564245810055866
movi_c_v13_03,temporal_middle,12,1,0.30379050970077515,0.1005586592178771
movi_c_v13_03,temporal_middle,12,2,0.5307837724685669,0.22905027932960895
movi_c_v13_03,temporal_middle,12,3,0.43814772367477417,0.10614525139664804
movi_c_v13_03,temporal_middle,12,4,0.47801047563552856,0.1005586592178771
movi_c_v13_03,temporal_middle,12,5,0.35432589054107666,0.1005586592178771
movi_c_v13_03,temporal_middle,12,6,0.569100022315979,0.0782122905027933
movi_c_v13_03,temporal_middle,12,7,0.5613017678260803,0.2011173184357542
movi_c_v13_03,temporal_middle,12,8,0.46517229080200195,0.12849162011173185
movi_c_v13_03,temporal_middle,12,9,0.7019067406654358,0.1787709497206704
movi_c_v13_03,temporal_middle,12,10,0.4412870407104492,0.05027932960893855
movi_c_v13_03,temporal_middle,12,11,0.512545645236969,0.1564245810055866
movi_c_v13_03,temporal_middle,12,12,1.0,1.0
movi_c_v14_00,spatial_block,1,1,0.9999998807907104,1.0
movi_c_v14_00,spatial_block,1,2,0.46032750606536865,0.16759776536312848
movi_c_v14_00,spatial_block,1,3,0.3870672583580017,0.0446927374301676
movi_c_v14_00,spatial_block,1,4,0.3168734312057495,0.0670391061452514
movi_c_v14_00,spatial_block,1,5,0.34334591031074524,0.0446927374301676
movi_c_v14_00,spatial_block,1,6,0.5200738906860352,0.12849162011173185
movi_c_v14_00,spatial_block,1,7,0.5840047001838684,0.16201117318435754
movi_c_v14_00,spatial_block,1,8,0.2685409486293793,0.03910614525139665
movi_c_v14_00,spatial_block,1,9,0.41139131784439087,0.0335195530726257
movi_c_v14_00,spatial_block,1,10,0.22481168806552887,0.00558659217877095
movi_c_v14_00,spatial_block,1,11,0.5698280930519104,0.16759776536312848
movi_c_v14_00,spatial_block,1,12,0.5330007076263428,0.15083798882681565
movi_c_v14_00,spatial_block,2,1,0.46032750606536865,0.16759776536312848
movi_c_v14_00,spatial_block,2,2,0.9999998807907104,1.0
movi_c_v14_00,spatial_block,2,3,0.5621960759162903,0.21787709497206703
movi_c_v14_00,spatial_block,2,4,0.2629844844341278,0.0111731843575419
movi_c_v14_00,spatial_block,2,5,0.6611790060997009,0.25139664804469275
movi_c_v14_00,spatial_block,2,6,0.503136932849884,0.1005586592178771
movi_c_v14_00,spatial_block,2,7,0.4358489215373993,0.0446927374301676
movi_c_v14_00,spatial_block,2,8,0.3799322247505188,0.061452513966480445
movi_c_v14_00,spatial_block,2,9,0.3483891189098358,0.0111731843575419
movi_c_v14_00,spatial_block,2,10,0.19288073480129242,0.0
movi_c_v14_00,spatial_block,2,11,0.473927766084671,0.12849162011173185
movi_c_v14_00,spatial_block,2,12,0.6352490782737732,0.2346368715083799
movi_c_v14_00,spatial_block,3,1,0.3870672583580017,0.0446927374301676
movi_c_v14_00,spatial_block,3,2,0.5621960759162903,0.21787709497206703
movi_c_v14_00,spatial_block,3,3,1.0,1.0
movi_c_v14_00,spatial_block,3,4,0.34191519021987915,0.07262569832402235
movi_c_v14_00,spatial_block,3,5,0.5770506858825684,0.20670391061452514
movi_c_v14_00,spatial_block,3,6,0.6224064230918884,0.24022346368715083
movi_c_v14_00,spatial_block,3,7,0.6178149580955505,0.20670391061452514
movi_c_v14_00,spatial_block,3,8,0.33765292167663574,0.0670391061452514
movi_c_v14_00,spatial_block,3,9,0.35401207208633423,0.027932960893854747
movi_c_v14_00,spatial_block,3,10,0.19139698147773743,0.0111731843575419
movi_c_v14_00,spatial_block,3,11,0.41777628660202026,0.0335195530726257
movi_c_v14_00,spatial_block,3,12,0.6500439643859863,0.2737430167597765
movi_c_v14_00,spatial_block,4,1,0.3168734312057495,0.0670391061452514
movi_c_v14_00,spatial_block,4,2,0.2629844844341278,0.0111731843575419
movi_c_v14_00,spatial_block,4,3,0.34191519021987915,0.07262569832402235
movi_c_v14_00,spatial_block,4,4,1.0,1.0
movi_c_v14_00,spatial_block,4,5,0.43900248408317566,0.10614525139664804
movi_c_v14_00,spatial_block,4,6,0.3712340295314789,0.0670391061452514
movi_c_v14_00,spatial_block,4,7,0.44723576307296753,0.16759776536312848
movi_c_v14_00,spatial_block,4,8,0.20906832814216614,0.0
movi_c_v14_00,spatial_block,4,9,0.489477276802063,0.12849162011173185
movi_c_v14_00,spatial_block,4,10,0.3345799148082733,0.061452513966480445
movi_c_v14_00,spatial_block,4,11,0.4112681448459625,0.11173184357541899
movi_c_v14_00,spatial_block,4,12,0.4694708287715912,0.0893854748603352
movi_c_v14_00,spatial_block,5,1,0.34334591031074524,0.0446927374301676
movi_c_v14_00,spatial_block,5,2,0.6611790060997009,0.25139664804469275
movi_c_v14_00,spatial_block,5,3,0.5770506858825684,0.20670391061452514
movi_c_v14_00,spatial_block,5,4,0.43900248408317566,0.10614525139664804
movi_c_v14_00,spatial_block,5,5,1.0,1.0
movi_c_v14_00,spatial_block,5,6,0.4905676245689392,0.13966480446927373
movi_c_v14_00,spatial_block,5,7,0.4755864143371582,0.10614525139664804
movi_c_v14_00,spatial_block,5,8,0.5153049826622009,0.07262569832402235
movi_c_v14_00,spatial_block,5,9,0.5818065404891968,0.055865921787709494
movi_c_v14_00,spatial_block,5,10,0.46289244294166565,0.0335195530726257
movi_c_v14_00,spatial_block,5,11,0.5039690136909485,0.07262569832402235
movi_c_v14_00,spatial_block,5,12,0.6975828409194946,0.2905027932960894
movi_c_v14_00,spatial_block,6,1,0.5200738906860352,0.12849162011173185
movi_c_v14_00,spatial_block,6,2,0.503136932849884,0.1005586592178771
movi_c_v14_00,spatial_block,6,3,0.6224064230918884,0.24022346368715083
movi_c_v14_00,spatial_block,6,4,0.3712340295314789,0.0670391061452514
movi_c_v14_00,spatial_block,6,5,0.4905676245689392,0.13966480446927373
movi_c_v14_00,spatial_block,6,6,0.9999998807907104,1.0
movi_c_v14_00,spatial_block,6,7,0.753318190574646,0.29608938547486036
movi_c_v14_00,spatial_block,6,8,0.22771760821342468,0.0111731843575419
movi_c_v14_00,spatial_block,6,9,0.4155294895172119,0.027932960893854747
movi_c_v14_00,spatial_block,6,10,0.11966237425804138,0.00558659217877095
movi_c_v14_00,spatial_block,6,11,0.5096340179443359,0.0670391061452514
movi_c_v14_00,spatial_block,6,12,0.7131352424621582,0.2681564245810056
movi_c_v14_00,spatial_block,7,1,0.5840047001838684,0.16201117318435754
movi_c_v14_00,spatial_block,7,2,0.4358489215373993,0.0446927374301676
movi_c_v14_00,spatial_block,7,3,0.6178149580955505,0.20670391061452514
movi_c_v14_00,spatial_block,7,4,0.44723576307296753,0.16759776536312848
movi_c_v14_00,spatial_block,7,5,0.4755864143371582,0.10614525139664804
movi_c_v14_00,spatial_block,7,6,0.753318190574646,0.29608938547486036
movi_c_v14_00,spatial_block,7,7,1.0,1.0
movi_c_v14_00,spatial_block,7,8,0.26076918840408325,0.00558659217877095
movi_c_v14_00,spatial_block,7,9,0.41876786947250366,0.00558659217877095
movi_c_v14_00,spatial_block,7,10,0.15938019752502441,0.0
movi_c_v14_00,spatial_block,7,11,0.5631500482559204,0.21787709497206703
movi_c_v14_00,spatial_block,7,12,0.7448284029960632,0.3854748603351955
movi_c_v14_00,spatial_block,8,1,0.2685409486293793,0.03910614525139665
movi_c_v14_00,spatial_block,8,2,0.3799322247505188,0.061452513966480445
movi_c_v14_00,spatial_block,8,3,0.33765292167663574,0.0670391061452514
movi_c_v14_00,spatial_block,8,4,0.20906832814216614,0.0
movi_c_v14_00,spatial_block,8,5,0.5153049826622009,0.07262569832402235
movi_c_v14_00,spatial_block,8,6,0.22771760821342468,0.0111731843575419
movi_c_v14_00,spatial_block,8,7,0.26076918840408325,0.00558659217877095
movi_c_v14_00,spatial_block,8,8,1.0,1.0
movi_c_v14_00,spatial_block,8,9,0.48774147033691406,0.11731843575418995
movi_c_v14_00,spatial_block,8,10,0.6955921649932861,0.441340782122905
movi_c_v14_00,spatial_block,8,11,0.3341681957244873,0.0446927374301676
movi_c_v14_00,spatial_block,8,12,0.30283603072166443,0.00558659217877095
movi_c_v14_00,spatial_block,9,1,0.41139131784439087,0.0335195530726257
movi_c_v14_00,spatial_block,9,2,0.3483891189098358,0.0111731843575419
movi_c_v14_00,spatial_block,9,3,0.35401207208633423,0.027932960893854747
movi_c_v14_00,spatial_block,9,4,0.489477276802063,0.12849162011173185
movi_c_v14_00,spatial_block,9,5,0.5818065404891968,0.055865921787709494
movi_c_v14_00,spatial_block,9,6,0.4155294895172119,0.027932960893854747
movi_c_v14_00,spatial_block,9,7,0.41876786947250366,0.00558659217877095
movi_c_v14_00,spatial_block,9,8,0.48774147033691406,0.11731843575418995
movi_c_v14_00,spatial_block,9,9,1.0000001192092896,1.0
movi_c_v14_00,spatial_block,9,10,0.6575426459312439,0.1787709497206704
movi_c_v14_00,spatial_block,9,11,0.5071757435798645,0.061452513966480445
movi_c_v14_00,spatial_block,9,12,0.5277808308601379,0.055865921787709494
movi_c_v14_00,spatial_block,10,1,0.22481168806552887,0.00558659217877095
movi_c_v14_00,spatial_block,10,2,0.19288073480129242,0.0
movi_c_v14_00,spatial_block,10,3,0.19139698147773743,0.0111731843575419
movi_c_v14_00,spatial_block,10,4,0.3345799148082733,0.061452513966480445
movi_c_v14_00,spatial_block,10,5,0.46289244294166565,0.0335195530726257
movi_c_v14_00,spatial_block,10,6,0.11966237425804138,0.00558659217877095
movi_c_v14_00,spatial_block,10,7,0.15938019752502441,0.0
movi_c_v14_00,spatial_block,10,8,0.6955921649932861,0.441340782122905
movi_c_v14_00,spatial_block,10,9,0.6575426459312439,0.1787709497206704
movi_c_v14_00,spatial_block,10,10,0.9999999403953552,1.0
movi_c_v14_00,spatial_block,10,11,0.3457033634185791,0.00558659217877095
movi_c_v14_00,spatial_block,10,12,0.23690593242645264,0.0
movi_c_v14_00,spatial_block,11,1,0.5698280930519104,0.16759776536312848
movi_c_v14_00,spatial_block,11,2,0.473927766084671,0.12849162011173185
movi_c_v14_00,spatial_block,11,3,0.41777628660202026,0.0335195530726257
movi_c_v14_00,spatial_block,11,4,0.4112681448459625,0.11173184357541899
movi_c_v14_00,spatial_block,11,5,0.5039690136909485,0.07262569832402235
movi_c_v14_00,spatial_block,11,6,0.5096340179443359,0.0670391061452514
movi_c_v14_00,spatial_block,11,7,0.5631500482559204,0.21787709497206703
movi_c_v14_00,spatial_block,11,8,0.3341681957244873,0.0446927374301676
movi_c_v14_00,spatial_block,11,9,0.5071757435798645,0.061452513966480445
movi_c_v14_00,spatial_block,11,10,0.3457033634185791,0.00558659217877095
movi_c_v14_00,spatial_block,11,11,1.0000001192092896,1.0
movi_c_v14_00,spatial_block,11,12,0.6294436454772949,0.1787709497206704
movi_c_v14_00,spatial_block,12,1,0.5330007076263428,0.15083798882681565
movi_c_v14_00,spatial_block,12,2,0.6352490782737732,0.2346368715083799
movi_c_v14_00,spatial_block,12,3,0.6500439643859863,0.2737430167597765
movi_c_v14_00,spatial_block,12,4,0.4694708287715912,0.0893854748603352
movi_c_v14_00,spatial_block,12,5,0.6975828409194946,0.2905027932960894
movi_c_v14_00,spatial_block,12,6,0.7131352424621582,0.2681564245810056
movi_c_v14_00,spatial_block,12,7,0.7448284029960632,0.3854748603351955
movi_c_v14_00,spatial_block,12,8,0.30283603072166443,0.00558659217877095
movi_c_v14_00,spatial_block,12,9,0.5277808308601379,0.055865921787709494
movi_c_v14_00,spatial_block,12,10,0.23690593242645264,0.0
movi_c_v14_00,spatial_block,12,11,0.6294436454772949,0.1787709497206704
movi_c_v14_00,spatial_block,12,12,1.0000001192092896,1.0
movi_c_v14_00,spatial_scattered,1,1,1.0,1.0
movi_c_v14_00,spatial_scattered,1,2,0.4996565580368042,0.1564245810055866
movi_c_v14_00,spatial_scattered,1,3,0.495882511138916,0.19553072625698323
movi_c_v14_00,spatial_scattered,1,4,0.39157184958457947,0.07262569832402235
movi_c_v14_00,spatial_scattered,1,5,0.39103761315345764,0.0446927374301676
movi_c_v14_00,spatial_scattered,1,6,0.25142091512680054,0.0446927374301676
movi_c_v14_00,spatial_scattered,1,7,0.28527894616127014,0.027932960893854747
movi_c_v14_00,spatial_scattered,1,8,0.39936861395835876,0.0893854748603352
movi_c_v14_00,spatial_scattered,1,9,0.32278144359588623,0.0446927374301676
movi_c_v14_00,spatial_scattered,1,10,0.4653441607952118,0.10614525139664804
movi_c_v14_00,spatial_scattered,1,11,0.2564564645290375,0.0670391061452514
movi_c_v14_00,spatial_scattered,1,12,0.3465532660484314,0.08379888268156424
movi_c_v14_00,spatial_scattered,2,1,0.4996565580368042,0.1564245810055866
movi_c_v14_00,spatial_scattered,2,2,1.0,1.0
movi_c_v14_00,spatial_scattered,2,3,0.7586544752120972,0.4022346368715084
movi_c_v14_00,spatial_scattered,2,4,0.28478631377220154,0.0
movi_c_v14_00,spatial_scattered,2,5,0.4493752419948578,0.0782122905027933
movi_c_v14_00,spatial_scattered,2,6,0.3601178228855133,0.0782122905027933
movi_c_v14_00,spatial_scattered,2,7,0.16147911548614502,0.01675977653631285
movi_c_v14_00,spatial_scattered,2,8,0.5877173542976379,0.2569832402234637
movi_c_v14_00,spatial_scattered,2,9,0.37050870060920715,0.07262569832402235
movi_c_v14_00,spatial_scattered,2,10,0.5753148794174194,0.11731843575418995
movi_c_v14_00,spatial_scattered,2,11,0.12967321276664734,0.00558659217877095
movi_c_v14_00,spatial_scattered,2,12,0.2047443389892578,0.0
movi_c_v14_00,spatial_scattered,3,1,0.495882511138916,0.19553072625698323
movi_c_v14_00,spatial_scattered,3,2,0.7586544752120972,0.4022346368715084
movi_c_v14_00,spatial_scattered,3,3,1.0000001192092896,1.0
movi_c_v14_00,spatial_scattered,3,4,0.3242553770542145,0.0
movi_c_v14_00,spatial_scattered,3,5,0.49061572551727295,0.0335195530726257
movi_c_v14_00,spatial_scattered,3,6,0.3568895757198334,0.0893854748603352
movi_c_v14_00,spatial_scattered,3,7,0.1127311959862709,0.0
movi_c_v14_00,spatial_scattered,3,8,0.7481937408447266,0.37988826815642457
movi_c_v14_00,spatial_scattered,3,9,0.46451300382614136,0.09497206703910614
movi_c_v14_00,spatial_scattered,3,10,0.7232943773269653,0.26256983240223464
movi_c_v14_00,spatial_scattered,3,11,0.14503611624240875,0.0
movi_c_v14_00,spatial_scattered,3,12,0.19486847519874573,0.0
movi_c_v14_00,spatial_scattered,4,1,0.39157184958457947,0.07262569832402235
movi_c_v14_00,spatial_scattered,4,2,0.28478631377220154,0.0
movi_c_v14_00,spatial_scattered,4,3,0.3242553770542145,0.0
movi_c_v14_00,spatial_scattered,4,4,1.0000001192092896,1.0
movi_c_v14_00,spatial_scattered,4,5,0.48121339082717896,0.01675977653631285
movi_c_v14_00,spatial_scattered,4,6,0.27430158853530884,0.0223463687150838
movi_c_v14_00,spatial_scattered,4,7,0.46104392409324646,0.10614525139664804
movi_c_v14_00,spatial_scattered,4,8,0.3169274628162384,0.0
movi_c_v14_00,spatial_scattered,4,9,0.4818041920661926,0.12290502793296089
movi_c_v14_00,spatial_scattered,4,10,0.511420726776123,0.03910614525139665
movi_c_v14_00,spatial_scattered,4,11,0.6017617583274841,0.18435754189944134
movi_c_v14_00,spatial_scattered,4,12,0.5792879462242126,0.19553072625698323
movi_c_v14_00,spatial_scattered,5,1,0.39103761315345764,0.0446927374301676
movi_c_v14_00,spatial_scattered,5,2,0.4493752419948578,0.0782122905027933
movi_c_v14_00,spatial_scattered,5,3,0.49061572551727295,0.0335195530726257
movi_c_v14_00,spatial_scattered,5,4,0.48121339082717896,0.01675977653631285
movi_c_v14_00,spatial_scattered,5,5,1.0,1.0
movi_c_v14_00,spatial_scattered,5,6,0.5671214461326599,0.26256983240223464
movi_c_v14_00,spatial_scattered,5,7,0.5378777980804443,0.2122905027932961
movi_c_v14_00,spatial_scattered,5,8,0.4868820309638977,0.11173184357541899
movi_c_v14_00,spatial_scattered,5,9,0.38079291582107544,0.027932960893854747
movi_c_v14_00,spatial_scattered,5,10,0.5188309550285339,0.08379888268156424
movi_c_v14_00,spatial_scattered,5,11,0.46192240715026855,0.055865921787709494
movi_c_v14_00,spatial_scattered,5,12,0.5572541952133179,0.0893854748603352
movi_c_v14_00,spatial_scattered,6,1,0.25142091512680054,0.0446927374301676
movi_c_v14_00,spatial_scattered,6,2,0.3601178228855133,0.0782122905027933
movi_c_v14_00,spatial_scattered,6,3,0.3568895757198334,0.0893854748603352
movi_c_v14_00,spatial_scattered,6,4,0.27430158853530884,0.0223463687150838
movi_c_v14_00,spatial_scattered,6,5,0.5671214461326599,0.26256983240223464
movi_c_v14_00,spatial_scattered,6,6,0.9999999403953552,1.0
movi_c_v14_00,spatial_scattered,6,7,0.6393669843673706,0.2905027932960894
movi_c_v14_00,spatial_scattered,6,8,0.2933526635169983,0.027932960893854747
movi_c_v14_00,spatial_scattered,6,9,0.28249725699424744,0.01675977653631285
movi_c_v14_00,spatial_scattered,6,10,0.24900242686271667,0.0335195530726257
movi_c_v14_00,spatial_scattered,6,11,0.3418755531311035,0.0446927374301676
movi_c_v14_00,spatial_scattered,6,12,0.5289897322654724,0.061452513966480445
movi_c_v14_00,spatial_scattered,7,1,0.28527894616127014,0.027932960893854747
movi_c_v14_00,spatial_scattered,7,2,0.16147911548614502,0.01675977653631285
movi_c_v14_00,spatial_scattered,7,3,0.1127311959862709,0.0
movi_c_v14_00,spatial_scattered,7,4,0.46104392409324646,0.10614525139664804
movi_c_v14_00,spatial_scattered,7,5,0.5378777980804443,0.2122905027932961
movi_c_v14_00,spatial_scattered,7,6,0.6393669843673706,0.2905027932960894
movi_c_v14_00,spatial_scattered,7,7,1.0,1.0
movi_c_v14_00,spatial_scattered,7,8,0.12020553648471832,0.0
movi_c_v14_00,spatial_scattered,7,9,0.2675936222076416,0.00558659217877095
movi_c_v14_00,spatial_scattered,7,10,0.11370736360549927,0.0
movi_c_v14_00,spatial_scattered,7,11,0.5970175862312317,0.12849162011173185
movi_c_v14_00,spatial_scattered,7,12,0.8019411563873291,0.24581005586592178
movi_c_v14_00,spatial_scattered,8,1,0.39936861395835876,0.0893854748603352
movi_c_v14_00,spatial_scattered,8,2,0.5877173542976379,0.2569832402234637
movi_c_v14_00,spatial_scattered,8,3,0.7481937408447266,0.37988826815642457
movi_c_v14_00,spatial_scattered,8,4,0.3169274628162384,0.0
movi_c_v14_00,spatial_scattered,8,5,0.4868820309638977,0.11173184357541899
movi_c_v14_00,spatial_scattered,8,6,0.2933526635169983,0.027932960893854747
movi_c_v14_00,spatial_scattered,8,7,0.12020553648471832,0.0
movi_c_v14_00,spatial_scattered,8,8,0.9999998807907104,1.0
movi_c_v14_00,spatial_scattered,8,9,0.3865862488746643,0.12290502793296089
movi_c_v14_00,spatial_scattered,8,10,0.7770905494689941,0.4245810055865922
movi_c_v14_00,spatial_scattered,8,11,0.14835910499095917,0.0
movi_c_v14_00,spatial_scattered,8,12,0.18272754549980164,0.00558659217877095
movi_c_v14_00,spatial_scattered,9,1,0.32278144359588623,0.0446927374301676
movi_c_v14_00,spatial_scattered,9,2,0.37050870060920715,0.07262569832402235
movi_c_v14_00,spatial_scattered,9,3,0.46451300382614136,0.09497206703910614
movi_c_v14_00,spatial_scattered,9,4,0.4818041920661926,0.12290502793296089
movi_c_v14_00,spatial_scattered,9,5,0.38079291582107544,0.027932960893854747
movi_c_v14_00,spatial_scattered,9,6,0.28249725699424744,0.01675977653631285
movi_c_v14_00,spatial_scattered,9,7,0.2675936222076416,0.00558659217877095
movi_c_v14_00,spatial_scattered,9,8,0.3865862488746643,0.12290502793296089
movi_c_v14_00,spatial_scattered,9,9,1.0,1.0
movi_c_v14_00,spatial_scattered,9,10,0.6222637295722961,0.2011173184357542
movi_c_v14_00,spatial_scattered,9,11,0.479430615901947,0.1564245810055866
movi_c_v14_00,spatial_scattered,9,12,0.3703129291534424,0.055865921787709494
movi_c_v14_00,spatial_scattered,10,1,0.4653441607952118,0.10614525139664804
movi_c_v14_00,spatial_scattered,10,2,0.5753148794174194,0.11731843575418995
movi_c_v14_00,spatial_scattered,10,3,0.7232943773269653,0.26256983240223464
movi_c_v14_00,spatial_scattered,10,4,0.511420726776123,0.03910614525139665
movi_c_v14_00,spatial_scattered,10,5,0.5188309550285339,0.08379888268156424
movi_c_v14_00,spatial_scattered,10,6,0.24900242686271667,0.0335195530726257
movi_c_v14_00,spatial_scattered,10,7,0.11370736360549927,0.0
movi_c_v14_00,spatial_scattered,10,8,0.7770905494689941,0.4245810055865922
movi_c_v14_00,spatial_scattered,10,9,0.6222637295722961,0.2011173184357542
movi_c_v14_00,spatial_scattered,10,10,1.0000001192092896,1.0
movi_c_v14_00,spatial_scattered,10,11,0.29631656408309937,0.01675977653631285
movi_c_v14_00,spatial_scattered,10,12,0.222591370344162,0.0
movi_c_v14_00,spatial_scattered,11,1,0.2564564645290375,0.0670391061452514
movi_c_v14_00,spatial_scattered,11,2,0.12967321276664734,0.00558659217877095
movi_c_v14_00,spatial_scattered,11,3,0.14503611624240875,0.0
movi_c_v14_00,spatial_scattered,11,4,0.6017617583274841,0.18435754189944134
movi_c_v14_00,spatial_scattered,11,5,0.46192240715026855,0.055865921787709494
movi_c_v14_00,spatial_scattered,11,6,0.3418755531311035,0.0446927374301676
movi_c_v14_00,spatial_scattered,11,7,0.5970175862312317,0.12849162011173185
movi_c_v14_00,spatial_scattered,11,8,0.14835910499095917,0.0
movi_c_v14_00,spatial_scattered,11,9,0.479430615901947,0.1564245810055866
movi_c_v14_00,spatial_scattered,11,10,0.29631656408309937,0.01675977653631285
movi_c_v14_00,spatial_scattered,11,11,1.0,1.0
movi_c_v14_00,spatial_scattered,11,12,0.7260040044784546,0.26256983240223464
movi_c_v14_00,spatial_scattered,12,1,0.3465532660484314,0.08379888268156424
movi_c_v14_00,spatial_scattered,12,2,0.2047443389892578,0.0
movi_c_v14_00,spatial_scattered,12,3,0.19486847519874573,0.0
movi_c_v14_00,spatial_scattered,12,4,0.5792879462242126,0.19553072625698323
movi_c_v14_00,spatial_scattered,12,5,0.5572541952133179,0.0893854748603352
movi_c_v14_00,spatial_scattered,12,6,0.5289897322654724,0.061452513966480445
movi_c_v14_00,spatial_scattered,12,7,0.8019411563873291,0.24581005586592178
movi_c_v14_00,spatial_scattered,12,8,0.18272754549980164,0.00558659217877095
movi_c_v14_00,spatial_scattered,12,9,0.3703129291534424,0.055865921787709494
movi_c_v14_00,spatial_scattered,12,10,0.222591370344162,0.0
movi_c_v14_00,spatial_scattered,12,11,0.7260040044784546,0.26256983240223464
movi_c_v14_00,spatial_scattered,12,12,0.9999998807907104,1.0
movi_c_v14_00,temporal_back,1,1,1.0,1.0
movi_c_v14_00,temporal_back,1,2,0.4786514341831207,0.1340782122905028
movi_c_v14_00,temporal_back,1,3,0.4851490557193756,0.1787709497206704
movi_c_v14_00,temporal_back,1,4,0.6592988967895508,0.08379888268156424
movi_c_v14_00,temporal_back,1,5,0.6064812541007996,0.1787709497206704
movi_c_v14_00,temporal_back,1,6,0.42626914381980896,0.07262569832402235
movi_c_v14_00,temporal_back,1,7,0.615485668182373,0.21787709497206703
movi_c_v14_00,temporal_back,1,8,0.4267590045928955,0.0335195530726257
movi_c_v14_00,temporal_back,1,9,0.46484097838401794,0.0893854748603352
movi_c_v14_00,temporal_back,1,10,0.5840609669685364,0.055865921787709494
movi_c_v14_00,temporal_back,1,11,0.5468836426734924,0.05027932960893855
movi_c_v14_00,temporal_back,1,12,0.5667702555656433,0.1005586592178771
movi_c_v14_00,temporal_back,2,1,0.4786514341831207,0.1340782122905028
movi_c_v14_00,temporal_back,2,2,1.0,1.0
movi_c_v14_00,temporal_back,2,3,0.7509405016899109,0.37988826815642457
movi_c_v14_00,temporal_back,2,4,0.41637179255485535,0.0
movi_c_v14_00,temporal_back,2,5,0.4687851667404175,0.11731843575418995
movi_c_v14_00,temporal_back,2,6,0.42848774790763855,0.1005586592178771
movi_c_v14_00,temporal_back,2,7,0.3377024233341217,0.01675977653631285
movi_c_v14_00,temporal_back,2,8,0.3772548735141754,0.027932960893854747
movi_c_v14_00,temporal_back,2,9,0.40601837635040283,0.055865921787709494
movi_c_v14_00,temporal_back,2,10,0.41067102551460266,0.01675977653631285
movi_c_v14_00,temporal_back,2,11,0.47939005494117737,0.05027932960893855
movi_c_v14_00,temporal_back,2,12,0.44324859976768494,0.05027932960893855
movi_c_v14_00,temporal_back,3,1,0.4851490557193756,0.1787709497206704
movi_c_v14_00,temporal_back,3,2,0.7509405016899109,0.37988826815642457
movi_c_v14_00,temporal_back,3,3,1.0000001192092896,1.0
movi_c_v14_00,temporal_back,3,4,0.43148499727249146,0.0
movi_c_v14_00,temporal_back,3,5,0.42770642042160034,0.1005586592178771
movi_c_v14_00,temporal_back,3,6,0.4721473157405853,0.1340782122905028
movi_c_v14_00,temporal_back,3,7,0.3161460757255554,0.0
movi_c_v14_00,temporal_back,3,8,0.4972204566001892,0.11173184357541899
movi_c_v14_00,temporal_back,3,9,0.3539150059223175,0.061452513966480445
movi_c_v14_00,temporal_back,3,10,0.4550725519657135,0.0223463687150838
movi_c_v14_00,temporal_back,3,11,0.4646340012550354,0.061452513966480445
movi_c_v14_00,temporal_back,3,12,0.4330911636352539,0.03910614525139665
movi_c_v14_00,temporal_back,4,1,0.6592988967895508,0.08379888268156424
movi_c_v14_00,temporal_back,4,2,0.41637179255485535,0.0
movi_c_v14_00,temporal_back,4,3,0.43148499727249146,0.0
movi_c_v14_00,temporal_back,4,4,1.0,1.0
movi_c_v14_00,temporal_back,4,5,0.6416110396385193,0.0893854748603352
movi_c_v14_00,temporal_back,4,6,0.5647522807121277,0.1452513966480447
movi_c_v14_00,temporal_back,4,7,0.7598624229431152,0.24022346368715083
movi_c_v14_00,temporal_back,4,8,0.640328049659729,0.01675977653631285
movi_c_v14_00,temporal_back,4,9,0.7534270882606506,0.2737430167597765
movi_c_v14_00,temporal_back,4,10,0.7987596392631531,0.22346368715083798
movi_c_v14_00,temporal_back,4,11,0.7706377506256104,0.2011173184357542
movi_c_v14_00,temporal_back,4,12,0.7721343040466309,0.3240223463687151
movi_c_v14_00,temporal_back,5,1,0.6064812541007996,0.1787709497206704
movi_c_v14_00,temporal_back,5,2,0.4687851667404175,0.11731843575418995
movi_c_v14_00,temporal_back,5,3,0.42770642042160034,0.1005586592178771
movi_c_v14_00,temporal_back,5,4,0.6416110396385193,0.0893854748603352
movi_c_v14_00,temporal_back,5,5,1.0,1.0
movi_c_v14_00,temporal_back,5,6,0.5069311857223511,0.1787709497206704
movi_c_v14_00,temporal_back,5,7,0.5538183450698853,0.16759776536312848
movi_c_v14_00,temporal_back,5,8,0.5145843029022217,0.0782122905027933
movi_c_v14_00,temporal_back,5,9,0.5165585875511169,0.10614525139664804
movi_c_v14_00,temporal_back,5,10,0.6466546654701233,0.13966480446927373
movi_c_v14_00,temporal_back,5,11,0.6010474562644958,0.13966480446927373
movi_c_v14_00,temporal_back,5,12,0.5498216152191162,0.07262569832402235
movi_c_v14_00,temporal_back,6,1,0.42626914381980896,0.07262569832402235
movi_c_v14_00,temporal_back,6,2,0.42848774790763855,0.1005586592178771
movi_c_v14_00,temporal_back,6,3,0.4721473157405853,0.1340782122905028
movi_c_v14_00,temporal_back,6,4,0.5647522807121277,0.1452513966480447
movi_c_v14_00,temporal_back,6,5,0.5069311857223511,0.1787709497206704
movi_c_v14_00,temporal_back,6,6,1.0000001192092896,1.0
movi_c_v14_00,temporal_back,6,7,0.5139773488044739,0.29608938547486036
movi_c_v14_00,temporal_back,6,8,0.37457138299942017,0.05027932960893855
movi_c_v14_00,temporal_back,6,9,0.4583919644355774,0.1005586592178771
movi_c_v14_00,temporal_back,6,10,0.5130838751792908,0.0893854748603352
movi_c_v14_00,temporal_back,6,11,0.5484321713447571,0.24022346368715083
movi_c_v14_00,temporal_back,6,12,0.5868194699287415,0.30726256983240224
movi_c_v14_00,temporal_back,7,1,0.615485668182373,0.21787709497206703
movi_c_v14_00,temporal_back,7,2,0.3377024233341217,0.01675977653631285
movi_c_v14_00,temporal_back,7,3,0.3161460757255554,0.0
movi_c_v14_00,temporal_back,7,4,0.7598624229431152,0.24022346368715083
movi_c_v14_00,temporal_back,7,5,0.5538183450698853,0.16759776536312848
movi_c_v14_00,temporal_back,7,6,0.5139773488044739,0.29608938547486036
movi_c_v14_00,temporal_back,7,7,1.0,1.0
movi_c_v14_00,temporal_back,7,8,0.3977060914039612,0.027932960893854747
movi_c_v14_00,temporal_back,7,9,0.6212052702903748,0.2346368715083799
movi_c_v14_00,temporal_back,7,10,0.5377392768859863,0.03910614525139665
movi_c_v14_00,temporal_back,7,11,0.7195781469345093,0.3575418994413408
movi_c_v14_00,temporal_back,7,12,0.7189950346946716,0.36312849162011174
movi_c_v14_00,temporal_back,8,1,0.4267590045928955,0.0335195530726257
movi_c_v14_00,temporal_back,8,2,0.3772548735141754,0.027932960893854747
movi_c_v14_00,temporal_back,8,3,0.4972204566001892,0.11173184357541899
movi_c_v14_00,temporal_back,8,4,0.640328049659729,0.01675977653631285
movi_c_v14_00,temporal_back,8,5,0.5145843029022217,0.0782122905027933
movi_c_v14_00,temporal_back,8,6,0.37457138299942017,0.05027932960893855
movi_c_v14_00,temporal_back,8,7,0.3977060914039612,0.027932960893854747
movi_c_v14_00,temporal_back,8,8,1.0,1.0
movi_c_v14_00,temporal_back,8,9,0.5197731256484985,0.01675977653631285
movi_c_v14_00,temporal_back,8,10,0.7280838489532471,0.12290502793296089
movi_c_v14_00,temporal_back,8,11,0.4913492202758789,0.0
movi_c_v14_00,temporal_back,8,12,0.45852503180503845,0.027932960893854747
movi_c_v14_00,temporal_back,9,1,0.46484097838401794,0.0893854748603352
movi_c_v14_00,temporal_back,9,2,0.40601837635040283,0.055865921787709494
movi_c_v14_00,temporal_back,9,3,0.3539150059223175,0.061452513966480445
movi_c_v14_00,temporal_back,9,4,0.7534270882606506,0.2737430167597765
movi_c_v14_00,temporal_back,9,5,0.5165585875511169,0.10614525139664804
movi_c_v14_00,temporal_back,9,6,0.4583919644355774,0.1005586592178771
movi_c_v14_00,temporal_back,9,7,0.6212052702903748,0.2346368715083799
movi_c_v14_00,temporal_back,9,8,0.5197731256484985,0.01675977653631285
movi_c_v14_00,temporal_back,9,9,1.0000001192092896,1.0
movi_c_v14_00,temporal_back,9,10,0.6812583208084106,0.16201117318435754
movi_c_v14_00,temporal_back,9,11,0.6432203054428101,0.22346368715083798
movi_c_v14_00,temporal_back,9,12,0.5668860673904419,0.1787709497206704
movi_c_v14_00,temporal_back,10,1,0.5840609669685364,0.055865921787709494
movi_c_v14_00,temporal_back,10,2,0.41067102551460266,0.01675977653631285
movi_c_v14_00,temporal_back,10,3,0.4550725519657135,0.0223463687150838
movi_c_v14_00,temporal_back,10,4,0.7987596392631531,0.22346368715083798
movi_c_v14_00,temporal_back,10,5,0.6466546654701233,0.13966480446927373
movi_c_v14_00,temporal_back,10,6,0.5130838751792908,0.0893854748603352
movi_c_v14_00,temporal_back,10,7,0.5377392768859863,0.03910614525139665
movi_c_v14_00,temporal_back,10,8,0.7280838489532471,0.12290502793296089
movi_c_v14_00,temporal_back,10,9,0.6812583208084106,0.16201117318435754
movi_c_v14_00,temporal_back,10,10,0.9999998807907104,1.0
movi_c_v14_00,temporal_back,10,11,0.6599760055541992,0.0446927374301676
movi_c_v14_00,temporal_back,10,12,0.5843340754508972,0.0782122905027933
movi_c_v14_00,temporal_back,11,1,0.5468836426734924,0.05027932960893855
movi_c_v14_00,temporal_back,11,2,0.47939005494117737,0.05027932960893855
movi_c_v14_00,temporal_back,11,3,0.4646340012550354,0.061452513966480445
movi_c_v14_00,temporal_back,11,4,0.7706377506256104,0.2011173184357542
movi_c_v14_00,temporal_back,11,5,0.6010474562644958,0.13966480446927373
movi_c_v14_00,temporal_back,11,6,0.5484321713447571,0.24022346368715083
movi_c_v14_00,temporal_back,11,7,0.7195781469345093,0.3575418994413408
movi_c_v14_00,temporal_back,11,8,0.4913492202758789,0.0
movi_c_v14_00,temporal_back,11,9,0.6432203054428101,0.22346368715083798
movi_c_v14_00,temporal_back,11,10,0.6599760055541992,0.0446927374301676
movi_c_v14_00,temporal_back,11,11,1.0,1.0
movi_c_v14_00,temporal_back,11,12,0.7309044003486633,0.3854748603351955
movi_c_v14_00,temporal_back,12,1,0.5667702555656433,0.1005586592178771
movi_c_v14_00,temporal_back,12,2,0.44324859976768494,0.05027932960893855
movi_c_v14_00,temporal_back,12,3,0.4330911636352539,0.03910614525139665
movi_c_v14_00,temporal_back,12,4,0.7721343040466309,0.3240223463687151
movi_c_v14_00,temporal_back,12,5,0.5498216152191162,0.07262569832402235
movi_c_v14_00,temporal_back,12,6,0.5868194699287415,0.30726256983240224
movi_c_v14_00,temporal_back,12,7,0.7189950346946716,0.36312849162011174
movi_c_v14_00,temporal_back,12,8,0.45852503180503845,0.027932960893854747
movi_c_v14_00,temporal_back,12,9,0.5668860673904419,0.1787709497206704
movi_c_v14_00,temporal_back,12,10,0.5843340754508972,0.0782122905027933
movi_c_v14_00,temporal_back,12,11,0.7309044003486633,0.3854748603351955
movi_c_v14_00,temporal_back,12,12,0.9999999403953552,1.0
movi_c_v14_00,temporal_front,1,1,0.9999998807907104,1.0
movi_c_v14_00,temporal_front,1,2,0.4486781358718872,0.16759776536312848
movi_c_v14_00,temporal_front,1,3,0.5446341633796692,0.25139664804469275
movi_c_v14_00,temporal_front,1,4,0.02261829935014248,
movi_c_v14_00,temporal_front,1,5,0.5753481984138489,0.25139664804469275
movi_c_v14_00,temporal_front,1,6,0.44527626037597656,0.0893854748603352
movi_c_v14_00,temporal_front,1,7,0.3060629367828369,0.0670391061452514
movi_c_v14_00,temporal_front,1,8,0.4146157205104828,0.11731843575418995
movi_c_v14_00,temporal_front,1,9,0.3894072473049164,0.1005586592178771
movi_c_v14_00,temporal_front,1,10,0.5269269347190857,0.12849162011173185
movi_c_v14_00,temporal_front,1,11,0.36615586280822754,0.0782122905027933
movi_c_v14_00,temporal_front,1,12,0.4094640612602234,0.1340782122905028
movi_c_v14_00,temporal_front,2,1,0.4486781358718872,0.16759776536312848
movi_c_v14_00,temporal_front,2,2,1.0,1.0
movi_c_v14_00,temporal_front,2,3,0.48523929715156555,0.1787709497206704
movi_c_v14_00,temporal_front,2,4,0.141384556889534,
movi_c_v14_00,temporal_front,2,5,0.24951735138893127,0.0335195530726257
movi_c_v14_00,temporal_front,2,6,0.5593125224113464,0.10614525139664804
movi_c_v14_00,temporal_front,2,7,0.5398256182670593,0.24581005586592178
movi_c_v14_00,temporal_front,2,8,0.3844694197177887,0.1005586592178771
movi_c_v14_00,temporal_front,2,9,0.4864763617515564,0.1005586592178771
movi_c_v14_00,temporal_front,2,10,0.3598549962043762,0.03910614525139665
movi_c_v14_00,temporal_front,2,11,0.34469544887542725,0.061452513966480445
movi_c_v14_00,temporal_front,2,12,0.6045148968696594,0.22346368715083798
movi_c_v14_00,temporal_front,3,1,0.5446341633796692,0.25139664804469275
movi_c_v14_00,temporal_front,3,2,0.48523929715156555,0.1787709497206704
movi_c_v14_00,temporal_front,3,3,1.0,1.0
movi_c_v14_00,temporal_front,3,4,0.10704456269741058,
movi_c_v14_00,temporal_front,3,5,0.40711545944213867,0.20670391061452514
movi_c_v14_00,temporal_front,3,6,0.39937880635261536,0.0893854748603352
movi_c_v14_00,temporal_front,3,7,0.34427890181541443,0.12849162011173185
movi_c_v14_00,temporal_front,3,8,0.34773823618888855,0.11173184357541899
movi_c_v14_00,temporal_front,3,9,0.3193260729312897,0.09497206703910614
movi_c_v14_00,temporal_front,3,10,0.37635019421577454,0.0335195530726257
movi_c_v14_00,temporal_front,3,11,0.20901715755462646,0.0335195530726257
movi_c_v14_00,temporal_front,3,12,0.4151737093925476,0.18994413407821228
movi_c_v14_00,temporal_front,4,1,0.02261829935014248,
movi_c_v14_00,temporal_front,4,2,0.141384556889534,
movi_c_v14_00,temporal_front,4,3,0.10704456269741058,
movi_c_v14_00,temporal_front,4,4,0.9999999403953552,
movi_c_v14_00,temporal_front,4,5,0.05124744772911072,
movi_c_v14_00,temporal_front,4,6,0.08483560383319855,
movi_c_v14_00,temporal_front,4,7,0.17949408292770386,
movi_c_v14_00,temporal_front,4,8,0.058610569685697556,
movi_c_v14_00,temporal_front,4,9,0.10247749835252762,
movi_c_v14_00,temporal_front,4,10,0.034556370228528976,
movi_c_v14_00,temporal_front,4,11,0.057082399725914,
movi_c_v14_00,temporal_front,4,12,0.18049027025699615,
movi_c_v14_00,temporal_front,5,1,0.5753481984138489,0.25139664804469275
movi_c_v14_00,temporal_front,5,2,0.24951735138893127,0.0335195530726257
movi_c_v14_00,temporal_front,5,3,0.40711545944213867,0.20670391061452514
movi_c_v14_00,temporal_front,5,4,0.05124744772911072,
movi_c_v14_00,temporal_front,5,5,1.0,1.0
movi_c_v14_00,temporal_front,5,6,0.4339277148246765,0.11173184357541899
movi_c_v14_00,temporal_front,5,7,0.27948805689811707,0.08379888268156424
movi_c_v14_00,temporal_front,5,8,0.43216627836227417,0.1340782122905028
movi_c_v14_00,temporal_front,5,9,0.2932066023349762,0.0782122905027933
movi_c_v14_00,temporal_front,5,10,0.5577267408370972,0.11731843575418995
movi_c_v14_00,temporal_front,5,11,0.2789227366447449,0.05027932960893855
movi_c_v14_00,temporal_front,5,12,0.29781559109687805,0.1005586592178771
movi_c_v14_00,temporal_front,6,1,0.44527626037597656,0.0893854748603352
movi_c_v14_00,temporal_front,6,2,0.5593125224113464,0.10614525139664804
movi_c_v14_00,temporal_front,6,3,0.39937880635261536,0.0893854748603352
movi_c_v14_00,temporal_front,6,4,0.08483560383319855,
movi_c_v14_00,temporal_front,6,5,0.4339277148246765,0.11173184357541899
movi_c_v14_00,temporal_front,6,6,1.0000001192092896,1.0
movi_c_v14_00,temporal_front,6,7,0.44916895031929016,0.11731843575418995
movi_c_v14_00,temporal_front,6,8,0.46276354789733887,0.09497206703910614
movi_c_v14_00,temporal_front,6,9,0.5177550911903381,0.18994413407821228
movi_c_v14_00,temporal_front,6,10,0.4782695174217224,0.0893854748603352
movi_c_v14_00,temporal_front,6,11,0.3238581418991089,0.055865921787709494
movi_c_v14_00,temporal_front,6,12,0.5426048636436462,0.1787709497206704
movi_c_v14_00,temporal_front,7,1,0.3060629367828369,0.0670391061452514
movi_c_v14_00,temporal_front,7,2,0.5398256182670593,0.24581005586592178
movi_c_v14_00,temporal_front,7,3,0.34427890181541443,0.12849162011173185
movi_c_v14_00,temporal_front,7,4,0.17949408292770386,
movi_c_v14_00,temporal_front,7,5,0.27948805689811707,0.08379888268156424
movi_c_v14_00,temporal_front,7,6,0.44916895031929016,0.11731843575418995
movi_c_v14_00,temporal_front,7,7,1.0,1.0
movi_c_v14_00,temporal_front,7,8,0.163640558719635,0.01675977653631285
movi_c_v14_00,temporal_front,7,9,0.617739737033844,0.29608938547486036
movi_c_v14_00,temporal_front,7,10,0.14204293489456177,0.0
movi_c_v14_00,temporal_front,7,11,0.46822619438171387,0.22905027932960895
movi_c_v14_00,temporal_front,7,12,0.7593536376953125,0.4581005586592179
movi_c_v14_00,temporal_front,8,1,0.4146157205104828,0.11731843575418995
movi_c_v14_00,temporal_front,8,2,0.3844694197177887,0.1005586592178771
movi_c_v14_00,temporal_front,8,3,0.34773823618888855,0.11173184357541899
movi_c_v14_00,temporal_front,8,4,0.058610569685697556,
movi_c_v14_00,temporal_front,8,5,0.43216627836227417,0.1340782122905028
movi_c_v14_00,temporal_front,8,6,0.46276354789733887,0.09497206703910614
movi_c_v14_00,temporal_front,8,7,0.163640558719635,0.01675977653631285
movi_c_v14_00,temporal_front,8,8,1.0000001192092896,1.0
movi_c_v14_00,temporal_front,8,9,0.3004302382469177,0.0782122905027933
movi_c_v14_00,temporal_front,8,10,0.5969083309173584,0.19553072625698323
movi_c_v14_00,temporal_front,8,11,0.22621393203735352,0.0111731843575419
movi_c_v14_00,temporal_front,8,12,0.2900319993495941,0.0223463687150838
movi_c_v14_00,temporal_front,9,1,0.3894072473049164,0.1005586592178771
movi_c_v14_00,temporal_front,9,2,0.4864763617515564,0.1005586592178771
movi_c_v14_00,temporal_front,9,3,0.3193260729312897,0.09497206703910614
movi_c_v14_00,temporal_front,9,4,0.10247749835252762,
movi_c_v14_00,temporal_front,9,5,0.2932066023349762,0.0782122905027933
movi_c_v14_00,temporal_front,9,6,0.5177550911903381,0.18994413407821228
movi_c_v14_00,temporal_front,9,7,0.617739737033844,0.29608938547486036
movi_c_v14_00,temporal_front,9,8,0.3004302382469177,0.0782122905027933
movi_c_v14_00,temporal_front,9,9,1.0,1.0
movi_c_v14_00,temporal_front,9,10,0.2895383834838867,0.00558659217877095
movi_c_v14_00,temporal_front,9,11,0.43442749977111816,0.16759776536312848
movi_c_v14_00,temporal_front,9,12,0.5477721691131592,0.2681564245810056
movi_c_v14_00,temporal_front,10,1,0.5269269347190857,0.12849162011173185
movi_c_v14_00,temporal_front,10,2,0.3598549962043762,0.03910614525139665
movi_c_v14_00,temporal_front,10,3,0.37635019421577454,0.0335195530726257
movi_c_v14_00,temporal_front,10,4,0.034556370228528976,
movi_c_v14_00,temporal_front,10,5,0.5577267408370972,0.11731843575418995
movi_c_v14_00,temporal_front,10,6,0.4782695174217224,0.0893854748603352
movi_c_v14_00,temporal_front,10,7,0.14204293489456177,0.0
movi_c_v14_00,temporal_front,10,8,0.5969083309173584,0.19553072625698323
movi_c_v14_00,temporal_front,10,9,0.2895383834838867,0.00558659217877095
movi_c_v14_00,temporal_front,10,10,1.0,1.0
movi_c_v14_00,temporal_front,10,11,0.43146342039108276,0.09497206703910614
movi_c_v14_00,temporal_front,10,12,0.1571672558784485,0.0
movi_c_v14_00,temporal_front,11,1,0.36615586280822754,0.0782122905027933
movi_c_v14_00,temporal_front,11,2,0.34469544887542725,0.061452513966480445
movi_c_v14_00,temporal_front,11,3,0.20901715755462646,0.0335195530726257
movi_c_v14_00,temporal_front,11,4,0.057082399725914,
movi_c_v14_00,temporal_front,11,5,0.2789227366447449,0.05027932960893855
movi_c_v14_00,temporal_front,11,6,0.3238581418991089,0.055865921787709494
movi_c_v14_00,temporal_front,11,7,0.46822619438171387,0.22905027932960895
movi_c_v14_00,temporal_front,11,8,0.22621393203735352,0.0111731843575419
movi_c_v14_00,temporal_front,11,9,0.43442749977111816,0.16759776536312848
movi_c_v14_00,temporal_front,11,10,0.43146342039108276,0.09497206703910614
movi_c_v14_00,temporal_front,11,11,1.0,1.0
movi_c_v14_00,temporal_front,11,12,0.3576977849006653,0.11173184357541899
movi_c_v14_00,temporal_front,12,1,0.4094640612602234,0.1340782122905028
movi_c_v14_00,temporal_front,12,2,0.6045148968696594,0.22346368715083798
movi_c_v14_00,temporal_front,12,3,0.4151737093925476,0.18994413407821228
movi_c_v14_00,temporal_front,12,4,0.18049027025699615,
movi_c_v14_00,temporal_front,12,5,0.29781559109687805,0.1005586592178771
movi_c_v14_00,temporal_front,12,6,0.5426048636436462,0.1787709497206704
movi_c_v14_00,temporal_front,12,7,0.7593536376953125,0.4581005586592179
movi_c_v14_00,temporal_front,12,8,0.2900319993495941,0.0223463687150838
movi_c_v14_00,temporal_front,12,9,0.5477721691131592,0.2681564245810056
movi_c_v14_00,temporal_front,12,10,0.1571672558784485,0.0
movi_c_v14_00,temporal_front,12,11,0.3576977849006653,0.11173184357541899
movi_c_v14_00,temporal_front,12,12,0.9999999403953552,1.0
movi_c_v14_00,temporal_middle,1,1,0.9999998807907104,1.0
movi_c_v14_00,temporal_middle,1,2,0.1464335024356842,0.05027932960893855
movi_c_v14_00,temporal_middle,1,3,0.04819784313440323,0.0
movi_c_v14_00,temporal_middle,1,4,0.22228923439979553,0.027932960893854747
movi_c_v14_00,temporal_middle,1,5,0.5202708840370178,0.29608938547486036
movi_c_v14_00,temporal_middle,1,6,0.17393065989017487,0.0446927374301676
movi_c_v14_00,temporal_middle,1,7,0.27229952812194824,0.0670391061452514
movi_c_v14_00,temporal_middle,1,8,0.15747453272342682,0.0335195530726257
movi_c_v14_00,temporal_middle,1,9,0.13630729913711548,0.0
movi_c_v14_00,temporal_middle,1,10,0.45943254232406616,0.21787709497206703
movi_c_v14_00,temporal_middle,1,11,0.25562402606010437,0.0782122905027933
movi_c_v14_00,temporal_middle,1,12,0.4223480224609375,0.19553072625698323
movi_c_v14_00,temporal_middle,2,1,0.1464335024356842,0.05027932960893855
movi_c_v14_00,temporal_middle,2,2,1.0,1.0
movi_c_v14_00,temporal_middle,2,3,0.5409876704216003,0.19553072625698323
movi_c_v14_00,temporal_middle,2,4,0.7077720761299133,0.30726256983240224
movi_c_v14_00,temporal_middle,2,5,0.15989352762699127,0.0
movi_c_v14_00,temporal_middle,2,6,0.5027341246604919,0.16201117318435754
movi_c_v14_00,temporal_middle,2,7,0.3770052492618561,0.11173184357541899
movi_c_v14_00,temporal_middle,2,8,0.2669089734554291,0.05027932960893855
movi_c_v14_00,temporal_middle,2,9,0.4784700274467468,0.09497206703910614
movi_c_v14_00,temporal_middle,2,10,0.16351522505283356,0.0223463687150838
movi_c_v14_00,temporal_middle,2,11,0.47590312361717224,0.1787709497206704
movi_c_v14_00,temporal_middle,2,12,0.4973544180393219,0.1340782122905028
movi_c_v14_00,temporal_middle,3,1,0.04819784313440323,0.0
movi_c_v14_00,temporal_middle,3,2,0.5409876704216003,0.19553072625698323
movi_c_v14_00,temporal_middle,3,3,1.0000001192092896,1.0
movi_c_v14_00,temporal_middle,3,4,0.5201979875564575,0.1564245810055866
movi_c_v14_00,temporal_middle,3,5,0.09086932241916656,0.0
movi_c_v14_00,temporal_middle,3,6,0.20222005248069763,0.0670391061452514
movi_c_v14_00,temporal_middle,3,7,0.30213192105293274,0.09497206703910614
movi_c_v14_00,temporal_middle,3,8,0.28589677810668945,0.1005586592178771
movi_c_v14_00,temporal_middle,3,9,0.3945225179195404,0.0670391061452514
movi_c_v14_00,temporal_middle,3,10,0.14402888715267181,0.0223463687150838
movi_c_v14_00,temporal_middle,3,11,0.3725317120552063,0.0782122905027933
movi_c_v14_00,temporal_middle,3,12,0.3263233006000519,0.03910614525139665
movi_c_v14_00,temporal_middle,4,1,0.22228923439979553,0.027932960893854747
movi_c_v14_00,temporal_middle,4,2,0.7077720761299133,0.30726256983240224
movi_c_v14_00,temporal_middle,4,3,0.5201979875564575,0.1564245810055866
movi_c_v14_00,temporal_middle,4,4,1.0,1.0
movi_c_v14_00,temporal_middle,4,5,0.262398898601532,0.0111731843575419
movi_c_v14_00,temporal_middle,4,6,0.3196994960308075,0.0670391061452514
movi_c_v14_00,temporal_middle,4,7,0.3743920922279358,0.01675977653631285
movi_c_v14_00,temporal_middle,4,8,0.4887741208076477,0.19553072625698323
movi_c_v14_00,temporal_middle,4,9,0.5142644643783569,0.08379888268156424
movi_c_v14_00,temporal_middle,4,10,0.4699207842350006,0.18435754189944134
movi_c_v14_00,temporal_middle,4,11,0.6374275088310242,0.19553072625698323
movi_c_v14_00,temporal_middle,4,12,0.4702710211277008,0.05027932960893855
movi_c_v14_00,temporal_middle,5,1,0.5202708840370178,0.29608938547486036
movi_c_v14_00,temporal_middle,5,2,0.15989352762699127,0.0
movi_c_v14_00,temporal_middle,5,3,0.09086932241916656,0.0
movi_c_v14_00,temporal_middle,5,4,0.262398898601532,0.0111731843575419
movi_c_v14_00,temporal_middle,5,5,1.0,1.0
movi_c_v14_00,temporal_middle,5,6,0.4396505057811737,0.1787709497206704
movi_c_v14_00,temporal_middle,5,7,0.44087010622024536,0.15083798882681565
movi_c_v14_00,temporal_middle,5,8,0.2896340489387512,0.061452513966480445
movi_c_v14_00,temporal_middle,5,9,0.36566054821014404,0.0670391061452514
movi_c_v14_00,temporal_middle,5,10,0.48571497201919556,0.1340782122905028
movi_c_v14_00,temporal_middle,5,11,0.45481255650520325,0.11173184357541899
movi_c_v14_00,temporal_middle,5,12,0.5393331050872803,0.16201117318435754
movi_c_v14_00,temporal_middle,6,1,0.17393065989017487,0.0446927374301676
movi_c_v14_00,temporal_middle,6,2,0.5027341246604919,0.16201117318435754
movi_c_v14_00,temporal_middle,6,3,0.20222005248069763,0.0670391061452514
movi_c_v14_00,temporal_middle,6,4,0.3196994960308075,0.0670391061452514
movi_c_v14_00,temporal_middle,6,5,0.4396505057811737,0.1787709497206704
movi_c_v14_00,temporal_middle,6,6,0.9999998807907104,1.0
movi_c_v14_00,temporal_middle,6,7,0.42309677600860596,0.18435754189944134
movi_c_v14_00,temporal_middle,6,8,0.28770866990089417,0.13966480446927373
movi_c_v14_00,temporal_middle,6,9,0.41580930352211,0.09497206703910614
movi_c_v14_00,temporal_middle,6,10,0.16030018031597137,0.01675977653631285
movi_c_v14_00,temporal_middle,6,11,0.4075945317745209,0.10614525139664804
movi_c_v14_00,temporal_middle,6,12,0.39816150069236755,0.0782122905027933
movi_c_v14_00,temporal_middle,7,1,0.27229952812194824,0.0670391061452514
movi_c_v14_00,temporal_middle,7,2,0.3770052492618561,0.11173184357541899
movi_c_v14_00,temporal_middle,7,3,0.30213192105293274,0.09497206703910614
movi_c_v14_00,temporal_middle,7,4,0.3743920922279358,0.01675977653631285
movi_c_v14_00,temporal_middle,7,5,0.44087010622024536,0.15083798882681565
movi_c_v14_00,temporal_middle,7,6,0.42309677600860596,0.18435754189944134
movi_c_v14_00,temporal_middle,7,7,1.0,1.0
movi_c_v14_00,temporal_middle,7,8,0.10676613450050354,0.0
movi_c_v14_00,temporal_middle,7,9,0.6366466879844666,0.3128491620111732
movi_c_v14_00,temporal_middle,7,10,0.13818341493606567,0.0111731843575419
movi_c_v14_00,temporal_middle,7,11,0.5336869955062866,0.1787709497206704
movi_c_v14_00,temporal_middle,7,12,0.6565062999725342,0.2905027932960894
movi_c_v14_00,temporal_middle,8,1,0.15747453272342682,0.0335195530726257
movi_c_v14_00,temporal_middle,8,2,0.2669089734554291,0.05027932960893855
movi_c_v14_00,temporal_middle,8,3,0.28589677810668945,0.1005586592178771
movi_c_v14_00,temporal_middle,8,4,0.4887741208076477,0.19553072625698323
movi_c_v14_00,temporal_middle,8,5,0.2896340489387512,0.061452513966480445
movi_c_v14_00,temporal_middle,8,6,0.28770866990089417,0.13966480446927373
movi_c_v14_00,temporal_middle,8,7,0.10676613450050354,0.0
movi_c_v14_00,temporal_middle,8,8,1.0,1.0
movi_c_v14_00,temporal_middle,8,9,0.32012030482292175,0.0670391061452514
movi_c_v14_00,temporal_middle,8,10,0.6193788051605225,0.3463687150837989
movi_c_v14_00,temporal_middle,8,11,0.3561084568500519,0.0670391061452514
movi_c_v14_00,temporal_middle,8,12,0.17139701545238495,0.0
movi_c_v14_00,temporal_middle,9,1,0.13630729913711548,0.0
movi_c_v14_00,temporal_middle,9,2,0.4784700274467468,0.09497206703910614
movi_c_v14_00,temporal_middle,9,3,0.3945225179195404,0.0670391061452514
movi_c_v14_00,temporal_middle,9,4,0.5142644643783569,0.08379888268156424
movi_c_v14_00,temporal_middle,9,5,0.36566054821014404,0.0670391061452514
movi_c_v14_00,temporal_middle,9,6,0.41580930352211,0.09497206703910614
movi_c_v14_00,temporal_middle,9,7,0.6366466879844666,0.3128491620111732
movi_c_v14_00,temporal_middle,9,8,0.32012030482292175,0.0670391061452514
movi_c_v14_00,temporal_middle,9,9,1.0000001192092896,1.0
movi_c_v14_00,temporal_middle,9,10,0.21614351868629456,0.01675977653631285
movi_c_v14_00,temporal_middle,9,11,0.5738384127616882,0.12290502793296089
movi_c_v14_00,temporal_middle,9,12,0.6081629395484924,0.16201117318435754
movi_c_v14_00,temporal_middle,10,1,0.45943254232406616,0.21787709497206703
movi_c_v14_00,temporal_middle,10,2,0.16351522505283356,0.0223463687150838
movi_c_v14_00,temporal_middle,10,3,0.14402888715267181,0.0223463687150838
movi_c_v14_00,temporal_middle,10,4,0.4699207842350006,0.18435754189944134
movi_c_v14_00,temporal_middle,10,5,0.48571497201919556,0.1340782122905028
movi_c_v14_00,temporal_middle,10,6,0.16030018031597137,0.01675977653631285
movi_c_v14_00,temporal_middle,10,7,0.13818341493606567,0.0111731843575419
movi_c_v14_00,temporal_middle,10,8,0.6193788051605225,0.3463687150837989
movi_c_v14_00,temporal_middle,10,9,0.21614351868629456,0.01675977653631285
movi_c_v14_00,temporal_middle,10,10,0.9999999403953552,1.0
movi_c_v14_00,temporal_middle,10,11,0.34808221459388733,0.0335195530726257
movi_c_v14_00,temporal_middle,10,12,0.2516161799430847,0.0111731843575419
movi_c_v14_00,temporal_middle,11,1,0.25562402606010437,0.0782122905027933
movi_c_v14_00,temporal_middle,11,2,0.47590312361717224,0.1787709497206704
movi_c_v14_00,temporal_middle,11,3,0.3725317120552063,0.0782122905027933
movi_c_v14_00,temporal_middle,11,4,0.6374275088310242,0.19553072625698323
movi_c_v14_00,temporal_middle,11,5,0.45481255650520325,0.11173184357541899
movi_c_v14_00,temporal_middle,11,6,0.4075945317745209,0.10614525139664804
movi_c_v14_00,temporal_middle,11,7,0.5336869955062866,0.1787709497206704
movi_c_v14_00,temporal_middle,11,8,0.3561084568500519,0.0670391061452514
movi_c_v14_00,temporal_middle,11,9,0.5738384127616882,0.12290502793296089
movi_c_v14_00,temporal_middle,11,10,0.34808221459388733,0.0335195530726257
movi_c_v14_00,temporal_middle,11,11,1.0000001192092896,1.0
movi_c_v14_00,temporal_middle,11,12,0.6124403476715088,0.11173184357541899
movi_c_v14_00,temporal_middle,12,1,0.4223480224609375,0.19553072625698323
movi_c_v14_00,temporal_middle,12,2,0.4973544180393219,0.1340782122905028
movi_c_v14_00,temporal_middle,12,3,0.3263233006000519,0.03910614525139665
movi_c_v14_00,temporal_middle,12,4,0.4702710211277008,0.05027932960893855
movi_c_v14_00,temporal_middle,12,5,0.5393331050872803,0.16201117318435754
movi_c_v14_00,temporal_middle,12,6,0.39816150069236755,0.0782122905027933
movi_c_v14_00,temporal_middle,12,7,0.6565062999725342,0.2905027932960894
movi_c_v14_00,temporal_middle,12,8,0.17139701545238495,0.0
movi_c_v14_00,temporal_middle,12,9,0.6081629395484924,0.16201117318435754
movi_c_v14_00,temporal_middle,12,10,0.2516161799430847,0.0111731843575419
movi_c_v14_00,temporal_middle,12,11,0.6124403476715088,0.11173184357541899
movi_c_v14_00,temporal_middle,12,12,1.0000001192092896,1.0
movi_c_v14_01,spatial_block,1,1,1.0000001192092896,1.0
movi_c_v14_01,spatial_block,1,2,0.6468724608421326,0.1564245810055866
movi_c_v14_01,spatial_block,1,3,0.5568643808364868,0.12849162011173185
movi_c_v14_01,spatial_block,1,4,0.7039754986763,0.18435754189944134
movi_c_v14_01,spatial_block,1,5,0.5617523789405823,0.17318435754189945
movi_c_v14_01,spatial_block,1,6,0.4860403537750244,0.10614525139664804
movi_c_v14_01,spatial_block,1,7,0.5920931100845337,0.24022346368715083
movi_c_v14_01,spatial_block,1,8,0.4348163902759552,0.0446927374301676
movi_c_v14_01,spatial_block,1,9,0.5693565607070923,0.1452513966480447
movi_c_v14_01,spatial_block,1,10,0.23852218687534332,0.00558659217877095
movi_c_v14_01,spatial_block,1,11,0.6510639786720276,0.0893854748603352
movi_c_v14_01,spatial_block,1,12,0.5936492681503296,0.12290502793296089
movi_c_v14_01,spatial_block,2,1,0.6468724608421326,0.1564245810055866
movi_c_v14_01,spatial_block,2,2,0.9999999403953552,1.0
movi_c_v14_01,spatial_block,2,3,0.7697452902793884,0.39664804469273746
movi_c_v14_01,spatial_block,2,4,0.6840469837188721,0.16201117318435754
movi_c_v14_01,spatial_block,2,5,0.5961850881576538,0.18435754189944134
movi_c_v14_01,spatial_block,2,6,0.3359493315219879,0.0335195530726257
movi_c_v14_01,spatial_block,2,7,0.4595726430416107,0.0446927374301676
movi_c_v14_01,spatial_block,2,8,0.5070499181747437,0.061452513966480445
movi_c_v14_01,spatial_block,2,9,0.5648342370986938,0.10614525139664804
movi_c_v14_01,spatial_block,2,10,0.35842442512512207,0.0223463687150838
movi_c_v14_01,spatial_block,2,11,0.6551530361175537,0.12849162011173185
movi_c_v14_01,spatial_block,2,12,0.6266108155250549,0.17318435754189945
movi_c_v14_01,spatial_block,3,1,0.5568643808364868,0.12849162011173185
movi_c_v14_01,spatial_block,3,2,0.7697452902793884,0.39664804469273746
movi_c_v14_01,spatial_block,3,3,1.0000001192092896,1.0
movi_c_v14_01,spatial_block,3,4,0.6384060382843018,0.12849162011173185
movi_c_v14_01,spatial_block,3,5,0.5119102597236633,0.1340782122905028
movi_c_v14_01,spatial_block,3,6,0.41567257046699524,0.061452513966480445
movi_c_v14_01,spatial_block,3,7,0.339151531457901,0.01675977653631285
movi_c_v14_01,spatial_block,3,8,0.6227288246154785,0.15083798882681565
movi_c_v14_01,spatial_block,3,9,0.4635510742664337,0.055865921787709494
movi_c_v14_01,spatial_block,3,10,0.46816468238830566,0.11173184357541899
movi_c_v14_01,spatial_block,3,11,0.5673591494560242,0.09497206703910614
movi_c_v14_01,spatial_block,3,12,0.576716423034668,0.13966480446927373
movi_c_v14_01,spatial_block,4,1,0.7039754986763,0.18435754189944134
movi_c_v14_01,spatial_block,4,2,0.6840469837188721,0.16201117318435754
movi_c_v14_01,spatial_block,4,3,0.6384060382843018,0.12849162011173185
movi_c_v14_01,spatial_block,4,4,1.0000001192092896,1.0
movi_c_v14_01,spatial_block,4,5,0.5830492973327637,0.0893854748603352
movi_c_v14_01,spatial_block,4,6,0.5601077079772949,0.16201117318435754
movi_c_v14_01,spatial_block,4,7,0.6158342957496643,0.21787709497206703
movi_c_v14_01,spatial_block,4,8,0.6252598166465759,0.10614525139664804
movi_c_v14_01,spatial_block,4,9,0.6413188576698303,0.16201117318435754
movi_c_v14_01,spatial_block,4,10,0.4793204069137573,0.0223463687150838
movi_c_v14_01,spatial_block,4,11,0.7815863490104675,0.10614525139664804
movi_c_v14_01,spatial_block,4,12,0.7193319797515869,0.1340782122905028
movi_c_v14_01,spatial_block,5,1,0.5617523789405823,0.17318435754189945
movi_c_v14_01,spatial_block,5,2,0.5961850881576538,0.18435754189944134
movi_c_v14_01,spatial_block,5,3,0.5119102597236633,0.1340782122905028
movi_c_v14_01,spatial_block,5,4,0.5830492973327637,0.0893854748603352
movi_c_v14_01,spatial_block,5,5,0.9999999403953552,1.0
movi_c_v14_01,spatial_block,5,6,0.2940959334373474,0.055865921787709494
movi_c_v14_01,spatial_block,5,7,0.3326535224914551,0.01675977653631285
movi_c_v14_01,spatial_block,5,8,0.465120792388916,0.055865921787709494
movi_c_v14_01,spatial_block,5,9,0.4688932001590729,0.03910614525139665
movi_c_v14_01,spatial_block,5,10,0.4203398823738098,0.0335195530726257
movi_c_v14_01,spatial_block,5,11,0.617802083492279,0.11173184357541899
movi_c_v14_01,spatial_block,5,12,0.5541964173316956,0.1005586592178771
movi_c_v14_01,spatial_block,6,1,0.4860403537750244,0.10614525139664804
movi_c_v14_01,spatial_block,6,2,0.3359493315219879,0.0335195530726257
movi_c_v14_01,spatial_block,6,3,0.41567257046699524,0.061452513966480445
movi_c_v14_01,spatial_block,6,4,0.5601077079772949,0.16201117318435754
movi_c_v14_01,spatial_block,6,5,0.2940959334373474,0.055865921787709494
movi_c_v14_01,spatial_block,6,6,1.0,1.0
movi_c_v14_01,spatial_block,6,7,0.564673900604248,0.22905027932960895
movi_c_v14_01,spatial_block,6,8,0.36295580863952637,0.0670391061452514
movi_c_v14_01,spatial_block,6,9,0.3313809633255005,0.061452513966480445
movi_c_v14_01,spatial_block,6,10,0.16682858765125275,0.01675977653631285
movi_c_v14_01,spatial_block,6,11,0.439830482006073,0.0446927374301676
movi_c_v14_01,spatial_block,6,12,0.5402867794036865,0.1564245810055866
movi_c_v14_01,spatial_block,7,1,0.5920931100845337,0.24022346368715083
movi_c_v14_01,spatial_block,7,2,0.4595726430416107,0.0446927374301676
movi_c_v14_01,spatial_block,7,3,0.339151531457901,0.01675977653631285
movi_c_v14_01,spatial_block,7,4,0.6158342957496643,0.21787709497206703
movi_c_v14_01,spatial_block,7,5,0.3326535224914551,0.01675977653631285
movi_c_v14_01,spatial_block,7,6,0.564673900604248,0.22905027932960895
movi_c_v14_01,spatial_block,7,7,0.9999999403953552,1.0
movi_c_v14_01,spatial_block,7,8,0.3246971368789673,0.01675977653631285
movi_c_v14_01,spatial_block,7,9,0.5981394052505493,0.25139664804469275
movi_c_v14_01,spatial_block,7,10,0.19647327065467834,0.00558659217877095
movi_c_v14_01,spatial_block,7,11,0.563900351524353,0.0893854748603352
movi_c_v14_01,spatial_block,7,12,0.6216124892234802,0.20670391061452514
movi_c_v14_01,spatial_block,8,1,0.4348163902759552,0.0446927374301676
movi_c_v14_01,spatial_block,8,2,0.5070499181747437,0.061452513966480445
movi_c_v14_01,spatial_block,8,3,0.6227288246154785,0.15083798882681565
movi_c_v14_01,spatial_block,8,4,0.6252598166465759,0.10614525139664804
movi_c_v14_01,spatial_block,8,5,0.465120792388916,0.055865921787709494
movi_c_v14_01,spatial_block,8,6,0.36295580863952637,0.0670391061452514
movi_c_v14_01,spatial_block,8,7,0.3246971368789673,0.01675977653631285
movi_c_v14_01,spatial_block,8,8,0.9999998807907104,1.0
movi_c_v14_01,spatial_block,8,9,0.5354015827178955,0.11173184357541899
movi_c_v14_01,spatial_block,8,10,0.7133514881134033,0.39106145251396646
movi_c_v14_01,spatial_block,8,11,0.6058527231216431,0.061452513966480445
movi_c_v14_01,spatial_block,8,12,0.4990689754486084,0.05027932960893855
movi_c_v14_01,spatial_block,9,1,0.5693565607070923,0.1452513966480447
movi_c_v14_01,spatial_block,9,2,0.5648342370986938,0.10614525139664804
movi_c_v14_01,spatial_block,9,3,0.4635510742664337,0.055865921787709494
movi_c_v14_01,spatial_block,9,4,0.6413188576698303,0.16201117318435754
movi_c_v14_01,spatial_block,9,5,0.4688932001590729,0.03910614525139665
movi_c_v14_01,spatial_block,9,6,0.3313809633255005,0.061452513966480445
movi_c_v14_01,spatial_block,9,7,0.5981394052505493,0.25139664804469275
movi_c_v14_01,spatial_block,9,8,0.5354015827178955,0.11173184357541899
movi_c_v14_01,spatial_block,9,9,0.9999998807907104,1.0
movi_c_v14_01,spatial_block,9,10,0.46243399381637573,0.0670391061452514
movi_c_v14_01,spatial_block,9,11,0.6362243890762329,0.0782122905027933
movi_c_v14_01,spatial_block,9,12,0.5791086554527283,0.1340782122905028
movi_c_v14_01,spatial_block,10,1,0.23852218687534332,0.00558659217877095
movi_c_v14_01,spatial_block,10,2,0.35842442512512207,0.0223463687150838
movi_c_v14_01,spatial_block,10,3,0.46816468238830566,0.11173184357541899
movi_c_v14_01,spatial_block,10,4,0.4793204069137573,0.0223463687150838
movi_c_v14_01,spatial_block,10,5,0.4203398823738098,0.0335195530726257
movi_c_v14_01,spatial_block,10,6,0.16682858765125275,0.01675977653631285
movi_c_v14_01,spatial_block,10,7,0.19647327065467834,0.00558659217877095
movi_c_v14_01,spatial_block,10,8,0.7133514881134033,0.39106145251396646
movi_c_v14_01,spatial_block,10,9,0.46243399381637573,0.0670391061452514
movi_c_v14_01,spatial_block,10,10,1.0,1.0
movi_c_v14_01,spatial_block,10,11,0.5004023313522339,0.055865921787709494
movi_c_v14_01,spatial_block,10,12,0.3897809088230133,0.027932960893854747
movi_c_v14_01,spatial_block,11,1,0.6510639786720276,0.0893854748603352
movi_c_v14_01,spatial_block,11,2,0.6551530361175537,0.12849162011173185
movi_c_v14_01,spatial_block,11,3,0.5673591494560242,0.09497206703910614
movi_c_v14_01,spatial_block,11,4,0.7815863490104675,0.10614525139664804
movi_c_v14_01,spatial_block,11,5,0.617802083492279,0.11173184357541899
movi_c_v14_01,spatial_block,11,6,0.439830482006073,0.0446927374301676
movi_c_v14_01,spatial_block,11,7,0.563900351524353,0.0893854748603352
movi_c_v14_01,spatial_block,11,8,0.6058527231216431,0.061452513966480445
movi_c_v14_01,spatial_block,11,9,0.6362243890762329,0.0782122905027933
movi_c_v14_01,spatial_block,11,10,0.5004023313522339,0.055865921787709494
movi_c_v14_01,spatial_block,11,11,1.0000001192092896,1.0
movi_c_v14_01,spatial_block,11,12,0.6970024108886719,0.0670391061452514
movi_c_v14_01,spatial_block,12,1,0.5936492681503296,0.12290502793296089
movi_c_v14_01,spatial_block,12,2,0.6266108155250549,0.17318435754189945
movi_c_v14_01,spatial_block,12,3,0.576716423034668,0.13966480446927373
movi_c_v14_01,spatial_block,12,4,0.7193319797515869,0.1340782122905028
movi_c_v14_01,spatial_block,12,5,0.5541964173316956,0.1005586592178771
movi_c_v14_01,spatial_block,12,6,0.5402867794036865,0.1564245810055866
movi_c_v14_01,spatial_block,12,7,0.6216124892234802,0.20670391061452514
movi_c_v14_01,spatial_block,12,8,0.4990689754486084,0.05027932960893855
movi_c_v14_01,spatial_block,12,9,0.5791086554527283,0.1340782122905028
movi_c_v14_01,spatial_block,12,10,0.3897809088230133,0.027932960893854747
movi_c_v14_01,spatial_block,12,11,0.6970024108886719,0.0670391061452514
movi_c_v14_01,spatial_block,12,12,1.0000001192092896,1.0
movi_c_v14_01,spatial_scattered,1,1,1.0000001192092896,1.0
movi_c_v14_01,spatial_scattered,1,2,0.4302566349506378,0.20670391061452514
movi_c_v14_01,spatial_scattered,1,3,0.38700637221336365,0.12290502793296089
movi_c_v14_01,spatial_scattered,1,4,0.3781604468822479,0.055865921787709494
movi_c_v14_01,spatial_scattered,1,5,0.371557354927063,0.1005586592178771
movi_c_v14_01,spatial_scattered,1,6,0.3944794237613678,0.25139664804469275
movi_c_v14_01,spatial_scattered,1,7,0.24815994501113892,0.01675977653631285
movi_c_v14_01,spatial_scattered,1,8,0.27641987800598145,0.09497206703910614
movi_c_v14_01,spatial_scattered,1,9,0.22843004763126373,0.0446927374301676
movi_c_v14_01,spatial_scattered,1,10,0.35822823643684387,0.1452513966480447
movi_c_v14_01,spatial_scattered,1,11,0.16992364823818207,0.01675977653631285
movi_c_v14_01,spatial_scattered,1,12,0.2893381118774414,0.09497206703910614
movi_c_v14_01,spatial_scattered,2,1,0.4302566349506378,0.20670391061452514
movi_c_v14_01,spatial_scattered,2,2,0.9999999403953552,1.0
movi_c_v14_01,spatial_scattered,2,3,0.641940176486969,0.27932960893854747
movi_c_v14_01,spatial_scattered,2,4,0.39244598150253296,0.00558659217877095
movi_c_v14_01,spatial_scattered,2,5,0.4472927749156952,0.0782122905027933
movi_c_v14_01,spatial_scattered,2,6,0.23806758224964142,0.0223463687150838
movi_c_v14_01,spatial_scattered,2,7,0.237070694565773,0.0446927374301676
movi_c_v14_01,spatial_scattered,2,8,0.4697817862033844,0.16201117318435754
movi_c_v14_01,spatial_scattered,2,9,0.2891397476196289,0.0782122905027933
movi_c_v14_01,spatial_scattered,2,10,0.5518670678138733,0.22346368715083798
movi_c_v14_01,spatial_scattered,2,11,0.17158694565296173,0.0
movi_c_v14_01,spatial_scattered,2,12,0.33343052864074707,0.05027932960893855
movi_c_v14_01,spatial_scattered,3,1,0.38700637221336365,0.12290502793296089
movi_c_v14_01,spatial_scattered,3,2,0.641940176486969,0.27932960893854747
movi_c_v14_01,spatial_scattered,3,3,1.0000001192092896,1.0
movi_c_v14_01,spatial_scattered,3,4,0.49396035075187683,0.0111731843575419
movi_c_v14_01,spatial_scattered,3,5,0.5662489533424377,0.16201117318435754
movi_c_v14_01,spatial_scattered,3,6,0.21825170516967773,0.01675977653631285
movi_c_v14_01,spatial_scattered,3,7,0.14490468800067902,0.0
movi_c_v14_01,spatial_scattered,3,8,0.6075204610824585,0.22346368715083798
movi_c_v14_01,spatial_scattered,3,9,0.4204375445842743,0.07262569832402235
movi_c_v14_01,spatial_scattered,3,10,0.6627622842788696,0.1787709497206704
movi_c_v14_01,spatial_scattered,3,11,0.2541864514350891,0.0223463687150838
movi_c_v14_01,spatial_scattered,3,12,0.30038148164749146,0.0335195530726257
movi_c_v14_01,spatial_scattered,4,1,0.3781604468822479,0.055865921787709494
movi_c_v14_01,spatial_scattered,4,2,0.39244598150253296,0.00558659217877095
movi_c_v14_01,spatial_scattered,4,3,0.49396035075187683,0.0111731843575419
movi_c_v14_01,spatial_scattered,4,4,0.9999998807907104,1.0
movi_c_v14_01,spatial_scattered,4,5,0.7059392929077148,0.05027932960893855
movi_c_v14_01,spatial_scattered,4,6,0.5091755986213684,0.027932960893854747
movi_c_v14_01,spatial_scattered,4,7,0.5416290163993835,0.09497206703910614
movi_c_v14_01,spatial_scattered,4,8,0.5070636868476868,0.05027932960893855
movi_c_v14_01,spatial_scattered,4,9,0.6887701153755188,0.16201117318435754
movi_c_v14_01,spatial_scattered,4,10,0.6096135377883911,0.0
movi_c_v14_01,spatial_scattered,4,11,0.8015452027320862,0.29608938547486036
movi_c_v14_01,spatial_scattered,4,12,0.6447810530662537,0.08379888268156424
movi_c_v14_01,spatial_scattered,5,1,0.371557354927063,0.1005586592178771
movi_c_v14_01,spatial_scattered,5,2,0.4472927749156952,0.0782122905027933
movi_c_v14_01,spatial_scattered,5,3,0.5662489533424377,0.16201117318435754
movi_c_v14_01,spatial_scattered,5,4,0.7059392929077148,0.05027932960893855
movi_c_v14_01,spatial_scattered,5,5,1.0,1.0
movi_c_v14_01,spatial_scattered,5,6,0.5563014149665833,0.2569832402234637
movi_c_v14_01,spatial_scattered,5,7,0.42845022678375244,0.05027932960893855
movi_c_v14_01,spatial_scattered,5,8,0.5065352320671082,0.0782122905027933
movi_c_v14_01,spatial_scattered,5,9,0.4144401550292969,0.027932960893854747
movi_c_v14_01,spatial_scattered,5,10,0.5662473440170288,0.08379888268156424
movi_c_v14_01,spatial_scattered,5,11,0.5039010643959045,0.0782122905027933
movi_c_v14_01,spatial_scattered,5,12,0.5029399991035461,0.10614525139664804
movi_c_v14_01,spatial_scattered,6,1,0.3944794237613678,0.25139664804469275
movi_c_v14_01,spatial_scattered,6,2,0.23806758224964142,0.0223463687150838
movi_c_v14_01,spatial_scattered,6,3,0.21825170516967773,0.01675977653631285
movi_c_v14_01,spatial_scattered,6,4,0.5091755986213684,0.027932960893854747
movi_c_v14_01,spatial_scattered,6,5,0.5563014149665833,0.2569832402234637
movi_c_v14_01,spatial_scattered,6,6,1.0,1.0
movi_c_v14_01,spatial_scattered,6,7,0.6030373573303223,0.1787709497206704
movi_c_v14_01,spatial_scattered,6,8,0.22494277358055115,0.027932960893854747
movi_c_v14_01,spatial_scattered,6,9,0.2707674503326416,0.05027932960893855
movi_c_v14_01,spatial_scattered,6,10,0.2412855476140976,0.061452513966480445
movi_c_v14_01,spatial_scattered,6,11,0.36089736223220825,0.0335195530726257
movi_c_v14_01,spatial_scattered,6,12,0.5363301634788513,0.0670391061452514
movi_c_v14_01,spatial_scattered,7,1,0.24815994501113892,0.01675977653631285
movi_c_v14_01,spatial_scattered,7,2,0.237070694565773,0.0446927374301676
movi_c_v14_01,spatial_scattered,7,3,0.14490468800067902,0.0
movi_c_v14_01,spatial_scattered,7,4,0.5416290163993835,0.09497206703910614
movi_c_v14_01,spatial_scattered,7,5,0.42845022678375244,0.05027932960893855
movi_c_v14_01,spatial_scattered,7,6,0.6030373573303223,0.1787709497206704
movi_c_v14_01,spatial_scattered,7,7,1.0,1.0
movi_c_v14_01,spatial_scattered,7,8,0.22087949514389038,0.0111731843575419
movi_c_v14_01,spatial_scattered,7,9,0.3422551453113556,0.05027932960893855
movi_c_v14_01,spatial_scattered,7,10,0.09715508669614792,0.0
movi_c_v14_01,spatial_scattered,7,11,0.5037122368812561,0.09497206703910614
movi_c_v14_01,spatial_scattered,7,12,0.7371734976768494,0.31843575418994413
movi_c_v14_01,spatial_scattered,8,1,0.27641987800598145,0.09497206703910614
movi_c_v14_01,spatial_scattered,8,2,0.4697817862033844,0.16201117318435754
movi_c_v14_01,spatial_scattered,8,3,0.6075204610824585,0.22346368715083798
movi_c_v14_01,spatial_scattered,8,4,0.5070636868476868,0.05027932960893855
movi_c_v14_01,spatial_scattered,8,5,0.5065352320671082,0.0782122905027933
movi_c_v14_01,spatial_scattered,8,6,0.22494277358055115,0.027932960893854747
movi_c_v14_01,spatial_scattered,8,7,0.22087949514389038,0.0111731843575419
movi_c_v14_01,spatial_scattered,8,8,1.0,1.0
movi_c_v14_01,spatial_scattered,8,9,0.3954339027404785,0.0782122905027933
movi_c_v14_01,spatial_scattered,8,10,0.6756768226623535,0.31843575418994413
movi_c_v14_01,spatial_scattered,8,11,0.27965062856674194,0.05027932960893855
movi_c_v14_01,spatial_scattered,8,12,0.29160258173942566,0.03910614525139665
movi_c_v14_01,spatial_scattered,9,1,0.22843004763126373,0.0446927374301676
movi_c_v14_01,spatial_scattered,9,2,0.2891397476196289,0.0782122905027933
movi_c_v14_01,spatial_scattered,9,3,0.4204375445842743,0.07262569832402235
movi_c_v14_01,spatial_scattered,9,4,0.6887701153755188,0.16201117318435754
movi_c_v14_01,spatial_scattered,9,5,0.4144401550292969,0.027932960893854747
movi_c_v14_01,spatial_scattered,9,6,0.2707674503326416,0.05027932960893855
movi_c_v14_01,spatial_scattered,9,7,0.3422551453113556,0.05027932960893855
movi_c_v14_01,spatial_scattered,9,8,0.3954339027404785,0.0782122905027933
movi_c_v14_01,spatial_scattered,9,9,1.0000001192092896,1.0
movi_c_v14_01,spatial_scattered,9,10,0.574100136756897,0.17318435754189945
movi_c_v14_01,spatial_scattered,9,11,0.5850540995597839,0.18435754189944134
movi_c_v14_01,spatial_scattered,9,12,0.41402697563171387,0.0782122905027933
movi_c_v14_01,spatial_scattered,10,1,0.35822823643684387,0.1452513966480447
movi_c_v14_01,spatial_scattered,10,2,0.5518670678138733,0.22346368715083798
movi_c_v14_01,spatial_scattered,10,3,0.6627622842788696,0.1787709497206704
movi_c_v14_01,spatial_scattered,10,4,0.6096135377883911,0.0
movi_c_v14_01,spatial_scattered,10,5,0.5662473440170288,0.08379888268156424
movi_c_v14_01,spatial_scattered,10,6,0.2412855476140976,0.061452513966480445
movi_c_v14_01,spatial_scattered,10,7,0.09715508669614792,0.0
movi_c_v14_01,spatial_scattered,10,8,0.6756768226623535,0.31843575418994413
movi_c_v14_01,spatial_scattered,10,9,0.574100136756897,0.17318435754189945
movi_c_v14_01,spatial_scattered,10,10,0.9999999403953552,1.0
movi_c_v14_01,spatial_scattered,10,11,0.3389259874820709,0.0
movi_c_v14_01,spatial_scattered,10,12,0.22027993202209473,0.0
movi_c_v14_01,spatial_scattered,11,1,0.16992364823818207,0.01675977653631285
movi_c_v14_01,spatial_scattered,11,2,0.17158694565296173,0.0
movi_c_v14_01,spatial_scattered,11,3,0.2541864514350891,0.0223463687150838
movi_c_v14_01,spatial_scattered,11,4,0.8015452027320862,0.29608938547486036
movi_c_v14_01,spatial_scattered,11,5,0.5039010643959045,0.0782122905027933
movi_c_v14_01,spatial_scattered,11,6,0.36089736223220825,0.0335195530726257
movi_c_v14_01,spatial_scattered,11,7,0.5037122368812561,0.09497206703910614
movi_c_v14_01,spatial_scattered,11,8,0.27965062856674194,0.05027932960893855
movi_c_v14_01,spatial_scattered,11,9,0.5850540995597839,0.18435754189944134
movi_c_v14_01,spatial_scattered,11,10,0.3389259874820709,0.0
movi_c_v14_01,spatial_scattered,11,11,1.0000001192092896,1.0
movi_c_v14_01,spatial_scattered,11,12,0.6231458783149719,0.16201117318435754
movi_c_v14_01,spatial_scattered,12,1,0.2893381118774414,0.09497206703910614
movi_c_v14_01,spatial_scattered,12,2,0.33343052864074707,0.05027932960893855
movi_c_v14_01,spatial_scattered,12,3,0.30038148164749146,0.0335195530726257
movi_c_v14_01,spatial_scattered,12,4,0.6447810530662537,0.08379888268156424
movi_c_v14_01,spatial_scattered,12,5,0.5029399991035461,0.10614525139664804
movi_c_v14_01,spatial_scattered,12,6,0.5363301634788513,0.0670391061452514
movi_c_v14_01,spatial_scattered,12,7,0.7371734976768494,0.31843575418994413
movi_c_v14_01,spatial_scattered,12,8,0.29160258173942566,0.03910614525139665
movi_c_v14_01,spatial_scattered,12,9,0.41402697563171387,0.0782122905027933
movi_c_v14_01,spatial_scattered,12,10,0.22027993202209473,0.0
movi_c_v14_01,spatial_scattered,12,11,0.6231458783149719,0.16201117318435754
movi_c_v14_01,spatial_scattered,12,12,1.0,1.0
movi_c_v14_01,temporal_back,1,1,0.9999999403953552,1.0
movi_c_v14_01,temporal_back,1,2,0.4384642541408539,0.0
movi_c_v14_01,temporal_back,1,3,0.3566957712173462,0.0
movi_c_v14_01,temporal_back,1,4,0.7112922072410583,0.12849162011173185
movi_c_v14_01,temporal_back,1,5,0.4329145550727844,0.00558659217877095
movi_c_v14_01,temporal_back,1,6,0.5567445158958435,0.1005586592178771
movi_c_v14_01,temporal_back,1,7,0.7385579943656921,0.33519553072625696
movi_c_v14_01,temporal_back,1,8,0.688064455986023,0.1005586592178771
movi_c_v14_01,temporal_back,1,9,0.7669023275375366,0.19553072625698323
movi_c_v14_01,temporal_back,1,10,0.6726095080375671,0.027932960893854747
movi_c_v14_01,temporal_back,1,11,0.6881018280982971,0.0446927374301676
movi_c_v14_01,temporal_back,1,12,0.7370774149894714,0.061452513966480445
movi_c_v14_01,temporal_back,2,1,0.4384642541408539,0.0
movi_c_v14_01,temporal_back,2,2,1.0000001192092896,1.0
movi_c_v14_01,temporal_back,2,3,0.6484712958335876,0.29608938547486036
movi_c_v14_01,temporal_back,2,4,0.40582364797592163,0.0223463687150838
movi_c_v14_01,temporal_back,2,5,0.5930115580558777,0.22346368715083798
movi_c_v14_01,temporal_back,2,6,0.3745415508747101,0.07262569832402235
movi_c_v14_01,temporal_back,2,7,0.3695080280303955,0.01675977653631285
movi_c_v14_01,temporal_back,2,8,0.5056948661804199,0.0446927374301676
movi_c_v14_01,temporal_back,2,9,0.3837537467479706,0.03910614525139665
movi_c_v14_01,temporal_back,2,10,0.4280607998371124,0.055865921787709494
movi_c_v14_01,temporal_back,2,11,0.5773623585700989,0.1005586592178771
movi_c_v14_01,temporal_back,2,12,0.5411067008972168,0.1340782122905028
movi_c_v14_01,temporal_back,3,1,0.3566957712173462,0.0
movi_c_v14_01,temporal_back,3,2,0.6484712958335876,0.29608938547486036
movi_c_v14_01,temporal_back,3,3,1.0,1.0
movi_c_v14_01,temporal_back,3,4,0.5177171230316162,0.061452513966480445
movi_c_v14_01,temporal_back,3,5,0.45045849680900574,0.1005586592178771
movi_c_v14_01,temporal_back,3,6,0.3438210189342499,0.05027932960893855
movi_c_v14_01,temporal_back,3,7,0.33536896109580994,0.03910614525139665
movi_c_v14_01,temporal_back,3,8,0.5538603663444519,0.09497206703910614
movi_c_v14_01,temporal_back,3,9,0.418276309967041,0.061452513966480445
movi_c_v14_01,temporal_back,3,10,0.5207209587097168,0.061452513966480445
movi_c_v14_01,temporal_back,3,11,0.6357758045196533,0.1340782122905028
movi_c_v14_01,temporal_back,3,12,0.44612202048301697,0.09497206703910614
movi_c_v14_01,temporal_back,4,1,0.7112922072410583,0.12849162011173185
movi_c_v14_01,temporal_back,4,2,0.40582364797592163,0.0223463687150838
movi_c_v14_01,temporal_back,4,3,0.5177171230316162,0.061452513966480445
movi_c_v14_01,temporal_back,4,4,1.0000001192092896,1.0
movi_c_v14_01,temporal_back,4,5,0.37870028614997864,0.08379888268156424
movi_c_v14_01,temporal_back,4,6,0.3597174286842346,0.05027932960893855
movi_c_v14_01,temporal_back,4,7,0.5189204812049866,0.0670391061452514
movi_c_v14_01,temporal_back,4,8,0.6817458868026733,0.11731843575418995
movi_c_v14_01,temporal_back,4,9,0.6884211897850037,0.12849162011173185
movi_c_v14_01,temporal_back,4,10,0.7553480267524719,0.08379888268156424
movi_c_v14_01,temporal_back,4,11,0.7077356576919556,0.1452513966480447
movi_c_v14_01,temporal_back,4,12,0.5870222449302673,0.01675977653631285
movi_c_v14_01,temporal_back,5,1,0.4329145550727844,0.00558659217877095
movi_c_v14_01,temporal_back,5,2,0.5930115580558777,0.22346368715083798
movi_c_v14_01,temporal_back,5,3,0.45045849680900574,0.1005586592178771
movi_c_v14_01,temporal_back,5,4,0.37870028614997864,0.08379888268156424
movi_c_v14_01,temporal_back,5,5,1.0,1.0
movi_c_v14_01,temporal_back,5,6,0.45369023084640503,0.19553072625698323
movi_c_v14_01,temporal_back,5,7,0.3021303415298462,0.055865921787709494
movi_c_v14_01,temporal_back,5,8,0.6003681421279907,0.2122905027932961
movi_c_v14_01,temporal_back,5,9,0.3508719801902771,0.0335195530726257
movi_c_v14_01,temporal_back,5,10,0.39907291531562805,0.055865921787709494
movi_c_v14_01,temporal_back,5,11,0.4560073912143707,0.03910614525139665
movi_c_v14_01,temporal_back,5,12,0.48940402269363403,0.09497206703910614
movi_c_v14_01,temporal_back,6,1,0.5567445158958435,0.1005586592178771
movi_c_v14_01,temporal_back,6,2,0.3745415508747101,0.07262569832402235
movi_c_v14_01,temporal_back,6,3,0.3438210189342499,0.05027932960893855
movi_c_v14_01,temporal_back,6,4,0.3597174286842346,0.05027932960893855
movi_c_v14_01,temporal_back,6,5,0.45369023084640503,0.19553072625698323
movi_c_v14_01,temporal_back,6,6,1.0000001192092896,1.0
movi_c_v14_01,temporal_back,6,7,0.5099997520446777,0.21787709497206703
movi_c_v14_01,temporal_back,6,8,0.4611838161945343,0.0893854748603352
movi_c_v14_01,temporal_back,6,9,0.42888736724853516,0.11173184357541899
movi_c_v14_01,temporal_back,6,10,0.4030826687812805,0.061452513966480445
movi_c_v14_01,temporal_back,6,11,0.4737320840358734,0.07262569832402235
movi_c_v14_01,temporal_back,6,12,0.6310875415802002,0.2849162011173184
movi_c_v14_01,temporal_back,7,1,0.7385579943656921,0.33519553072625696
movi_c_v14_01,temporal_back,7,2,0.3695080280303955,0.01675977653631285
movi_c_v14_01,temporal_back,7,3,0.33536896109580994,0.03910614525139665
movi_c_v14_01,temporal_back,7,4,0.5189204812049866,0.0670391061452514
movi_c_v14_01,temporal_back,7,5,0.3021303415298462,0.055865921787709494
movi_c_v14_01,temporal_back,7,6,0.5099997520446777,0.21787709497206703
movi_c_v14_01,temporal_back,7,7,1.0,1.0
movi_c_v14_01,temporal_back,7,8,0.522581934928894,0.0446927374301676
movi_c_v14_01,temporal_back,7,9,0.7136492133140564,0.29608938547486036
movi_c_v14_01,temporal_back,7,10,0.5730838775634766,0.10614525139664804
movi_c_v14_01,temporal_back,7,11,0.590917706489563,0.0893854748603352
movi_c_v14_01,temporal_back,7,12,0.6117129921913147,0.1452513966480447
movi_c_v14_01,temporal_back,8,1,0.688064455986023,0.1005586592178771
movi_c_v14_01,temporal_back,8,2,0.5056948661804199,0.0446927374301676
movi_c_v14_01,temporal_back,8,3,0.5538603663444519,0.09497206703910614
movi_c_v14_01,temporal_back,8,4,0.6817458868026733,0.11731843575418995
movi_c_v14_01,temporal_back,8,5,0.6003681421279907,0.2122905027932961
movi_c_v14_01,temporal_back,8,6,0.4611838161945343,0.0893854748603352
movi_c_v14_01,temporal_back,8,7,0.522581934928894,0.0446927374301676
movi_c_v14_01,temporal_back,8,8,0.9999998807907104,1.0
movi_c_v14_01,temporal_back,8,9,0.6007764339447021,0.07262569832402235
movi_c_v14_01,temporal_back,8,10,0.7243173122406006,0.11731843575418995
movi_c_v14_01,temporal_back,8,11,0.6915832161903381,0.0782122905027933
movi_c_v14_01,temporal_back,8,12,0.6009917259216309,0.03910614525139665
movi_c_v14_01,temporal_back,9,1,0.7669023275375366,0.19553072625698323
movi_c_v14_01,temporal_back,9,2,0.3837537467479706,0.03910614525139665
movi_c_v14_01,temporal_back,9,3,0.418276309967041,0.061452513966480445
movi_c_v14_01,temporal_back,9,4,0.6884211897850037,0.12849162011173185
movi_c_v14_01,temporal_back,9,5,0.3508719801902771,0.0335195530726257
movi_c_v14_01,temporal_back,9,6,0.42888736724853516,0.11173184357541899
movi_c_v14_01,temporal_back,9,7,0.7136492133140564,0.29608938547486036
movi_c_v14_01,temporal_back,9,8,0.6007764339447021,0.07262569832402235
movi_c_v14_01,temporal_back,9,9,1.0,1.0
movi_c_v14_01,temporal_back,9,10,0.6647838950157166,0.11731843575418995
movi_c_v14_01,temporal_back,9,11,0.6530188322067261,0.09497206703910614
movi_c_v14_01,temporal_back,9,12,0.5904116630554199,0.09497206703910614
movi_c_v14_01,temporal_back,10,1,0.6726095080375671,0.027932960893854747
movi_c_v14_01,temporal_back,10,2,0.4280607998371124,0.055865921787709494
movi_c_v14_01,temporal_back,10,3,0.5207209587097168,0.061452513966480445
movi_c_v14_01,temporal_back,10,4,0.7553480267524719,0.08379888268156424
movi_c_v14_01,temporal_back,10,5,0.39907291531562805,0.055865921787709494
movi_c_v14_01,temporal_back,10,6,0.4030826687812805,0.061452513966480445
movi_c_v14_01,temporal_back,10,7,0.5730838775634766,0.10614525139664804
movi_c_v14_01,temporal_back,10,8,0.7243173122406006,0.11731843575418995
movi_c_v14_01,temporal_back,10,9,0.6647838950157166,0.11731843575418995
movi_c_v14_01,temporal_back,10,10,1.0,1.0
movi_c_v14_01,temporal_back,10,11,0.7322760224342346,0.11173184357541899
movi_c_v14_01,temporal_back,10,12,0.720801830291748,0.19553072625698323
movi_c_v14_01,temporal_back,11,1,0.6881018280982971,0.0446927374301676
movi_c_v14_01,temporal_back,11,2,0.5773623585700989,0.1005586592178771
movi_c_v14_01,temporal_back,11,3,0.6357758045196533,0.1340782122905028
movi_c_v14_01,temporal_back,11,4,0.7077356576919556,0.1452513966480447
movi_c_v14_01,temporal_back,11,5,0.4560073912143707,0.03910614525139665
movi_c_v14_01,temporal_back,11,6,0.4737320840358734,0.07262569832402235
movi_c_v14_01,temporal_back,11,7,0.590917706489563,0.0893854748603352
movi_c_v14_01,temporal_back,11,8,0.6915832161903381,0.0782122905027933
movi_c_v14_01,temporal_back,11,9,0.6530188322067261,0.09497206703910614
movi_c_v14_01,temporal_back,11,10,0.7322760224342346,0.11173184357541899
movi_c_v14_01,temporal_back,11,11,1.0,1.0
movi_c_v14_01,temporal_back,11,12,0.6683289408683777,0.0893854748603352
movi_c_v14_01,temporal_back,12,1,0.7370774149894714,0.061452513966480445
movi_c_v14_01,temporal_back,12,2,0.5411067008972168,0.1340782122905028
movi_c_v14_01,temporal_back,12,3,0.44612202048301697,0.09497206703910614
movi_c_v14_01,temporal_back,12,4,0.5870222449302673,0.01675977653631285
movi_c_v14_01,temporal_back,12,5,0.48940402269363403,0.09497206703910614
movi_c_v14_01,temporal_back,12,6,0.6310875415802002,0.2849162011173184
movi_c_v14_01,temporal_back,12,7,0.6117129921913147,0.1452513966480447
movi_c_v14_01,temporal_back,12,8,0.6009917259216309,0.03910614525139665
movi_c_v14_01,temporal_back,12,9,0.5904116630554199,0.09497206703910614
movi_c_v14_01,temporal_back,12,10,0.720801830291748,0.19553072625698323
movi_c_v14_01,temporal_back,12,11,0.6683289408683777,0.0893854748603352
movi_c_v14_01,temporal_back,12,12,1.0000001192092896,1.0
movi_c_v14_01,temporal_front,1,1,1.0,1.0
movi_c_v14_01,temporal_front,1,2,0.7306461930274963,0.5027932960893855
movi_c_v14_01,temporal_front,1,3,0.49949732422828674,0.22905027932960895
movi_c_v14_01,temporal_front,1,4,0.48128268122673035,0.16201117318435754
movi_c_v14_01,temporal_front,1,5,0.179525226354599,0.0446927374301676
movi_c_v14_01,temporal_front,1,6,0.431111216545105,0.2011173184357542
movi_c_v14_01,temporal_front,1,7,0.42106902599334717,0.2346368715083799
movi_c_v14_01,temporal_front,1,8,0.07704367488622665,0.00558659217877095
movi_c_v14_01,temporal_front,1,9,0.2610202431678772,0.09497206703910614
movi_c_v14_01,temporal_front,1,10,0.16669447720050812,0.00558659217877095
movi_c_v14_01,temporal_front,1,11,0.30903691053390503,0.11173184357541899
movi_c_v14_01,temporal_front,1,12,0.4476054310798645,0.24022346368715083
movi_c_v14_01,temporal_front,2,1,0.7306461930274963,0.5027932960893855
movi_c_v14_01,temporal_front,2,2,0.9999999403953552,1.0
movi_c_v14_01,temporal_front,2,3,0.4996185898780823,0.22905027932960895
movi_c_v14_01,temporal_front,2,4,0.5767452120780945,0.2569832402234637
movi_c_v14_01,temporal_front,2,5,0.15047967433929443,0.0111731843575419
movi_c_v14_01,temporal_front,2,6,0.50775545835495,0.17318435754189945
movi_c_v14_01,temporal_front,2,7,0.46043476462364197,0.1787709497206704
movi_c_v14_01,temporal_front,2,8,0.15682311356067657,0.0223463687150838
movi_c_v14_01,temporal_front,2,9,0.35755130648612976,0.10614525139664804
movi_c_v14_01,temporal_front,2,10,0.19680824875831604,0.00558659217877095
movi_c_v14_01,temporal_front,2,11,0.3907416760921478,0.13966480446927373
movi_c_v14_01,temporal_front,2,12,0.472200870513916,0.21787709497206703
movi_c_v14_01,temporal_front,3,1,0.49949732422828674,0.22905027932960895
movi_c_v14_01,temporal_front,3,2,0.4996185898780823,0.22905027932960895
movi_c_v14_01,temporal_front,3,3,1.0,1.0
movi_c_v14_01,temporal_front,3,4,0.5374851822853088,0.13966480446927373
movi_c_v14_01,temporal_front,3,5,0.32706576585769653,0.15083798882681565
movi_c_v14_01,temporal_front,3,6,0.353707492351532,0.0670391061452514
movi_c_v14_01,temporal_front,3,7,0.4255509674549103,0.0893854748603352
movi_c_v14_01,temporal_front,3,8,0.29067981243133545,0.1452513966480447
movi_c_v14_01,temporal_front,3,9,0.3574044108390808,0.13966480446927373
movi_c_v14_01,temporal_front,3,10,0.26434868574142456,0.055865921787709494
movi_c_v14_01,temporal_front,3,11,0.4396744668483734,0.1787709497206704
movi_c_v14_01,temporal_front,3,12,0.6038433909416199,0.3407821229050279
movi_c_v14_01,temporal_front,4,1,0.48128268122673035,0.16201117318435754
movi_c_v14_01,temporal_front,4,2,0.5767452120780945,0.2569832402234637
movi_c_v14_01,temporal_front,4,3,0.5374851822853088,0.13966480446927373
movi_c_v14_01,temporal_front,4,4,0.9999998807907104,1.0
movi_c_v14_01,temporal_front,4,5,0.3123064339160919,0.01675977653631285
movi_c_v14_01,temporal_front,4,6,0.5443418025970459,0.18994413407821228
movi_c_v14_01,temporal_front,4,7,0.5613702535629272,0.2346368715083799
movi_c_v14_01,temporal_front,4,8,0.37420597672462463,0.03910614525139665
movi_c_v14_01,temporal_front,4,9,0.4778580069541931,0.0893854748603352
movi_c_v14_01,temporal_front,4,10,0.4446912705898285,0.09497206703910614
movi_c_v14_01,temporal_front,4,11,0.5745887160301208,0.11731843575418995
movi_c_v14_01,temporal_front,4,12,0.6094505190849304,0.13966480446927373
movi_c_v14_01,temporal_front,5,1,0.179525226354599,0.0446927374301676
movi_c_v14_01,temporal_front,5,2,0.15047967433929443,0.0111731843575419
movi_c_v14_01,temporal_front,5,3,0.32706576585769653,0.15083798882681565
movi_c_v14_01,temporal_front,5,4,0.3123064339160919,0.01675977653631285
movi_c_v14_01,temporal_front,5,5,1.0,1.0
movi_c_v14_01,temporal_front,5,6,0.4292075037956238,0.1340782122905028
movi_c_v14_01,temporal_front,5,7,0.2406272441148758,0.0335195530726257
movi_c_v14_01,temporal_front,5,8,0.37050262093544006,0.15083798882681565
movi_c_v14_01,temporal_front,5,9,0.2709486186504364,0.055865921787709494
movi_c_v14_01,temporal_front,5,10,0.36062416434288025,0.09497206703910614
movi_c_v14_01,temporal_front,5,11,0.33537304401397705,0.0893854748603352
movi_c_v14_01,temporal_front,5,12,0.4117448627948761,0.1787709497206704
movi_c_v14_01,temporal_front,6,1,0.431111216545105,0.2011173184357542
movi_c_v14_01,temporal_front,6,2,0.50775545835495,0.17318435754189945
movi_c_v14_01,temporal_front,6,3,0.353707492351532,0.0670391061452514
movi_c_v14_01,temporal_front,6,4,0.5443418025970459,0.18994413407821228
movi_c_v14_01,temporal_front,6,5,0.4292075037956238,0.1340782122905028
movi_c_v14_01,temporal_front,6,6,1.0000001192092896,1.0
movi_c_v14_01,temporal_front,6,7,0.4634219706058502,0.17318435754189945
movi_c_v14_01,temporal_front,6,8,0.3278842568397522,0.1005586592178771
movi_c_v14_01,temporal_front,6,9,0.46803146600723267,0.15083798882681565
movi_c_v14_01,temporal_front,6,10,0.2479310929775238,0.0223463687150838
movi_c_v14_01,temporal_front,6,11,0.4306942820549011,0.061452513966480445
movi_c_v14_01,temporal_front,6,12,0.5359373092651367,0.11731843575418995
movi_c_v14_01,temporal_front,7,1,0.42106902599334717,0.2346368715083799
movi_c_v14_01,temporal_front,7,2,0.46043476462364197,0.1787709497206704
movi_c_v14_01,temporal_front,7,3,0.4255509674549103,0.0893854748603352
movi_c_v14_01,temporal_front,7,4,0.5613702535629272,0.2346368715083799
movi_c_v14_01,temporal_front,7,5,0.2406272441148758,0.0335195530726257
movi_c_v14_01,temporal_front,7,6,0.4634219706058502,0.17318435754189945
movi_c_v14_01,temporal_front,7,7,0.9999998807907104,1.0
movi_c_v14_01,temporal_front,7,8,0.23480519652366638,0.00558659217877095
movi_c_v14_01,temporal_front,7,9,0.5594932436943054,0.22905027932960895
movi_c_v14_01,temporal_front,7,10,0.22503089904785156,0.055865921787709494
movi_c_v14_01,temporal_front,7,11,0.6071895956993103,0.2905027932960894
movi_c_v14_01,temporal_front,7,12,0.6373168230056763,0.2011173184357542
movi_c_v14_01,temporal_front,8,1,0.07704367488622665,0.00558659217877095
movi_c_v14_01,temporal_front,8,2,0.15682311356067657,0.0223463687150838
movi_c_v14_01,temporal_front,8,3,0.29067981243133545,0.1452513966480447
movi_c_v14_01,temporal_front,8,4,0.37420597672462463,0.03910614525139665
movi_c_v14_01,temporal_front,8,5,0.37050262093544006,0.15083798882681565
movi_c_v14_01,temporal_front,8,6,0.3278842568397522,0.1005586592178771
movi_c_v14_01,temporal_front,8,7,0.23480519652366638,0.00558659217877095
movi_c_v14_01,temporal_front,8,8,1.0000001192092896,1.0
movi_c_v14_01,temporal_front,8,9,0.3465884029865265,0.09497206703910614
movi_c_v14_01,temporal_front,8,10,0.4148862659931183,0.1340782122905028
movi_c_v14_01,temporal_front,8,11,0.4037208557128906,0.11731843575418995
movi_c_v14_01,temporal_front,8,12,0.3499002754688263,0.0782122905027933
movi_c_v14_01,temporal_front,9,1,0.2610202431678772,0.09497206703910614
movi_c_v14_01,temporal_front,9,2,0.35755130648612976,0.10614525139664804
movi_c_v14_01,temporal_front,9,3,0.3574044108390808,0.13966480446927373
movi_c_v14_01,temporal_front,9,4,0.4778580069541931,0.0893854748603352
movi_c_v14_01,temporal_front,9,5,0.2709486186504364,0.055865921787709494
movi_c_v14_01,temporal_front,9,6,0.46803146600723267,0.15083798882681565
movi_c_v14_01,temporal_front,9,7,0.5594932436943054,0.22905027932960895
movi_c_v14_01,temporal_front,9,8,0.3465884029865265,0.09497206703910614
movi_c_v14_01,temporal_front,9,9,1.0,1.0
movi_c_v14_01,temporal_front,9,10,0.2094726413488388,0.05027932960893855
movi_c_v14_01,temporal_front,9,11,0.5677041411399841,0.25139664804469275
movi_c_v14_01,temporal_front,9,12,0.5353249311447144,0.1452513966480447
movi_c_v14_01,temporal_front,10,1,0.16669447720050812,0.00558659217877095
movi_c_v14_01,temporal_front,10,2,0.19680824875831604,0.00558659217877095
movi_c_v14_01,temporal_front,10,3,0.26434868574142456,0.055865921787709494
movi_c_v14_01,temporal_front,10,4,0.4446912705898285,0.09497206703910614
movi_c_v14_01,temporal_front,10,5,0.36062416434288025,0.09497206703910614
movi_c_v14_01,temporal_front,10,6,0.2479310929775238,0.0223463687150838
movi_c_v14_01,temporal_front,10,7,0.22503089904785156,0.055865921787709494
movi_c_v14_01,temporal_front,10,8,0.4148862659931183,0.1340782122905028
movi_c_v14_01,temporal_front,10,9,0.2094726413488388,0.05027932960893855
movi_c_v14_01,temporal_front,10,10,0.9999999403953552,1.0
movi_c_v14_01,temporal_front,10,11,0.35348665714263916,0.05027932960893855
movi_c_v14_01,temporal_front,10,12,0.2849755883216858,0.05027932960893855
movi_c_v14_01,temporal_front,11,1,0.30903691053390503,0.11173184357541899
movi_c_v14_01,temporal_front,11,2,0.3907416760921478,0.13966480446927373
movi_c_v14_01,temporal_front,11,3,0.4396744668483734,0.1787709497206704
movi_c_v14_01,temporal_front,11,4,0.5745887160301208,0.11731843575418995
movi_c_v14_01,temporal_front,11,5,0.33537304401397705,0.0893854748603352
movi_c_v14_01,temporal_front,11,6,0.4306942820549011,0.061452513966480445
movi_c_v14_01,temporal_front,11,7,0.6071895956993103,0.2905027932960894
movi_c_v14_01,temporal_front,11,8,0.4037208557128906,0.11731843575418995
movi_c_v14_01,temporal_front,11,9,0.5677041411399841,0.25139664804469275
movi_c_v14_01,temporal_front,11,10,0.35348665714263916,0.05027932960893855
movi_c_v14_01,temporal_front,11,11,0.9999999403953552,1.0
movi_c_v14_01,temporal_front,11,12,0.571739137172699,0.1787709497206704
movi_c_v14_01,temporal_front,12,1,0.4476054310798645,0.24022346368715083
movi_c_v14_01,temporal_front,12,2,0.472200870513916,0.21787709497206703
movi_c_v14_01,temporal_front,12,3,0.6038433909416199,0.3407821229050279
movi_c_v14_01,temporal_front,12,4,0.6094505190849304,0.13966480446927373
movi_c_v14_01,temporal_front,12,5,0.4117448627948761,0.1787709497206704
movi_c_v14_01,temporal_front,12,6,0.5359373092651367,0.11731843575418995
movi_c_v14_01,temporal_front,12,7,0.6373168230056763,0.2011173184357542
movi_c_v14_01,temporal_front,12,8,0.3499002754688263,0.0782122905027933
movi_c_v14_01,temporal_front,12,9,0.5353249311447144,0.1452513966480447
movi_c_v14_01,temporal_front,12,10,0.2849755883216858,0.05027932960893855
movi_c_v14_01,temporal_front,12,11,0.571739137172699,0.1787709497206704
movi_c_v14_01,temporal_front,12,12,1.0,1.0
movi_c_v14_01,temporal_middle,1,1,1.0,1.0
movi_c_v14_01,temporal_middle,1,2,0.17729076743125916,0.061452513966480445
movi_c_v14_01,temporal_middle,1,3,0.2000342160463333,0.10614525139664804
movi_c_v14_01,temporal_middle,1,4,0.2210785299539566,0.0670391061452514
movi_c_v14_01,temporal_middle,1,5,0.24608224630355835,0.1340782122905028
movi_c_v14_01,temporal_middle,1,6,0.3810209333896637,0.29608938547486036
movi_c_v14_01,temporal_middle,1,7,0.17195823788642883,0.05027932960893855
movi_c_v14_01,temporal_middle,1,8,0.21998953819274902,0.13966480446927373
movi_c_v14_01,temporal_middle,1,9,0.11871551722288132,0.0782122905027933
movi_c_v14_01,temporal_middle,1,10,0.13955244421958923,0.12849162011173185
movi_c_v14_01,temporal_middle,1,11,0.114114910364151,0.0
movi_c_v14_01,temporal_middle,1,12,0.1908399760723114,0.0446927374301676
movi_c_v14_01,temporal_middle,2,1,0.17729076743125916,0.061452513966480445
movi_c_v14_01,temporal_middle,2,2,0.9999999403953552,1.0
movi_c_v14_01,temporal_middle,2,3,0.8432522416114807,0.5586592178770949
movi_c_v14_01,temporal_middle,2,4,0.5125618577003479,0.1564245810055866
movi_c_v14_01,temporal_middle,2,5,0.1600080132484436,0.0111731843575419
movi_c_v14_01,temporal_middle,2,6,0.5387940406799316,0.21787709497206703
movi_c_v14_01,temporal_middle,2,7,0.6392418742179871,0.37988826815642457
movi_c_v14_01,temporal_middle,2,8,0.2026374340057373,0.0335195530726257
movi_c_v14_01,temporal_middle,2,9,0.3374590575695038,0.12290502793296089
movi_c_v14_01,temporal_middle,2,10,0.11600274592638016,0.0335195530726257
movi_c_v14_01,temporal_middle,2,11,0.5595107674598694,0.2737430167597765
movi_c_v14_01,temporal_middle,2,12,0.49497491121292114,0.22905027932960895
movi_c_v14_01,temporal_middle,3,1,0.2000342160463333,0.10614525139664804
movi_c_v14_01,temporal_middle,3,2,0.8432522416114807,0.5586592178770949
movi_c_v14_01,temporal_middle,3,3,0.9999998807907104,1.0
movi_c_v14_01,temporal_middle,3,4,0.5027694702148438,0.16759776536312848
movi_c_v14_01,temporal_middle,3,5,0.1810663640499115,0.03910614525139665
movi_c_v14_01,temporal_middle,3,6,0.539063572883606,0.19553072625698323
movi_c_v14_01,temporal_middle,3,7,0.619803786277771,0.3240223463687151
movi_c_v14_01,temporal_middle,3,8,0.1725911647081375,0.0446927374301676
movi_c_v14_01,temporal_middle,3,9,0.38835033774375916,0.13966480446927373
movi_c_v14_01,temporal_middle,3,10,0.14519299566745758,0.0670391061452514
movi_c_v14_01,temporal_middle,3,11,0.5490387082099915,0.2681564245810056
movi_c_v14_01,temporal_middle,3,12,0.4880811274051666,0.15083798882681565
movi_c_v14_01,temporal_middle,4,1,0.2210785299539566,0.0670391061452514
movi_c_v14_01,temporal_middle,4,2,0.5125618577003479,0.1564245810055866
movi_c_v14_01,temporal_middle,4,3,0.5027694702148438,0.16759776536312848
movi_c_v14_01,temporal_middle,4,4,1.0,1.0
movi_c_v14_01,temporal_middle,4,5,0.5045809149742126,0.12849162011173185
movi_c_v14_01,temporal_middle,4,6,0.4401005804538727,0.07262569832402235
movi_c_v14_01,temporal_middle,4,7,0.6360582113265991,0.1787709497206704
movi_c_v14_01,temporal_middle,4,8,0.3788970112800598,0.0893854748603352
movi_c_v14_01,temporal_middle,4,9,0.47672128677368164,0.09497206703910614
movi_c_v14_01,temporal_middle,4,10,0.40950319170951843,0.11731843575418995
movi_c_v14_01,temporal_middle,4,11,0.6424196362495422,0.16201117318435754
movi_c_v14_01,temporal_middle,4,12,0.6077583432197571,0.18435754189944134
movi_c_v14_01,temporal_middle,5,1,0.24608224630355835,0.1340782122905028
movi_c_v14_01,temporal_middle,5,2,0.1600080132484436,0.0111731843575419
movi_c_v14_01,temporal_middle,5,3,0.1810663640499115,0.03910614525139665
movi_c_v14_01,temporal_middle,5,4,0.5045809149742126,0.12849162011173185
movi_c_v14_01,temporal_middle,5,5,1.0,1.0
movi_c_v14_01,temporal_middle,5,6,0.5044974088668823,0.2905027932960894
movi_c_v14_01,temporal_middle,5,7,0.3895030915737152,0.15083798882681565
movi_c_v14_01,temporal_middle,5,8,0.4776747226715088,0.2905027932960894
movi_c_v14_01,temporal_middle,5,9,0.31645193696022034,0.1005586592178771
movi_c_v14_01,temporal_middle,5,10,0.31496813893318176,0.1452513966480447
movi_c_v14_01,temporal_middle,5,11,0.2744944393634796,0.07262569832402235
movi_c_v14_01,temporal_middle,5,12,0.5510614514350891,0.31843575418994413
movi_c_v14_01,temporal_middle,6,1,0.3810209333896637,0.29608938547486036
movi_c_v14_01,temporal_middle,6,2,0.5387940406799316,0.21787709497206703
movi_c_v14_01,temporal_middle,6,3,0.539063572883606,0.19553072625698323
movi_c_v14_01,temporal_middle,6,4,0.4401005804538727,0.07262569832402235
movi_c_v14_01,temporal_middle,6,5,0.5044974088668823,0.2905027932960894
movi_c_v14_01,temporal_middle,6,6,1.0,1.0
movi_c_v14_01,temporal_middle,6,7,0.5650811195373535,0.2849162011173184
movi_c_v14_01,temporal_middle,6,8,0.33469390869140625,0.21787709497206703
movi_c_v14_01,temporal_middle,6,9,0.3077526092529297,0.0893854748603352
movi_c_v14_01,temporal_middle,6,10,0.20448054373264313,0.10614525139664804
movi_c_v14_01,temporal_middle,6,11,0.3622015714645386,0.11731843575418995
movi_c_v14_01,temporal_middle,6,12,0.6228140592575073,0.3240223463687151
movi_c_v14_01,temporal_middle,7,1,0.17195823788642883,0.05027932960893855
movi_c_v14_01,temporal_middle,7,2,0.6392418742179871,0.37988826815642457
movi_c_v14_01,temporal_middle,7,3,0.619803786277771,0.3240223463687151
movi_c_v14_01,temporal_middle,7,4,0.6360582113265991,0.1787709497206704
movi_c_v14_01,temporal_middle,7,5,0.3895030915737152,0.15083798882681565
movi_c_v14_01,temporal_middle,7,6,0.5650811195373535,0.2849162011173184
movi_c_v14_01,temporal_middle,7,7,1.0,1.0
movi_c_v14_01,temporal_middle,7,8,0.2610344886779785,0.05027932960893855
movi_c_v14_01,temporal_middle,7,9,0.3500194549560547,0.09497206703910614
movi_c_v14_01,temporal_middle,7,10,0.19725777208805084,0.027932960893854747
movi_c_v14_01,temporal_middle,7,11,0.6118196249008179,0.30726256983240224
movi_c_v14_01,temporal_middle,7,12,0.6929935812950134,0.4301675977653631
movi_c_v14_01,temporal_middle,8,1,0.21998953819274902,0.13966480446927373
movi_c_v14_01,temporal_middle,8,2,0.2026374340057373,0.0335195530726257
movi_c_v14_01,temporal_middle,8,3,0.1725911647081375,0.0446927374301676
movi_c_v14_01,temporal_middle,8,4,0.3788970112800598,0.0893854748603352
movi_c_v14_01,temporal_middle,8,5,0.4776747226715088,0.2905027932960894
movi_c_v14_01,temporal_middle,8,6,0.33469390869140625,0.21787709497206703
movi_c_v14_01,temporal_middle,8,7,0.2610344886779785,0.05027932960893855
movi_c_v14_01,temporal_middle,8,8,1.0,1.0
movi_c_v14_01,temporal_middle,8,9,0.36663588881492615,0.1452513966480447
movi_c_v14_01,temporal_middle,8,10,0.5627267360687256,0.35195530726256985
movi_c_v14_01,temporal_middle,8,11,0.2731971740722656,0.05027932960893855
movi_c_v14_01,temporal_middle,8,12,0.2207593470811844,0.0335195530726257
movi_c_v14_01,temporal_middle,9,1,0.11871551722288132,0.0782122905027933
movi_c_v14_01,temporal_middle,9,2,0.3374590575695038,0.12290502793296089
movi_c_v14_01,temporal_middle,9,3,0.38835033774375916,0.13966480446927373
movi_c_v14_01,temporal_middle,9,4,0.47672128677368164,0.09497206703910614
movi_c_v14_01,temporal_middle,9,5,0.31645193696022034,0.1005586592178771
movi_c_v14_01,temporal_middle,9,6,0.3077526092529297,0.0893854748603352
movi_c_v14_01,temporal_middle,9,7,0.3500194549560547,0.09497206703910614
movi_c_v14_01,temporal_middle,9,8,0.36663588881492615,0.1452513966480447
movi_c_v14_01,temporal_middle,9,9,1.0000001192092896,1.0
movi_c_v14_01,temporal_middle,9,10,0.40314051508903503,0.18994413407821228
movi_c_v14_01,temporal_middle,9,11,0.46852725744247437,0.16759776536312848
movi_c_v14_01,temporal_middle,9,12,0.36861827969551086,0.11731843575418995
movi_c_v14_01,temporal_middle,10,1,0.13955244421958923,0.12849162011173185
movi_c_v14_01,temporal_middle,10,2,0.11600274592638016,0.0335195530726257
movi_c_v14_01,temporal_middle,10,3,0.14519299566745758,0.0670391061452514
movi_c_v14_01,temporal_middle,10,4,0.40950319170951843,0.11731843575418995
movi_c_v14_01,temporal_middle,10,5,0.31496813893318176,0.1452513966480447
movi_c_v14_01,temporal_middle,10,6,0.20448054373264313,0.10614525139664804
movi_c_v14_01,temporal_middle,10,7,0.19725777208805084,0.027932960893854747
movi_c_v14_01,temporal_middle,10,8,0.5627267360687256,0.35195530726256985
movi_c_v14_01,temporal_middle,10,9,0.40314051508903503,0.18994413407821228
movi_c_v14_01,temporal_middle,10,10,0.9999999403953552,1.0
movi_c_v14_01,temporal_middle,10,11,0.33016306161880493,0.1005586592178771
movi_c_v14_01,temporal_middle,10,12,0.1770872175693512,0.00558659217877095
movi_c_v14_01,temporal_middle,11,1,0.114114910364151,0.0
movi_c_v14_01,temporal_middle,11,2,0.5595107674598694,0.2737430167597765
movi_c_v14_01,temporal_middle,11,3,0.5490387082099915,0.2681564245810056
movi_c_v14_01,temporal_middle,11,4,0.6424196362495422,0.16201117318435754
movi_c_v14_01,temporal_middle,11,5,0.2744944393634796,0.07262569832402235
movi_c_v14_01,temporal_middle,11,6,0.3622015714645386,0.11731843575418995
movi_c_v14_01,temporal_middle,11,7,0.6118196249008179,0.30726256983240224
movi_c_v14_01,temporal_middle,11,8,0.2731971740722656,0.05027932960893855
movi_c_v14_01,temporal_middle,11,9,0.46852725744247437,0.16759776536312848
movi_c_v14_01,temporal_middle,11,10,0.33016306161880493,0.1005586592178771
movi_c_v14_01,temporal_middle,11,11,0.9999999403953552,1.0
movi_c_v14_01,temporal_middle,11,12,0.6025447249412537,0.35195530726256985
movi_c_v14_01,temporal_middle,12,1,0.1908399760723114,0.0446927374301676
movi_c_v14_01,temporal_middle,12,2,0.49497491121292114,0.22905027932960895
movi_c_v14_01,temporal_middle,12,3,0.4880811274051666,0.15083798882681565
movi_c_v14_01,temporal_middle,12,4,0.6077583432197571,0.18435754189944134
movi_c_v14_01,temporal_middle,12,5,0.5510614514350891,0.31843575418994413
movi_c_v14_01,temporal_middle,12,6,0.6228140592575073,0.3240223463687151
movi_c_v14_01,temporal_middle,12,7,0.6929935812950134,0.4301675977653631
movi_c_v14_01,temporal_middle,12,8,0.2207593470811844,0.0335195530726257
movi_c_v14_01,temporal_middle,12,9,0.36861827969551086,0.11731843575418995
movi_c_v14_01,temporal_middle,12,10,0.1770872175693512,0.00558659217877095
movi_c_v14_01,temporal_middle,12,11,0.6025447249412537,0.35195530726256985
movi_c_v14_01,temporal_middle,12,12,0.9999998807907104,1.0
movi_c_v14_02,spatial_block,1,1,1.0000001192092896,1.0
movi_c_v14_02,spatial_block,1,2,0.39669203758239746,0.11731843575418995
movi_c_v14_02,spatial_block,1,3,0.2421140968799591,0.05027932960893855
movi_c_v14_02,spatial_block,1,4,0.34030643105506897,0.16201117318435754
movi_c_v14_02,spatial_block,1,5,0.3385542929172516,0.027932960893854747
movi_c_v14_02,spatial_block,1,6,0.31365975737571716,0.0446927374301676
movi_c_v14_02,spatial_block,1,7,0.26290708780288696,0.0893854748603352
movi_c_v14_02,spatial_block,1,8,0.5276573300361633,0.16201117318435754
movi_c_v14_02,spatial_block,1,9,0.4406195878982544,0.0893854748603352
movi_c_v14_02,spatial_block,1,10,0.4614897072315216,0.1452513966480447
movi_c_v14_02,spatial_block,1,11,0.35346880555152893,0.05027932960893855
movi_c_v14_02,spatial_block,1,12,0.3087101876735687,0.027932960893854747
movi_c_v14_02,spatial_block,2,1,0.39669203758239746,0.11731843575418995
movi_c_v14_02,spatial_block,2,2,1.0000001192092896,1.0
movi_c_v14_02,spatial_block,2,3,0.27899250388145447,0.055865921787709494
movi_c_v14_02,spatial_block,2,4,0.2513326406478882,0.03910614525139665
movi_c_v14_02,spatial_block,2,5,0.4501885175704956,0.09497206703910614
movi_c_v14_02,spatial_block,2,6,0.4024319648742676,0.12849162011173185
movi_c_v14_02,spatial_block,2,7,0.2384183704853058,0.07262569832402235
movi_c_v14_02,spatial_block,2,8,0.40717563033103943,0.055865921787709494
movi_c_v14_02,spatial_block,2,9,0.2681850790977478,0.03910614525139665
movi_c_v14_02,spatial_block,2,10,0.36897242069244385,0.061452513966480445
movi_c_v14_02,spatial_block,2,11,0.32539865374565125,0.05027932960893855
movi_c_v14_02,spatial_block,2,12,0.46456578373908997,0.13966480446927373
movi_c_v14_02,spatial_block,3,1,0.2421140968799591,0.05027932960893855
movi_c_v14_02,spatial_block,3,2,0.27899250388145447,0.055865921787709494
movi_c_v14_02,spatial_block,3,3,0.9999999403953552,1.0
movi_c_v14_02,spatial_block,3,4,0.292881578207016,0.1340782122905028
movi_c_v14_02,spatial_block,3,5,0.4859674572944641,0.2569832402234637
movi_c_v14_02,spatial_block,3,6,0.3211784362792969,0.0670391061452514
movi_c_v14_02,spatial_block,3,7,0.07234781980514526,0.0
movi_c_v14_02,spatial_block,3,8,0.5106086730957031,0.2346368715083799
movi_c_v14_02,spatial_block,3,9,0.106972835958004,0.00558659217877095
movi_c_v14_02,spatial_block,3,10,0.36687934398651123,0.12290502793296089
movi_c_v14_02,spatial_block,3,11,0.30757936835289,0.08379888268156424
movi_c_v14_02,spatial_block,3,12,0.3751131594181061,0.12849162011173185
movi_c_v14_02,spatial_block,4,1,0.34030643105506897,0.16201117318435754
movi_c_v14_02,spatial_block,4,2,0.2513326406478882,0.03910614525139665
movi_c_v14_02,spatial_block,4,3,0.292881578207016,0.1340782122905028
movi_c_v14_02,spatial_block,4,4,1.0,1.0
movi_c_v14_02,spatial_block,4,5,0.4423942565917969,0.13966480446927373
movi_c_v14_02,spatial_block,4,6,0.32346758246421814,0.05027932960893855
movi_c_v14_02,spatial_block,4,7,0.26713499426841736,0.11731843575418995
movi_c_v14_02,spatial_block,4,8,0.33690425753593445,0.1005586592178771
movi_c_v14_02,spatial_block,4,9,0.33845487236976624,0.1340782122905028
movi_c_v14_02,spatial_block,4,10,0.3421458601951599,0.0893854748603352
movi_c_v14_02,spatial_block,4,11,0.37980231642723083,0.11173184357541899
movi_c_v14_02,spatial_block,4,12,0.31001171469688416,0.0782122905027933
movi_c_v14_02,spatial_block,5,1,0.3385542929172516,0.027932960893854747
movi_c_v14_02,spatial_block,5,2,0.4501885175704956,0.09497206703910614
movi_c_v14_02,spatial_block,5,3,0.4859674572944641,0.2569832402234637
movi_c_v14_02,spatial_block,5,4,0.4423942565917969,0.13966480446927373
movi_c_v14_02,spatial_block,5,5,1.0000001192092896,1.0
movi_c_v14_02,spatial_block,5,6,0.57068932056427,0.0782122905027933
movi_c_v14_02,spatial_block,5,7,0.41571876406669617,0.0446927374301676
movi_c_v14_02,spatial_block,5,8,0.5344316363334656,0.061452513966480445
movi_c_v14_02,spatial_block,5,9,0.43584415316581726,0.0446927374301676
movi_c_v14_02,spatial_block,5,10,0.47692131996154785,0.03910614525139665
movi_c_v14_02,spatial_block,5,11,0.6021544337272644,0.08379888268156424
movi_c_v14_02,spatial_block,5,12,0.6563198566436768,0.1452513966480447
movi_c_v14_02,spatial_block,6,1,0.31365975737571716,0.0446927374301676
movi_c_v14_02,spatial_block,6,2,0.4024319648742676,0.12849162011173185
movi_c_v14_02,spatial_block,6,3,0.3211784362792969,0.0670391061452514
movi_c_v14_02,spatial_block,6,4,0.32346758246421814,0.05027932960893855
movi_c_v14_02,spatial_block,6,5,0.57068932056427,0.0782122905027933
movi_c_v14_02,spatial_block,6,6,0.9999998807907104,1.0
movi_c_v14_02,spatial_block,6,7,0.6154957413673401,0.1787709497206704
movi_c_v14_02,spatial_block,6,8,0.4721175730228424,0.08379888268156424
movi_c_v14_02,spatial_block,6,9,0.41039344668388367,0.03910614525139665
movi_c_v14_02,spatial_block,6,10,0.32996657490730286,0.0111731843575419
movi_c_v14_02,spatial_block,6,11,0.4810602366924286,0.03910614525139665
movi_c_v14_02,spatial_block,6,12,0.6675118803977966,0.1564245810055866
movi_c_v14_02,spatial_block,7,1,0.26290708780288696,0.0893854748603352
movi_c_v14_02,spatial_block,7,2,0.2384183704853058,0.07262569832402235
movi_c_v14_02,spatial_block,7,3,0.07234781980514526,0.0
movi_c_v14_02,spatial_block,7,4,0.26713499426841736,0.11731843575418995
movi_c_v14_02,spatial_block,7,5,0.41571876406669617,0.0446927374301676
movi_c_v14_02,spatial_block,7,6,0.6154957413673401,0.1787709497206704
movi_c_v14_02,spatial_block,7,7,1.0000001192092896,1.0
movi_c_v14_02,spatial_block,7,8,0.3431265354156494,0.05027932960893855
movi_c_v14_02,spatial_block,7,9,0.49597468972206116,0.1564245810055866
movi_c_v14_02,spatial_block,7,10,0.25020086765289307,0.01675977653631285
movi_c_v14_02,spatial_block,7,11,0.6286587715148926,0.24022346368715083
movi_c_v14_02,spatial_block,7,12,0.585563063621521,0.21787709497206703
movi_c_v14_02,spatial_block,8,1,0.5276573300361633,0.16201117318435754
movi_c_v14_02,spatial_block,8,2,0.40717563033103943,0.055865921787709494
movi_c_v14_02,spatial_block,8,3,0.5106086730957031,0.2346368715083799
movi_c_v14_02,spatial_block,8,4,0.33690425753593445,0.1005586592178771
movi_c_v14_02,spatial_block,8,5,0.5344316363334656,0.061452513966480445
movi_c_v14_02,spatial_block,8,6,0.4721175730228424,0.08379888268156424
movi_c_v14_02,spatial_block,8,7,0.3431265354156494,0.05027932960893855
movi_c_v14_02,spatial_block,8,8,1.0000001192092896,1.0
movi_c_v14_02,spatial_block,8,9,0.42532259225845337,0.05027932960893855
movi_c_v14_02,spatial_block,8,10,0.6471617221832275,0.21787709497206703
movi_c_v14_02,spatial_block,8,11,0.48872601985931396,0.055865921787709494
movi_c_v14_02,spatial_block,8,12,0.4076806604862213,0.027932960893854747
movi_c_v14_02,spatial_block,9,1,0.4406195878982544,0.0893854748603352
movi_c_v14_02,spatial_block,9,2,0.2681850790977478,0.03910614525139665
movi_c_v14_02,spatial_block,9,3,0.106972835958004,0.00558659217877095
movi_c_v14_02,spatial_block,9,4,0.33845487236976624,0.1340782122905028
movi_c_v14_02,spatial_block,9,5,0.43584415316581726,0.0446927374301676
movi_c_v14_02,spatial_block,9,6,0.41039344668388367,0.03910614525139665
movi_c_v14_02,spatial_block,9,7,0.49597468972206116,0.1564245810055866
movi_c_v14_02,spatial_block,9,8,0.42532259225845337,0.05027932960893855
movi_c_v14_02,spatial_block,9,9,0.9999999403953552,1.0
movi_c_v14_02,spatial_block,9,10,0.5937017202377319,0.18435754189944134
movi_c_v14_02,spatial_block,9,11,0.5100869536399841,0.0782122905027933
movi_c_v14_02,spatial_block,9,12,0.40862777829170227,0.0223463687150838
movi_c_v14_02,spatial_block,10,1,0.4614897072315216,0.1452513966480447
movi_c_v14_02,spatial_block,10,2,0.36897242069244385,0.061452513966480445
movi_c_v14_02,spatial_block,10,3,0.36687934398651123,0.12290502793296089
movi_c_v14_02,spatial_block,10,4,0.3421458601951599,0.0893854748603352
movi_c_v14_02,spatial_block,10,5,0.47692131996154785,0.03910614525139665
movi_c_v14_02,spatial_block,10,6,0.32996657490730286,0.0111731843575419
movi_c_v14_02,spatial_block,10,7,0.25020086765289307,0.01675977653631285
movi_c_v14_02,spatial_block,10,8,0.6471617221832275,0.21787709497206703
movi_c_v14_02,spatial_block,10,9,0.5937017202377319,0.18435754189944134
movi_c_v14_02,spatial_block,10,10,1.0,1.0
movi_c_v14_02,spatial_block,10,11,0.4785135090351105,0.0670391061452514
movi_c_v14_02,spatial_block,10,12,0.3529043197631836,0.0111731843575419
movi_c_v14_02,spatial_block,11,1,0.35346880555152893,0.05027932960893855
movi_c_v14_02,spatial_block,11,2,0.32539865374565125,0.05027932960893855
movi_c_v14_02,spatial_block,11,3,0.30757936835289,0.08379888268156424
movi_c_v14_02,spatial_block,11,4,0.37980231642723083,0.11173184357541899
movi_c_v14_02,spatial_block,11,5,0.6021544337272644,0.08379888268156424
movi_c_v14_02,spatial_block,11,6,0.4810602366924286,0.03910614525139665
movi_c_v14_02,spatial_block,11,7,0.6286587715148926,0.24022346368715083
movi_c_v14_02,spatial_block,11,8,0.48872601985931396,0.055865921787709494
movi_c_v14_02,spatial_block,11,9,0.5100869536399841,0.0782122905027933
movi_c_v14_02,spatial_block,11,10,0.4785135090351105,0.0670391061452514
movi_c_v14_02,spatial_block,11,11,1.0000001192092896,1.0
movi_c_v14_02,spatial_block,11,12,0.6623108983039856,0.2122905027932961
movi_c_v14_02,spatial_block,12,1,0.3087101876735687,0.027932960893854747
movi_c_v14_02,spatial_block,12,2,0.46456578373908997,0.13966480446927373
movi_c_v14_02,spatial_block,12,3,0.3751131594181061,0.12849162011173185
movi_c_v14_02,spatial_block,12,4,0.31001171469688416,0.0782122905027933
movi_c_v14_02,spatial_block,12,5,0.6563198566436768,0.1452513966480447
movi_c_v14_02,spatial_block,12,6,0.6675118803977966,0.1564245810055866
movi_c_v14_02,spatial_block,12,7,0.585563063621521,0.21787709497206703
movi_c_v14_02,spatial_block,12,8,0.4076806604862213,0.027932960893854747
movi_c_v14_02,spatial_block,12,9,0.40862777829170227,0.0223463687150838
movi_c_v14_02,spatial_block,12,10,0.3529043197631836,0.0111731843575419
movi_c_v14_02,spatial_block,12,11,0.6623108983039856,0.2122905027932961
movi_c_v14_02,spatial_block,12,12,1.0,1.0
movi_c_v14_02,spatial_scattered,1,1,1.0,1.0
movi_c_v14_02,spatial_scattered,1,2,0.37643560767173767,0.1452513966480447
movi_c_v14_02,spatial_scattered,1,3,0.32636335492134094,0.0893854748603352
movi_c_v14_02,spatial_scattered,1,4,0.4041421413421631,0.055865921787709494
movi_c_v14_02,spatial_scattered,1,5,0.27150049805641174,0.0782122905027933
movi_c_v14_02,spatial_scattered,1,6,0.48575952649116516,0.2569832402234637
movi_c_v14_02,spatial_scattered,1,7,0.38533151149749756,0.12849162011173185
movi_c_v14_02,spatial_scattered,1,8,0.25383231043815613,0.05027932960893855
movi_c_v14_02,spatial_scattered,1,9,0.2262163758277893,0.05027932960893855
movi_c_v14_02,spatial_scattered,1,10,0.21729423105716705,0.027932960893854747
movi_c_v14_02,spatial_scattered,1,11,0.2551601529121399,0.061452513966480445
movi_c_v14_02,spatial_scattered,1,12,0.3983701467514038,0.09497206703910614
movi_c_v14_02,spatial_scattered,2,1,0.37643560767173767,0.1452513966480447
movi_c_v14_02,spatial_scattered,2,2,1.0,1.0
movi_c_v14_02,spatial_scattered,2,3,0.6732666492462158,0.3854748603351955
movi_c_v14_02,spatial_scattered,2,4,0.3362547755241394,0.0
movi_c_v14_02,spatial_scattered,2,5,0.3017197549343109,0.061452513966480445
movi_c_v14_02,spatial_scattered,2,6,0.2962556481361389,0.05027932960893855
movi_c_v14_02,spatial_scattered,2,7,0.11774807423353195,0.00558659217877095
movi_c_v14_02,spatial_scattered,2,8,0.4535391330718994,0.1452513966480447
movi_c_v14_02,spatial_scattered,2,9,0.2434803545475006,0.0335195530726257
movi_c_v14_02,spatial_scattered,2,10,0.32313477993011475,0.0446927374301676
movi_c_v14_02,spatial_scattered,2,11,0.06550458073616028,0.00558659217877095
movi_c_v14_02,spatial_scattered,2,12,0.24607396125793457,0.01675977653631285
movi_c_v14_02,spatial_scattered,3,1,0.32636335492134094,0.0893854748603352
movi_c_v14_02,spatial_scattered,3,2,0.6732666492462158,0.3854748603351955
movi_c_v14_02,spatial_scattered,3,3,1.0,1.0
movi_c_v14_02,spatial_scattered,3,4,0.35789451003074646,0.00558659217877095
movi_c_v14_02,spatial_scattered,3,5,0.3748529255390167,0.08379888268156424
movi_c_v14_02,spatial_scattered,3,6,0.40534889698028564,0.12290502793296089
movi_c_v14_02,spatial_scattered,3,7,0.16420011222362518,0.0111731843575419
movi_c_v14_02,spatial_scattered,3,8,0.4314636290073395,0.16201117318435754
movi_c_v14_02,spatial_scattered,3,9,0.3540474772453308,0.1005586592178771
movi_c_v14_02,spatial_scattered,3,10,0.38385525345802307,0.07262569832402235
movi_c_v14_02,spatial_scattered,3,11,0.1594722867012024,0.0223463687150838
movi_c_v14_02,spatial_scattered,3,12,0.2551547884941101,0.0223463687150838
movi_c_v14_02,spatial_scattered,4,1,0.4041421413421631,0.055865921787709494
movi_c_v14_02,spatial_scattered,4,2,0.3362547755241394,0.0
movi_c_v14_02,spatial_scattered,4,3,0.35789451003074646,0.00558659217877095
movi_c_v14_02,spatial_scattered,4,4,1.0,1.0
movi_c_v14_02,spatial_scattered,4,5,0.5745227932929993,0.10614525139664804
movi_c_v14_02,spatial_scattered,4,6,0.39986422657966614,0.05027932960893855
movi_c_v14_02,spatial_scattered,4,7,0.5641902685165405,0.0893854748603352
movi_c_v14_02,spatial_scattered,4,8,0.46748292446136475,0.0111731843575419
movi_c_v14_02,spatial_scattered,4,9,0.5238445401191711,0.08379888268156424
movi_c_v14_02,spatial_scattered,4,10,0.5700677037239075,0.1564245810055866
movi_c_v14_02,spatial_scattered,4,11,0.6014335751533508,0.15083798882681565
movi_c_v14_02,spatial_scattered,4,12,0.588595449924469,0.11173184357541899
movi_c_v14_02,spatial_scattered,5,1,0.27150049805641174,0.0782122905027933
movi_c_v14_02,spatial_scattered,5,2,0.3017197549343109,0.061452513966480445
movi_c_v14_02,spatial_scattered,5,3,0.3748529255390167,0.08379888268156424
movi_c_v14_02,spatial_scattered,5,4,0.5745227932929993,0.10614525139664804
movi_c_v14_02,spatial_scattered,5,5,1.0,1.0
movi_c_v14_02,spatial_scattered,5,6,0.5581192970275879,0.22905027932960895
movi_c_v14_02,spatial_scattered,5,7,0.4658551514148712,0.15083798882681565
movi_c_v14_02,spatial_scattered,5,8,0.39922529458999634,0.0446927374301676
movi_c_v14_02,spatial_scattered,5,9,0.4430312216281891,0.0446927374301676
movi_c_v14_02,spatial_scattered,5,10,0.4425618648529053,0.0893854748603352
movi_c_v14_02,spatial_scattered,5,11,0.4473091661930084,0.0670391061452514
movi_c_v14_02,spatial_scattered,5,12,0.4845748841762543,0.0893854748603352
movi_c_v14_02,spatial_scattered,6,1,0.48575952649116516,0.2569832402234637
movi_c_v14_02,spatial_scattered,6,2,0.2962556481361389,0.05027932960893855
movi_c_v14_02,spatial_scattered,6,3,0.40534889698028564,0.12290502793296089
movi_c_v14_02,spatial_scattered,6,4,0.39986422657966614,0.05027932960893855
movi_c_v14_02,spatial_scattered,6,5,0.5581192970275879,0.22905027932960895
movi_c_v14_02,spatial_scattered,6,6,0.9999999403953552,1.0
movi_c_v14_02,spatial_scattered,6,7,0.5874106287956238,0.1452513966480447
movi_c_v14_02,spatial_scattered,6,8,0.30264630913734436,0.0335195530726257
movi_c_v14_02,spatial_scattered,6,9,0.4654841721057892,0.11173184357541899
movi_c_v14_02,spatial_scattered,6,10,0.23858079314231873,0.0670391061452514
movi_c_v14_02,spatial_scattered,6,11,0.37624016404151917,0.061452513966480445
movi_c_v14_02,spatial_scattered,6,12,0.5900429487228394,0.0335195530726257
movi_c_v14_02,spatial_scattered,7,1,0.38533151149749756,0.12849162011173185
movi_c_v14_02,spatial_scattered,7,2,0.11774807423353195,0.00558659217877095
movi_c_v14_02,spatial_scattered,7,3,0.16420011222362518,0.0111731843575419
movi_c_v14_02,spatial_scattered,7,4,0.5641902685165405,0.0893854748603352
movi_c_v14_02,spatial_scattered,7,5,0.4658551514148712,0.15083798882681565
movi_c_v14_02,spatial_scattered,7,6,0.5874106287956238,0.1452513966480447
movi_c_v14_02,spatial_scattered,7,7,0.9999998807907104,1.0
movi_c_v14_02,spatial_scattered,7,8,0.18039289116859436,0.0
movi_c_v14_02,spatial_scattered,7,9,0.44653692841529846,0.10614525139664804
movi_c_v14_02,spatial_scattered,7,10,0.11206141114234924,0.0
movi_c_v14_02,spatial_scattered,7,11,0.5857113003730774,0.22905027932960895
movi_c_v14_02,spatial_scattered,7,12,0.7218706607818604,0.21787709497206703
movi_c_v14_02,spatial_scattered,8,1,0.25383231043815613,0.05027932960893855
movi_c_v14_02,spatial_scattered,8,2,0.4535391330718994,0.1452513966480447
movi_c_v14_02,spatial_scattered,8,3,0.4314636290073395,0.16201117318435754
movi_c_v14_02,spatial_scattered,8,4,0.46748292446136475,0.0111731843575419
movi_c_v14_02,spatial_scattered,8,5,0.39922529458999634,0.0446927374301676
movi_c_v14_02,spatial_scattered,8,6,0.30264630913734436,0.0335195530726257
movi_c_v14_02,spatial_scattered,8,7,0.18039289116859436,0.0
movi_c_v14_02,spatial_scattered,8,8,1.0,1.0
movi_c_v14_02,spatial_scattered,8,9,0.34069833159446716,0.07262569832402235
movi_c_v14_02,spatial_scattered,8,10,0.6395469903945923,0.3240223463687151
movi_c_v14_02,spatial_scattered,8,11,0.18044936656951904,0.01675977653631285
movi_c_v14_02,spatial_scattered,8,12,0.32355284690856934,0.0446927374301676
movi_c_v14_02,spatial_scattered,9,1,0.2262163758277893,0.05027932960893855
movi_c_v14_02,spatial_scattered,9,2,0.2434803545475006,0.0335195530726257
movi_c_v14_02,spatial_scattered,9,3,0.3540474772453308,0.1005586592178771
movi_c_v14_02,spatial_scattered,9,4,0.5238445401191711,0.08379888268156424
movi_c_v14_02,spatial_scattered,9,5,0.4430312216281891,0.0446927374301676
movi_c_v14_02,spatial_scattered,9,6,0.4654841721057892,0.11173184357541899
movi_c_v14_02,spatial_scattered,9,7,0.44653692841529846,0.10614525139664804
movi_c_v14_02,spatial_scattered,9,8,0.34069833159446716,0.07262569832402235
movi_c_v14_02,spatial_scattered,9,9,0.9999999403953552,1.0
movi_c_v14_02,spatial_scattered,9,10,0.4570244550704956,0.13966480446927373
movi_c_v14_02,spatial_scattered,9,11,0.5323051810264587,0.19553072625698323
movi_c_v14_02,spatial_scattered,9,12,0.477779358625412,0.07262569832402235
movi_c_v14_02,spatial_scattered,10,1,0.21729423105716705,0.027932960893854747
movi_c_v14_02,spatial_scattered,10,2,0.32313477993011475,0.0446927374301676
movi_c_v14_02,spatial_scattered,10,3,0.38385525345802307,0.07262569832402235
movi_c_v14_02,spatial_scattered,10,4,0.5700677037239075,0.1564245810055866
movi_c_v14_02,spatial_scattered,10,5,0.4425618648529053,0.0893854748603352
movi_c_v14_02,spatial_scattered,10,6,0.23858079314231873,0.0670391061452514
movi_c_v14_02,spatial_scattered,10,7,0.11206141114234924,0.0
movi_c_v14_02,spatial_scattered,10,8,0.6395469903945923,0.3240223463687151
movi_c_v14_02,spatial_scattered,10,9,0.4570244550704956,0.13966480446927373
movi_c_v14_02,spatial_scattered,10,10,1.0000001192092896,1.0
movi_c_v14_02,spatial_scattered,10,11,0.3131694197654724,0.05027932960893855
movi_c_v14_02,spatial_scattered,10,12,0.20399397611618042,0.0111731843575419
movi_c_v14_02,spatial_scattered,11,1,0.2551601529121399,0.061452513966480445
movi_c_v14_02,spatial_scattered,11,2,0.06550458073616028,0.00558659217877095
movi_c_v14_02,spatial_scattered,11,3,0.1594722867012024,0.0223463687150838
movi_c_v14_02,spatial_scattered,11,4,0.6014335751533508,0.15083798882681565
movi_c_v14_02,spatial_scattered,11,5,0.4473091661930084,0.0670391061452514
movi_c_v14_02,spatial_scattered,11,6,0.37624016404151917,0.061452513966480445
movi_c_v14_02,spatial_scattered,11,7,0.5857113003730774,0.22905027932960895
movi_c_v14_02,spatial_scattered,11,8,0.18044936656951904,0.01675977653631285
movi_c_v14_02,spatial_scattered,11,9,0.5323051810264587,0.19553072625698323
movi_c_v14_02,spatial_scattered,11,10,0.3131694197654724,0.05027932960893855
movi_c_v14_02,spatial_scattered,11,11,1.0000001192092896,1.0
movi_c_v14_02,spatial_scattered,11,12,0.5730897188186646,0.20670391061452514
movi_c_v14_02,spatial_scattered,12,1,0.3983701467514038,0.09497206703910614
movi_c_v14_02,spatial_scattered,12,2,0.24607396125793457,0.01675977653631285
movi_c_v14_02,spatial_scattered,12,3,0.2551547884941101,0.0223463687150838
movi_c_v14_02,spatial_scattered,12,4,0.588595449924469,0.11173184357541899
movi_c_v14_02,spatial_scattered,12,5,0.4845748841762543,0.0893854748603352
movi_c_v14_02,spatial_scattered,12,6,0.5900429487228394,0.0335195530726257
movi_c_v14_02,spatial_scattered,12,7,0.7218706607818604,0.21787709497206703
movi_c_v14_02,spatial_scattered,12,8,0.32355284690856934,0.0446927374301676
movi_c_v14_02,spatial_scattered,12,9,0.477779358625412,0.07262569832402235
movi_c_v14_02,spatial_scattered,12,10,0.20399397611618042,0.0111731843575419
movi_c_v14_02,spatial_scattered,12,11,0.5730897188186646,0.20670391061452514
movi_c_v14_02,spatial_scattered,12,12,1.0,1.0
movi_c_v14_02,temporal_back,1,1,1.0000001192092896,1.0
movi_c_v14_02,temporal_back,1,2,0.3390168845653534,0.03910614525139665
movi_c_v14_02,temporal_back,1,3,0.16137054562568665,0.0223463687150838
movi_c_v14_02,temporal_back,1,4,0.6543920636177063,0.1452513966480447
movi_c_v14_02,temporal_back,1,5,0.6918755769729614,0.1787709497206704
movi_c_v14_02,temporal_back,1,6,0.3462940454483032,0.05027932960893855
movi_c_v14_02,temporal_back,1,7,0.6426000595092773,0.1452513966480447
movi_c_v14_02,temporal_back,1,8,0.3689030110836029,0.00558659217877095
movi_c_v14_02,temporal_back,1,9,0.5429852604866028,0.12290502793296089
movi_c_v14_02,temporal_back,1,10,0.5638138055801392,0.08379888268156424
movi_c_v14_02,temporal_back,1,11,0.5486477017402649,0.03910614525139665
movi_c_v14_02,temporal_back,1,12,0.46229395270347595,0.0782122905027933
movi_c_v14_02,temporal_back,2,1,0.3390168845653534,0.03910614525139665
movi_c_v14_02,temporal_back,2,2,1.0,1.0
movi_c_v14_02,temporal_back,2,3,0.7227352261543274,0.39664804469273746
movi_c_v14_02,temporal_back,2,4,0.3274175524711609,0.00558659217877095
movi_c_v14_02,temporal_back,2,5,0.21358263492584229,0.00558659217877095
movi_c_v14_02,temporal_back,2,6,0.39937323331832886,0.1005586592178771
movi_c_v14_02,temporal_back,2,7,0.26805323362350464,0.0
movi_c_v14_02,temporal_back,2,8,0.4555588364601135,0.0782122905027933
movi_c_v14_02,temporal_back,2,9,0.32401278614997864,0.03910614525139665
movi_c_v14_02,temporal_back,2,10,0.4390012323856354,0.0335195530726257
movi_c_v14_02,temporal_back,2,11,0.4989503026008606,0.0893854748603352
movi_c_v14_02,temporal_back,2,12,0.49354782700538635,0.11173184357541899
movi_c_v14_02,temporal_back,3,1,0.16137054562568665,0.0223463687150838
movi_c_v14_02,temporal_back,3,2,0.7227352261543274,0.39664804469273746
movi_c_v14_02,temporal_back,3,3,1.0000001192092896,1.0
movi_c_v14_02,temporal_back,3,4,0.23344270884990692,0.0
movi_c_v14_02,temporal_back,3,5,0.11415357887744904,0.0
movi_c_v14_02,temporal_back,3,6,0.35798969864845276,0.10614525139664804
movi_c_v14_02,temporal_back,3,7,0.21455632150173187,0.0
movi_c_v14_02,temporal_back,3,8,0.4524778127670288,0.16759776536312848
movi_c_v14_02,temporal_back,3,9,0.21002542972564697,0.0111731843575419
movi_c_v14_02,temporal_back,3,10,0.3815227448940277,0.0670391061452514
movi_c_v14_02,temporal_back,3,11,0.4585605263710022,0.11173184357541899
movi_c_v14_02,temporal_back,3,12,0.382170170545578,0.08379888268156424
movi_c_v14_02,temporal_back,4,1,0.6543920636177063,0.1452513966480447
movi_c_v14_02,temporal_back,4,2,0.3274175524711609,0.00558659217877095
movi_c_v14_02,temporal_back,4,3,0.23344270884990692,0.0
movi_c_v14_02,temporal_back,4,4,0.9999999403953552,1.0
movi_c_v14_02,temporal_back,4,5,0.777834415435791,0.31843575418994413
movi_c_v14_02,temporal_back,4,6,0.4722839593887329,0.1564245810055866
movi_c_v14_02,temporal_back,4,7,0.7556203603744507,0.2681564245810056
movi_c_v14_02,temporal_back,4,8,0.6023471355438232,0.055865921787709494
movi_c_v14_02,temporal_back,4,9,0.8082736730575562,0.3687150837988827
movi_c_v14_02,temporal_back,4,10,0.784544825553894,0.13966480446927373
movi_c_v14_02,temporal_back,4,11,0.6483455300331116,0.15083798882681565
movi_c_v14_02,temporal_back,4,12,0.6154448390007019,0.22905027932960895
movi_c_v14_02,temporal_back,5,1,0.6918755769729614,0.1787709497206704
movi_c_v14_02,temporal_back,5,2,0.21358263492584229,0.00558659217877095
movi_c_v14_02,temporal_back,5,3,0.11415357887744904,0.0
movi_c_v14_02,temporal_back,5,4,0.777834415435791,0.31843575418994413
movi_c_v14_02,temporal_back,5,5,1.0,1.0
movi_c_v14_02,temporal_back,5,6,0.4403134882450104,0.12849162011173185
movi_c_v14_02,temporal_back,5,7,0.7552816867828369,0.3016759776536313
movi_c_v14_02,temporal_back,5,8,0.46774813532829285,0.0335195530726257
movi_c_v14_02,temporal_back,5,9,0.6642115712165833,0.19553072625698323
movi_c_v14_02,temporal_back,5,10,0.628630518913269,0.11173184357541899
movi_c_v14_02,temporal_back,5,11,0.6291236281394958,0.2011173184357542
movi_c_v14_02,temporal_back,5,12,0.5722609758377075,0.18435754189944134
movi_c_v14_02,temporal_back,6,1,0.3462940454483032,0.05027932960893855
movi_c_v14_02,temporal_back,6,2,0.39937323331832886,0.1005586592178771
movi_c_v14_02,temporal_back,6,3,0.35798969864845276,0.10614525139664804
movi_c_v14_02,temporal_back,6,4,0.4722839593887329,0.1564245810055866
movi_c_v14_02,temporal_back,6,5,0.4403134882450104,0.12849162011173185
movi_c_v14_02,temporal_back,6,6,1.0,1.0
movi_c_v14_02,temporal_back,6,7,0.5402354598045349,0.24022346368715083
movi_c_v14_02,temporal_back,6,8,0.36168161034584045,0.05027932960893855
movi_c_v14_02,temporal_back,6,9,0.42150166630744934,0.16201117318435754
movi_c_v14_02,temporal_back,6,10,0.4337743818759918,0.061452513966480445
movi_c_v14_02,temporal_back,6,11,0.5061065554618835,0.09497206703910614
movi_c_v14_02,temporal_back,6,12,0.5956291556358337,0.29608938547486036
movi_c_v14_02,temporal_back,7,1,0.6426000595092773,0.1452513966480447
movi_c_v14_02,temporal_back,7,2,0.26805323362350464,0.0
movi_c_v14_02,temporal_back,7,3,0.21455632150173187,0.0
movi_c_v14_02,temporal_back,7,4,0.7556203603744507,0.2681564245810056
movi_c_v14_02,temporal_back,7,5,0.7552816867828369,0.3016759776536313
movi_c_v14_02,temporal_back,7,6,0.5402354598045349,0.24022346368715083
movi_c_v14_02,temporal_back,7,7,1.0000001192092896,1.0
movi_c_v14_02,temporal_back,7,8,0.4384145140647888,0.055865921787709494
movi_c_v14_02,temporal_back,7,9,0.6845198273658752,0.22905027932960895
movi_c_v14_02,temporal_back,7,10,0.6354736089706421,0.11731843575418995
movi_c_v14_02,temporal_back,7,11,0.6927318572998047,0.21787709497206703
movi_c_v14_02,temporal_back,7,12,0.5767560601234436,0.2569832402234637
movi_c_v14_02,temporal_back,8,1,0.3689030110836029,0.00558659217877095
movi_c_v14_02,temporal_back,8,2,0.4555588364601135,0.0782122905027933
movi_c_v14_02,temporal_back,8,3,0.4524778127670288,0.16759776536312848
movi_c_v14_02,temporal_back,8,4,0.6023471355438232,0.055865921787709494
movi_c_v14_02,temporal_back,8,5,0.46774813532829285,0.0335195530726257
movi_c_v14_02,temporal_back,8,6,0.36168161034584045,0.05027932960893855
movi_c_v14_02,temporal_back,8,7,0.4384145140647888,0.055865921787709494
movi_c_v14_02,temporal_back,8,8,0.9999999403953552,1.0
movi_c_v14_02,temporal_back,8,9,0.501076340675354,0.055865921787709494
movi_c_v14_02,temporal_back,8,10,0.7754861116409302,0.2849162011173184
movi_c_v14_02,temporal_back,8,11,0.5015901923179626,0.055865921787709494
movi_c_v14_02,temporal_back,8,12,0.4517034590244293,0.0670391061452514
movi_c_v14_02,temporal_back,9,1,0.5429852604866028,0.12290502793296089
movi_c_v14_02,temporal_back,9,2,0.32401278614997864,0.03910614525139665
movi_c_v14_02,temporal_back,9,3,0.21002542972564697,0.0111731843575419
movi_c_v14_02,temporal_back,9,4,0.8082736730575562,0.3687150837988827
movi_c_v14_02,temporal_back,9,5,0.6642115712165833,0.19553072625698323
movi_c_v14_02,temporal_back,9,6,0.42150166630744934,0.16201117318435754
movi_c_v14_02,temporal_back,9,7,0.6845198273658752,0.22905027932960895
movi_c_v14_02,temporal_back,9,8,0.501076340675354,0.055865921787709494
movi_c_v14_02,temporal_back,9,9,1.0000001192092896,1.0
movi_c_v14_02,temporal_back,9,10,0.6900171041488647,0.12849162011173185
movi_c_v14_02,temporal_back,9,11,0.5394254326820374,0.12290502793296089
movi_c_v14_02,temporal_back,9,12,0.5269731879234314,0.2011173184357542
movi_c_v14_02,temporal_back,10,1,0.5638138055801392,0.08379888268156424
movi_c_v14_02,temporal_back,10,2,0.4390012323856354,0.0335195530726257
movi_c_v14_02,temporal_back,10,3,0.3815227448940277,0.0670391061452514
movi_c_v14_02,temporal_back,10,4,0.784544825553894,0.13966480446927373
movi_c_v14_02,temporal_back,10,5,0.628630518913269,0.11173184357541899
movi_c_v14_02,temporal_back,10,6,0.4337743818759918,0.061452513966480445
movi_c_v14_02,temporal_back,10,7,0.6354736089706421,0.11731843575418995
movi_c_v14_02,temporal_back,10,8,0.7754861116409302,0.2849162011173184
movi_c_v14_02,temporal_back,10,9,0.6900171041488647,0.12849162011173185
movi_c_v14_02,temporal_back,10,10,1.0000001192092896,1.0
movi_c_v14_02,temporal_back,10,11,0.6169762015342712,0.09497206703910614
movi_c_v14_02,temporal_back,10,12,0.5442498922348022,0.10614525139664804
movi_c_v14_02,temporal_back,11,1,0.5486477017402649,0.03910614525139665
movi_c_v14_02,temporal_back,11,2,0.4989503026008606,0.0893854748603352
movi_c_v14_02,temporal_back,11,3,0.4585605263710022,0.11173184357541899
movi_c_v14_02,temporal_back,11,4,0.6483455300331116,0.15083798882681565
movi_c_v14_02,temporal_back,11,5,0.6291236281394958,0.2011173184357542
movi_c_v14_02,temporal_back,11,6,0.5061065554618835,0.09497206703910614
movi_c_v14_02,temporal_back,11,7,0.6927318572998047,0.21787709497206703
movi_c_v14_02,temporal_back,11,8,0.5015901923179626,0.055865921787709494
movi_c_v14_02,temporal_back,11,9,0.5394254326820374,0.12290502793296089
movi_c_v14_02,temporal_back,11,10,0.6169762015342712,0.09497206703910614
movi_c_v14_02,temporal_back,11,11,1.0000001192092896,1.0
movi_c_v14_02,temporal_back,11,12,0.5612058043479919,0.0893854748603352
movi_c_v14_02,temporal_back,12,1,0.46229395270347595,0.0782122905027933
movi_c_v14_02,temporal_back,12,2,0.49354782700538635,0.11173184357541899
movi_c_v14_02,temporal_back,12,3,0.382170170545578,0.08379888268156424
movi_c_v14_02,temporal_back,12,4,0.6154448390007019,0.22905027932960895
movi_c_v14_02,temporal_back,12,5,0.5722609758377075,0.18435754189944134
movi_c_v14_02,temporal_back,12,6,0.5956291556358337,0.29608938547486036
movi_c_v14_02,temporal_back,12,7,0.5767560601234436,0.2569832402234637
movi_c_v14_02,temporal_back,12,8,0.4517034590244293,0.0670391061452514
movi_c_v14_02,temporal_back,12,9,0.5269731879234314,0.2011173184357542
movi_c_v14_02,temporal_back,12,10,0.5442498922348022,0.10614525139664804
movi_c_v14_02,temporal_back,12,11,0.5612058043479919,0.0893854748603352
movi_c_v14_02,temporal_back,12,12,1.0,1.0
movi_c_v14_02,temporal_front,1,1,1.0,1.0
movi_c_v14_02,temporal_front,1,2,0.36836689710617065,0.1005586592178771
movi_c_v14_02,temporal_front,1,3,0.3959789574146271,0.2122905027932961
movi_c_v14_02,temporal_front,1,4,0.1879403293132782,0.12849162011173185
movi_c_v14_02,temporal_front,1,5,0.3549095392227173,0.2122905027932961
movi_c_v14_02,temporal_front,1,6,0.34240853786468506,0.12290502793296089
movi_c_v14_02,temporal_front,1,7,0.2836741507053375,0.10614525139664804
movi_c_v14_02,temporal_front,1,8,0.3137029707431793,0.12290502793296089
movi_c_v14_02,temporal_front,1,9,0.24268260598182678,0.061452513966480445
movi_c_v14_02,temporal_front,1,10,0.32888856530189514,0.13966480446927373
movi_c_v14_02,temporal_front,1,11,0.13253413140773773,0.055865921787709494
movi_c_v14_02,temporal_front,1,12,0.37277501821517944,0.16759776536312848
movi_c_v14_02,temporal_front,2,1,0.36836689710617065,0.1005586592178771
movi_c_v14_02,temporal_front,2,2,1.0,1.0
movi_c_v14_02,temporal_front,2,3,0.6711612343788147,0.31843575418994413
movi_c_v14_02,temporal_front,2,4,0.39166519045829773,0.2346368715083799
movi_c_v14_02,temporal_front,2,5,0.2495880275964737,0.01675977653631285
movi_c_v14_02,temporal_front,2,6,0.5165238380432129,0.12849162011173185
movi_c_v14_02,temporal_front,2,7,0.5754441618919373,0.18435754189944134
movi_c_v14_02,temporal_front,2,8,0.2893434464931488,0.0223463687150838
movi_c_v14_02,temporal_front,2,9,0.4473727345466614,0.11731843575418995
movi_c_v14_02,temporal_front,2,10,0.31643617153167725,0.05027932960893855
movi_c_v14_02,temporal_front,2,11,0.33595919609069824,0.12290502793296089
movi_c_v14_02,temporal_front,2,12,0.6743390560150146,0.3128491620111732
movi_c_v14_02,temporal_front,3,1,0.3959789574146271,0.2122905027932961
movi_c_v14_02,temporal_front,3,2,0.6711612343788147,0.31843575418994413
movi_c_v14_02,temporal_front,3,3,1.0000001192092896,1.0
movi_c_v14_02,temporal_front,3,4,0.24692142009735107,0.11173184357541899
movi_c_v14_02,temporal_front,3,5,0.3571246862411499,0.1787709497206704
movi_c_v14_02,temporal_front,3,6,0.449937641620636,0.1340782122905028
movi_c_v14_02,temporal_front,3,7,0.488461434841156,0.2346368715083799
movi_c_v14_02,temporal_front,3,8,0.2764240801334381,0.05027932960893855
movi_c_v14_02,temporal_front,3,9,0.3219645917415619,0.05027932960893855
movi_c_v14_02,temporal_front,3,10,0.23887884616851807,0.01675977653631285
movi_c_v14_02,temporal_front,3,11,0.2872363328933716,0.11731843575418995
movi_c_v14_02,temporal_front,3,12,0.5944501757621765,0.3407821229050279
movi_c_v14_02,temporal_front,4,1,0.1879403293132782,0.12849162011173185
movi_c_v14_02,temporal_front,4,2,0.39166519045829773,0.2346368715083799
movi_c_v14_02,temporal_front,4,3,0.24692142009735107,0.11173184357541899
movi_c_v14_02,temporal_front,4,4,1.0,1.0
movi_c_v14_02,temporal_front,4,5,0.04534395784139633,0.0111731843575419
movi_c_v14_02,temporal_front,4,6,0.15741993486881256,0.08379888268156424
movi_c_v14_02,temporal_front,4,7,0.37173283100128174,0.2011173184357542
movi_c_v14_02,temporal_front,4,8,0.10425607115030289,0.061452513966480445
movi_c_v14_02,temporal_front,4,9,0.16799528896808624,0.0446927374301676
movi_c_v14_02,temporal_front,4,10,0.19471828639507294,0.1005586592178771
movi_c_v14_02,temporal_front,4,11,0.0995359867811203,0.0670391061452514
movi_c_v14_02,temporal_front,4,12,0.3464130461215973,0.18435754189944134
movi_c_v14_02,temporal_front,5,1,0.3549095392227173,0.2122905027932961
movi_c_v14_02,temporal_front,5,2,0.2495880275964737,0.01675977653631285
movi_c_v14_02,temporal_front,5,3,0.3571246862411499,0.1787709497206704
movi_c_v14_02,temporal_front,5,4,0.04534395784139633,0.0111731843575419
movi_c_v14_02,temporal_front,5,5,1.0000001192092896,1.0
movi_c_v14_02,temporal_front,5,6,0.371599942445755,0.1005586592178771
movi_c_v14_02,temporal_front,5,7,0.37317129969596863,0.18435754189944134
movi_c_v14_02,temporal_front,5,8,0.46707838773727417,0.16759776536312848
movi_c_v14_02,temporal_front,5,9,0.3741493821144104,0.07262569832402235
movi_c_v14_02,temporal_front,5,10,0.42344093322753906,0.13966480446927373
movi_c_v14_02,temporal_front,5,11,0.3053797781467438,0.09497206703910614
movi_c_v14_02,temporal_front,5,12,0.3992830812931061,0.1452513966480447
movi_c_v14_02,temporal_front,6,1,0.34240853786468506,0.12290502793296089
movi_c_v14_02,temporal_front,6,2,0.5165238380432129,0.12849162011173185
movi_c_v14_02,temporal_front,6,3,0.449937641620636,0.1340782122905028
movi_c_v14_02,temporal_front,6,4,0.15741993486881256,0.08379888268156424
movi_c_v14_02,temporal_front,6,5,0.371599942445755,0.1005586592178771
movi_c_v14_02,temporal_front,6,6,1.0,1.0
movi_c_v14_02,temporal_front,6,7,0.34943726658821106,0.0670391061452514
movi_c_v14_02,temporal_front,6,8,0.35390719771385193,0.08379888268156424
movi_c_v14_02,temporal_front,6,9,0.39067748188972473,0.07262569832402235
movi_c_v14_02,temporal_front,6,10,0.28226545453071594,0.0111731843575419
movi_c_v14_02,temporal_front,6,11,0.2938835620880127,0.05027932960893855
movi_c_v14_02,temporal_front,6,12,0.42705875635147095,0.0446927374301676
movi_c_v14_02,temporal_front,7,1,0.2836741507053375,0.10614525139664804
movi_c_v14_02,temporal_front,7,2,0.5754441618919373,0.18435754189944134
movi_c_v14_02,temporal_front,7,3,0.488461434841156,0.2346368715083799
movi_c_v14_02,temporal_front,7,4,0.37173283100128174,0.2011173184357542
movi_c_v14_02,temporal_front,7,5,0.37317129969596863,0.18435754189944134
movi_c_v14_02,temporal_front,7,6,0.34943726658821106,0.0670391061452514
movi_c_v14_02,temporal_front,7,7,0.9999999403953552,1.0
movi_c_v14_02,temporal_front,7,8,0.1881612092256546,0.0111731843575419
movi_c_v14_02,temporal_front,7,9,0.620663046836853,0.24581005586592178
movi_c_v14_02,temporal_front,7,10,0.13716930150985718,0.01675977653631285
movi_c_v14_02,temporal_front,7,11,0.46390199661254883,0.2569832402234637
movi_c_v14_02,temporal_front,7,12,0.7208860516548157,0.41899441340782123
movi_c_v14_02,temporal_front,8,1,0.3137029707431793,0.12290502793296089
movi_c_v14_02,temporal_front,8,2,0.2893434464931488,0.0223463687150838
movi_c_v14_02,temporal_front,8,3,0.2764240801334381,0.05027932960893855
movi_c_v14_02,temporal_front,8,4,0.10425607115030289,0.061452513966480445
movi_c_v14_02,temporal_front,8,5,0.46707838773727417,0.16759776536312848
movi_c_v14_02,temporal_front,8,6,0.35390719771385193,0.08379888268156424
movi_c_v14_02,temporal_front,8,7,0.1881612092256546,0.0111731843575419
movi_c_v14_02,temporal_front,8,8,0.9999998807907104,1.0
movi_c_v14_02,temporal_front,8,9,0.36061906814575195,0.05027932960893855
movi_c_v14_02,temporal_front,8,10,0.6247330904006958,0.2681564245810056
movi_c_v14_02,temporal_front,8,11,0.24832847714424133,0.0335195530726257
movi_c_v14_02,temporal_front,8,12,0.3142660856246948,0.0111731843575419
movi_c_v14_02,temporal_front,9,1,0.24268260598182678,0.061452513966480445
movi_c_v14_02,temporal_front,9,2,0.4473727345466614,0.11731843575418995
movi_c_v14_02,temporal_front,9,3,0.3219645917415619,0.05027932960893855
movi_c_v14_02,temporal_front,9,4,0.16799528896808624,0.0446927374301676
movi_c_v14_02,temporal_front,9,5,0.3741493821144104,0.07262569832402235
movi_c_v14_02,temporal_front,9,6,0.39067748188972473,0.07262569832402235
movi_c_v14_02,temporal_front,9,7,0.620663046836853,0.24581005586592178
movi_c_v14_02,temporal_front,9,8,0.36061906814575195,0.05027932960893855
movi_c_v14_02,temporal_front,9,9,1.0000001192092896,1.0
movi_c_v14_02,temporal_front,9,10,0.3067666292190552,0.027932960893854747
movi_c_v14_02,temporal_front,9,11,0.5043134689331055,0.29608938547486036
movi_c_v14_02,temporal_front,9,12,0.578274130821228,0.19553072625698323
movi_c_v14_02,temporal_front,10,1,0.32888856530189514,0.13966480446927373
movi_c_v14_02,temporal_front,10,2,0.31643617153167725,0.05027932960893855
movi_c_v14_02,temporal_front,10,3,0.23887884616851807,0.01675977653631285
movi_c_v14_02,temporal_front,10,4,0.19471828639507294,0.1005586592178771
movi_c_v14_02,temporal_front,10,5,0.42344093322753906,0.13966480446927373
movi_c_v14_02,temporal_front,10,6,0.28226545453071594,0.0111731843575419
movi_c_v14_02,temporal_front,10,7,0.13716930150985718,0.01675977653631285
movi_c_v14_02,temporal_front,10,8,0.6247330904006958,0.2681564245810056
movi_c_v14_02,temporal_front,10,9,0.3067666292190552,0.027932960893854747
movi_c_v14_02,temporal_front,10,10,1.0,1.0
movi_c_v14_02,temporal_front,10,11,0.22255854308605194,0.0446927374301676
movi_c_v14_02,temporal_front,10,12,0.29509106278419495,0.0
movi_c_v14_02,temporal_front,11,1,0.13253413140773773,0.055865921787709494
movi_c_v14_02,temporal_front,11,2,0.33595919609069824,0.12290502793296089
movi_c_v14_02,temporal_front,11,3,0.2872363328933716,0.11731843575418995
movi_c_v14_02,temporal_front,11,4,0.0995359867811203,0.0670391061452514
movi_c_v14_02,temporal_front,11,5,0.3053797781467438,0.09497206703910614
movi_c_v14_02,temporal_front,11,6,0.2938835620880127,0.05027932960893855
movi_c_v14_02,temporal_front,11,7,0.46390199661254883,0.2569832402234637
movi_c_v14_02,temporal_front,11,8,0.24832847714424133,0.0335195530726257
movi_c_v14_02,temporal_front,11,9,0.5043134689331055,0.29608938547486036
movi_c_v14_02,temporal_front,11,10,0.22255854308605194,0.0446927374301676
movi_c_v14_02,temporal_front,11,11,1.0,1.0
movi_c_v14_02,temporal_front,11,12,0.45934709906578064,0.2122905027932961
movi_c_v14_02,temporal_front,12,1,0.37277501821517944,0.16759776536312848
movi_c_v14_02,temporal_front,12,2,0.6743390560150146,0.3128491620111732
movi_c_v14_02,temporal_front,12,3,0.5944501757621765,0.3407821229050279
movi_c_v14_02,temporal_front,12,4,0.3464130461215973,0.18435754189944134
movi_c_v14_02,temporal_front,12,5,0.3992830812931061,0.1452513966480447
movi_c_v14_02,temporal_front,12,6,0.42705875635147095,0.0446927374301676
movi_c_v14_02,temporal_front,12,7,0.7208860516548157,0.41899441340782123
movi_c_v14_02,temporal_front,12,8,0.3142660856246948,0.0111731843575419
movi_c_v14_02,temporal_front,12,9,0.578274130821228,0.19553072625698323
movi_c_v14_02,temporal_front,12,10,0.29509106278419495,0.0
movi_c_v14_02,temporal_front,12,11,0.45934709906578064,0.2122905027932961
movi_c_v14_02,temporal_front,12,12,1.0,1.0
movi_c_v14_02,temporal_middle,1,1,1.0,1.0
movi_c_v14_02,temporal_middle,1,2,0.2945866882801056,0.26256983240223464
movi_c_v14_02,temporal_middle,1,3,0.32573646306991577,0.2849162011173184
movi_c_v14_02,temporal_middle,1,4,0.19310638308525085,0.0
movi_c_v14_02,temporal_middle,1,5,0.11450112611055374,0.09497206703910614
movi_c_v14_02,temporal_middle,1,6,0.3126847445964813,0.20670391061452514
movi_c_v14_02,temporal_middle,1,7,0.378797709941864,0.24022346368715083
movi_c_v14_02,temporal_middle,1,8,0.03694610297679901,0.0
movi_c_v14_02,temporal_middle,1,9,0.34817177057266235,0.2122905027932961
movi_c_v14_02,temporal_middle,1,10,0.007262432016432285,0.0
movi_c_v14_02,temporal_middle,1,11,0.2223595678806305,0.11731843575418995
movi_c_v14_02,temporal_middle,1,12,0.35061097145080566,0.2346368715083799
movi_c_v14_02,temporal_middle,2,1,0.2945866882801056,0.26256983240223464
movi_c_v14_02,temporal_middle,2,2,1.0,1.0
movi_c_v14_02,temporal_middle,2,3,0.7920430898666382,0.4972067039106145
movi_c_v14_02,temporal_middle,2,4,0.4244149327278137,0.05027932960893855
movi_c_v14_02,temporal_middle,2,5,0.08590123802423477,0.00558659217877095
movi_c_v14_02,temporal_middle,2,6,0.5903480052947998,0.31843575418994413
movi_c_v14_02,temporal_middle,2,7,0.428356796503067,0.19553072625698323
movi_c_v14_02,temporal_middle,2,8,0.2007727473974228,0.10614525139664804
movi_c_v14_02,temporal_middle,2,9,0.34990742802619934,0.1452513966480447
movi_c_v14_02,temporal_middle,2,10,0.038153886795043945,0.0111731843575419
movi_c_v14_02,temporal_middle,2,11,0.5465604662895203,0.3128491620111732
movi_c_v14_02,temporal_middle,2,12,0.5866579413414001,0.2681564245810056
movi_c_v14_02,temporal_middle,3,1,0.32573646306991577,0.2849162011173184
movi_c_v14_02,temporal_middle,3,2,0.7920430898666382,0.4972067039106145
movi_c_v14_02,temporal_middle,3,3,1.0000001192092896,1.0
movi_c_v14_02,temporal_middle,3,4,0.41552719473838806,0.0223463687150838
movi_c_v14_02,temporal_middle,3,5,0.14963753521442413,0.00558659217877095
movi_c_v14_02,temporal_middle,3,6,0.5518909692764282,0.2681564245810056
movi_c_v14_02,temporal_middle,3,7,0.47910037636756897,0.22346368715083798
movi_c_v14_02,temporal_middle,3,8,0.1607891321182251,0.0670391061452514
movi_c_v14_02,temporal_middle,3,9,0.3772813677787781,0.12849162011173185
movi_c_v14_02,temporal_middle,3,10,0.055620644241571426,0.00558659217877095
movi_c_v14_02,temporal_middle,3,11,0.5053378343582153,0.20670391061452514
movi_c_v14_02,temporal_middle,3,12,0.5742610692977905,0.24581005586592178
movi_c_v14_02,temporal_middle,4,1,0.19310638308525085,0.0
movi_c_v14_02,temporal_middle,4,2,0.4244149327278137,0.05027932960893855
movi_c_v14_02,temporal_middle,4,3,0.41552719473838806,0.0223463687150838
movi_c_v14_02,temporal_middle,4,4,1.0,1.0
movi_c_v14_02,temporal_middle,4,5,0.5264266729354858,0.12290502793296089
movi_c_v14_02,temporal_middle,4,6,0.4521335959434509,0.0223463687150838
movi_c_v14_02,temporal_middle,4,7,0.5057510733604431,0.03910614525139665
movi_c_v14_02,temporal_middle,4,8,0.49433422088623047,0.1005586592178771
movi_c_v14_02,temporal_middle,4,9,0.5977919697761536,0.061452513966480445
movi_c_v14_02,temporal_middle,4,10,0.49802911281585693,0.2737430167597765
movi_c_v14_02,temporal_middle,4,11,0.6106961369514465,0.11173184357541899
movi_c_v14_02,temporal_middle,4,12,0.6522952318191528,0.0893854748603352
movi_c_v14_02,temporal_middle,5,1,0.11450112611055374,0.09497206703910614
movi_c_v14_02,temporal_middle,5,2,0.08590123802423477,0.00558659217877095
movi_c_v14_02,temporal_middle,5,3,0.14963753521442413,0.00558659217877095
movi_c_v14_02,temporal_middle,5,4,0.5264266729354858,0.12290502793296089
movi_c_v14_02,temporal_middle,5,5,1.0,1.0
movi_c_v14_02,temporal_middle,5,6,0.3623085021972656,0.11731843575418995
movi_c_v14_02,temporal_middle,5,7,0.4998602867126465,0.3240223463687151
movi_c_v14_02,temporal_middle,5,8,0.20770177245140076,0.0335195530726257
movi_c_v14_02,temporal_middle,5,9,0.4236379861831665,0.12290502793296089
movi_c_v14_02,temporal_middle,5,10,0.23932580649852753,0.061452513966480445
movi_c_v14_02,temporal_middle,5,11,0.42707934975624084,0.08379888268156424
movi_c_v14_02,temporal_middle,5,12,0.4910692274570465,0.19553072625698323
movi_c_v14_02,temporal_middle,6,1,0.3126847445964813,0.20670391061452514
movi_c_v14_02,temporal_middle,6,2,0.5903480052947998,0.31843575418994413
movi_c_v14_02,temporal_middle,6,3,0.5518909692764282,0.2681564245810056
movi_c_v14_02,temporal_middle,6,4,0.4521335959434509,0.0223463687150838
movi_c_v14_02,temporal_middle,6,5,0.3623085021972656,0.11731843575418995
movi_c_v14_02,temporal_middle,6,6,1.0000001192092896,1.0
movi_c_v14_02,temporal_middle,6,7,0.5595895648002625,0.25139664804469275
movi_c_v14_02,temporal_middle,6,8,0.27717748284339905,0.09497206703910614
movi_c_v14_02,temporal_middle,6,9,0.34927305579185486,0.0670391061452514
movi_c_v14_02,temporal_middle,6,10,0.059143416583538055,0.00558659217877095
movi_c_v14_02,temporal_middle,6,11,0.49765992164611816,0.16759776536312848
movi_c_v14_02,temporal_middle,6,12,0.557743489742279,0.20670391061452514
movi_c_v14_02,temporal_middle,7,1,0.378797709941864,0.24022346368715083
movi_c_v14_02,temporal_middle,7,2,0.428356796503067,0.19553072625698323
movi_c_v14_02,temporal_middle,7,3,0.47910037636756897,0.22346368715083798
movi_c_v14_02,temporal_middle,7,4,0.5057510733604431,0.03910614525139665
movi_c_v14_02,temporal_middle,7,5,0.4998602867126465,0.3240223463687151
movi_c_v14_02,temporal_middle,7,6,0.5595895648002625,0.25139664804469275
movi_c_v14_02,temporal_middle,7,7,0.9999999403953552,1.0
movi_c_v14_02,temporal_middle,7,8,0.13772264122962952,0.0111731843575419
movi_c_v14_02,temporal_middle,7,9,0.6197921633720398,0.24581005586592178
movi_c_v14_02,temporal_middle,7,10,0.051819637417793274,0.0
movi_c_v14_02,temporal_middle,7,11,0.4649123251438141,0.09497206703910614
movi_c_v14_02,temporal_middle,7,12,0.6805691719055176,0.3575418994413408
movi_c_v14_02,temporal_middle,8,1,0.03694610297679901,0.0
movi_c_v14_02,temporal_middle,8,2,0.2007727473974228,0.10614525139664804
movi_c_v14_02,temporal_middle,8,3,0.1607891321182251,0.0670391061452514
movi_c_v14_02,temporal_middle,8,4,0.49433422088623047,0.1005586592178771
movi_c_v14_02,temporal_middle,8,5,0.20770177245140076,0.0335195530726257
movi_c_v14_02,temporal_middle,8,6,0.27717748284339905,0.09497206703910614
movi_c_v14_02,temporal_middle,8,7,0.13772264122962952,0.0111731843575419
movi_c_v14_02,temporal_middle,8,8,1.0000001192092896,1.0
movi_c_v14_02,temporal_middle,8,9,0.19553013145923615,0.0
movi_c_v14_02,temporal_middle,8,10,0.6072694659233093,0.3854748603351955
movi_c_v14_02,temporal_middle,8,11,0.2924036979675293,0.08379888268156424
movi_c_v14_02,temporal_middle,8,12,0.23976780474185944,0.0446927374301676
movi_c_v14_02,temporal_middle,9,1,0.34817177057266235,0.2122905027932961
movi_c_v14_02,temporal_middle,9,2,0.34990742802619934,0.1452513966480447
movi_c_v14_02,temporal_middle,9,3,0.3772813677787781,0.12849162011173185
movi_c_v14_02,temporal_middle,9,4,0.5977919697761536,0.061452513966480445
movi_c_v14_02,temporal_middle,9,5,0.4236379861831665,0.12290502793296089
movi_c_v14_02,temporal_middle,9,6,0.34927305579185486,0.0670391061452514
movi_c_v14_02,temporal_middle,9,7,0.6197921633720398,0.24581005586592178
movi_c_v14_02,temporal_middle,9,8,0.19553013145923615,0.0
movi_c_v14_02,temporal_middle,9,9,1.0000001192092896,1.0
movi_c_v14_02,temporal_middle,9,10,0.13167870044708252,0.0
movi_c_v14_02,temporal_middle,9,11,0.4898304045200348,0.09497206703910614
movi_c_v14_02,temporal_middle,9,12,0.6075756549835205,0.15083798882681565
movi_c_v14_02,temporal_middle,10,1,0.007262432016432285,0.0
movi_c_v14_02,temporal_middle,10,2,0.038153886795043945,0.0111731843575419
movi_c_v14_02,temporal_middle,10,3,0.055620644241571426,0.00558659217877095
movi_c_v14_02,temporal_middle,10,4,0.49802911281585693,0.2737430167597765
movi_c_v14_02,temporal_middle,10,5,0.23932580649852753,0.061452513966480445
movi_c_v14_02,temporal_middle,10,6,0.059143416583538055,0.00558659217877095
movi_c_v14_02,temporal_middle,10,7,0.051819637417793274,0.0
movi_c_v14_02,temporal_middle,10,8,0.6072694659233093,0.3854748603351955
movi_c_v14_02,temporal_middle,10,9,0.13167870044708252,0.0
movi_c_v14_02,temporal_middle,10,10,0.9999998807907104,1.0
movi_c_v14_02,temporal_middle,10,11,0.1685694009065628,0.0223463687150838
movi_c_v14_02,temporal_middle,10,12,0.1303347647190094,0.00558659217877095
movi_c_v14_02,temporal_middle,11,1,0.2223595678806305,0.11731843575418995
movi_c_v14_02,temporal_middle,11,2,0.5465604662895203,0.3128491620111732
movi_c_v14_02,temporal_middle,11,3,0.5053378343582153,0.20670391061452514
movi_c_v14_02,temporal_middle,11,4,0.6106961369514465,0.11173184357541899
movi_c_v14_02,temporal_middle,11,5,0.42707934975624084,0.08379888268156424
movi_c_v14_02,temporal_middle,11,6,0.49765992164611816,0.16759776536312848
movi_c_v14_02,temporal_middle,11,7,0.4649123251438141,0.09497206703910614
movi_c_v14_02,temporal_middle,11,8,0.2924036979675293,0.08379888268156424
movi_c_v14_02,temporal_middle,11,9,0.4898304045200348,0.09497206703910614
movi_c_v14_02,temporal_middle,11,10,0.1685694009065628,0.0223463687150838
movi_c_v14_02,temporal_middle,11,11,0.9999999403953552,1.0
movi_c_v14_02,temporal_middle,11,12,0.6517449617385864,0.2122905027932961
movi_c_v14_02,temporal_middle,12,1,0.35061097145080566,0.2346368715083799
movi_c_v14_02,temporal_middle,12,2,0.5866579413414001,0.2681564245810056
movi_c_v14_02,temporal_middle,12,3,0.5742610692977905,0.24581005586592178
movi_c_v14_02,temporal_middle,12,4,0.6522952318191528,0.0893854748603352
movi_c_v14_02,temporal_middle,12,5,0.4910692274570465,0.19553072625698323
movi_c_v14_02,temporal_middle,12,6,0.557743489742279,0.20670391061452514
movi_c_v14_02,temporal_middle,12,7,0.6805691719055176,0.3575418994413408
movi_c_v14_02,temporal_middle,12,8,0.23976780474185944,0.0446927374301676
movi_c_v14_02,temporal_middle,12,9,0.6075756549835205,0.15083798882681565
movi_c_v14_02,temporal_middle,12,10,0.1303347647190094,0.00558659217877095
movi_c_v14_02,temporal_middle,12,11,0.6517449617385864,0.2122905027932961
movi_c_v14_02,temporal_middle,12,12,1.0,1.0
movi_c_v14_03,spatial_block,1,1,1.0000001192092896,1.0
movi_c_v14_03,spatial_block,1,2,0.6648480892181396,0.30726256983240224
movi_c_v14_03,spatial_block,1,3,0.47187191247940063,0.0782122905027933
movi_c_v14_03,spatial_block,1,4,0.5827716588973999,0.1452513966480447
movi_c_v14_03,spatial_block,1,5,0.5400637984275818,0.1340782122905028
movi_c_v14_03,spatial_block,1,6,0.4360531270503998,0.1005586592178771
movi_c_v14_03,spatial_block,1,7,0.35297614336013794,0.10614525139664804
movi_c_v14_03,spatial_block,1,8,0.3543596863746643,0.0223463687150838
movi_c_v14_03,spatial_block,1,9,0.5556021332740784,0.08379888268156424
movi_c_v14_03,spatial_block,1,10,0.3506496548652649,0.01675977653631285
movi_c_v14_03,spatial_block,1,11,0.5374667048454285,0.11731843575418995
movi_c_v14_03,spatial_block,1,12,0.5532545447349548,0.1340782122905028
movi_c_v14_03,spatial_block,2,1,0.6648480892181396,0.30726256983240224
movi_c_v14_03,spatial_block,2,2,1.0000001192092896,1.0
movi_c_v14_03,spatial_block,2,3,0.4548982083797455,0.1452513966480447
movi_c_v14_03,spatial_block,2,4,0.44400784373283386,0.0670391061452514
movi_c_v14_03,spatial_block,2,5,0.5406553149223328,0.16759776536312848
movi_c_v14_03,spatial_block,2,6,0.42710351943969727,0.19553072625698323
movi_c_v14_03,spatial_block,2,7,0.1409817785024643,0.00558659217877095
movi_c_v14_03,spatial_block,2,8,0.17415153980255127,0.0223463687150838
movi_c_v14_03,spatial_block,2,9,0.3188481628894806,0.05027932960893855
movi_c_v14_03,spatial_block,2,10,0.22624142467975616,0.03910614525139665
movi_c_v14_03,spatial_block,2,11,0.38398563861846924,0.12290502793296089
movi_c_v14_03,spatial_block,2,12,0.4666426479816437,0.18435754189944134
movi_c_v14_03,spatial_block,3,1,0.47187191247940063,0.0782122905027933
movi_c_v14_03,spatial_block,3,2,0.4548982083797455,0.1452513966480447
movi_c_v14_03,spatial_block,3,3,1.0,1.0
movi_c_v14_03,spatial_block,3,4,0.42699867486953735,0.055865921787709494
movi_c_v14_03,spatial_block,3,5,0.43804118037223816,0.17318435754189945
movi_c_v14_03,spatial_block,3,6,0.4216853082180023,0.1452513966480447
movi_c_v14_03,spatial_block,3,7,0.11494835466146469,0.00558659217877095
movi_c_v14_03,spatial_block,3,8,0.6798850297927856,0.44692737430167595
movi_c_v14_03,spatial_block,3,9,0.3551228940486908,0.09497206703910614
movi_c_v14_03,spatial_block,3,10,0.6196015477180481,0.329608938547486
movi_c_v14_03,spatial_block,3,11,0.41685980558395386,0.16201117318435754
movi_c_v14_03,spatial_block,3,12,0.3716985583305359,0.07262569832402235
movi_c_v14_03,spatial_block,4,1,0.5827716588973999,0.1452513966480447
movi_c_v14_03,spatial_block,4,2,0.44400784373283386,0.0670391061452514
movi_c_v14_03,spatial_block,4,3,0.42699867486953735,0.055865921787709494
movi_c_v14_03,spatial_block,4,4,1.0,1.0
movi_c_v14_03,spatial_block,4,5,0.4215303659439087,0.09497206703910614
movi_c_v14_03,spatial_block,4,6,0.3700810372829437,0.07262569832402235
movi_c_v14_03,spatial_block,4,7,0.33490052819252014,0.16759776536312848
movi_c_v14_03,spatial_block,4,8,0.3446402847766876,0.0335195530726257
movi_c_v14_03,spatial_block,4,9,0.4423687160015106,0.10614525139664804
movi_c_v14_03,spatial_block,4,10,0.42759400606155396,0.0782122905027933
movi_c_v14_03,spatial_block,4,11,0.5303366780281067,0.1005586592178771
movi_c_v14_03,spatial_block,4,12,0.5474475622177124,0.11731843575418995
movi_c_v14_03,spatial_block,5,1,0.5400637984275818,0.1340782122905028
movi_c_v14_03,spatial_block,5,2,0.5406553149223328,0.16759776536312848
movi_c_v14_03,spatial_block,5,3,0.43804118037223816,0.17318435754189945
movi_c_v14_03,spatial_block,5,4,0.4215303659439087,0.09497206703910614
movi_c_v14_03,spatial_block,5,5,1.0,1.0
movi_c_v14_03,spatial_block,5,6,0.38255009055137634,0.1452513966480447
movi_c_v14_03,spatial_block,5,7,0.10436244308948517,0.00558659217877095
movi_c_v14_03,spatial_block,5,8,0.4218164086341858,0.26256983240223464
movi_c_v14_03,spatial_block,5,9,0.40427395701408386,0.1452513966480447
movi_c_v14_03,spatial_block,5,10,0.3713417649269104,0.1787709497206704
movi_c_v14_03,spatial_block,5,11,0.2912777364253998,0.07262569832402235
movi_c_v14_03,spatial_block,5,12,0.3988671898841858,0.12849162011173185
movi_c_v14_03,spatial_block,6,1,0.4360531270503998,0.1005586592178771
movi_c_v14_03,spatial_block,6,2,0.42710351943969727,0.19553072625698323
movi_c_v14_03,spatial_block,6,3,0.4216853082180023,0.1452513966480447
movi_c_v14_03,spatial_block,6,4,0.3700810372829437,0.07262569832402235
movi_c_v14_03,spatial_block,6,5,0.38255009055137634,0.1452513966480447
movi_c_v14_03,spatial_block,6,6,0.9999998807907104,1.0
movi_c_v14_03,spatial_block,6,7,0.37809351086616516,0.1005586592178771
movi_c_v14_03,spatial_block,6,8,0.286006897687912,0.05027932960893855
movi_c_v14_03,spatial_block,6,9,0.2779102027416229,0.08379888268156424
movi_c_v14_03,spatial_block,6,10,0.3175424039363861,0.055865921787709494
movi_c_v14_03,spatial_block,6,11,0.4112842082977295,0.12849162011173185
movi_c_v14_03,spatial_block,6,12,0.49498844146728516,0.15083798882681565
movi_c_v14_03,spatial_block,7,1,0.35297614336013794,0.10614525139664804
movi_c_v14_03,spatial_block,7,2,0.1409817785024643,0.00558659217877095
movi_c_v14_03,spatial_block,7,3,0.11494835466146469,0.00558659217877095
movi_c_v14_03,spatial_block,7,4,0.33490052819252014,0.16759776536312848
movi_c_v14_03,spatial_block,7,5,0.10436244308948517,0.00558659217877095
movi_c_v14_03,spatial_block,7,6,0.37809351086616516,0.1005586592178771
movi_c_v14_03,spatial_block,7,7,1.0,1.0
movi_c_v14_03,spatial_block,7,8,0.1664784699678421,0.027932960893854747
movi_c_v14_03,spatial_block,7,9,0.25756046175956726,0.0335195530726257
movi_c_v14_03,spatial_block,7,10,0.18510417640209198,0.0111731843575419
movi_c_v14_03,spatial_block,7,11,0.4800373315811157,0.11731843575418995
movi_c_v14_03,spatial_block,7,12,0.6154000759124756,0.2011173184357542
movi_c_v14_03,spatial_block,8,1,0.3543596863746643,0.0223463687150838
movi_c_v14_03,spatial_block,8,2,0.17415153980255127,0.0223463687150838
movi_c_v14_03,spatial_block,8,3,0.6798850297927856,0.44692737430167595
movi_c_v14_03,spatial_block,8,4,0.3446402847766876,0.0335195530726257
movi_c_v14_03,spatial_block,8,5,0.4218164086341858,0.26256983240223464
movi_c_v14_03,spatial_block,8,6,0.286006897687912,0.05027932960893855
movi_c_v14_03,spatial_block,8,7,0.1664784699678421,0.027932960893854747
movi_c_v14_03,spatial_block,8,8,1.0,1.0
movi_c_v14_03,spatial_block,8,9,0.4583720862865448,0.17318435754189945
movi_c_v14_03,spatial_block,8,10,0.6720333099365234,0.3743016759776536
movi_c_v14_03,spatial_block,8,11,0.37259605526924133,0.10614525139664804
movi_c_v14_03,spatial_block,8,12,0.2904644012451172,0.027932960893854747
movi_c_v14_03,spatial_block,9,1,0.5556021332740784,0.08379888268156424
movi_c_v14_03,spatial_block,9,2,0.3188481628894806,0.05027932960893855
movi_c_v14_03,spatial_block,9,3,0.3551228940486908,0.09497206703910614
movi_c_v14_03,spatial_block,9,4,0.4423687160015106,0.10614525139664804
movi_c_v14_03,spatial_block,9,5,0.40427395701408386,0.1452513966480447
movi_c_v14_03,spatial_block,9,6,0.2779102027416229,0.08379888268156424
movi_c_v14_03,spatial_block,9,7,0.25756046175956726,0.0335195530726257
movi_c_v14_03,spatial_block,9,8,0.4583720862865448,0.17318435754189945
movi_c_v14_03,spatial_block,9,9,1.0000001192092896,1.0
movi_c_v14_03,spatial_block,9,10,0.4534243047237396,0.12849162011173185
movi_c_v14_03,spatial_block,9,11,0.4626552164554596,0.08379888268156424
movi_c_v14_03,spatial_block,9,12,0.3773251473903656,0.05027932960893855
movi_c_v14_03,spatial_block,10,1,0.3506496548652649,0.01675977653631285
movi_c_v14_03,spatial_block,10,2,0.22624142467975616,0.03910614525139665
movi_c_v14_03,spatial_block,10,3,0.6196015477180481,0.329608938547486
movi_c_v14_03,spatial_block,10,4,0.42759400606155396,0.0782122905027933
movi_c_v14_03,spatial_block,10,5,0.3713417649269104,0.1787709497206704
movi_c_v14_03,spatial_block,10,6,0.3175424039363861,0.055865921787709494
movi_c_v14_03,spatial_block,10,7,0.18510417640209198,0.0111731843575419
movi_c_v14_03,spatial_block,10,8,0.6720333099365234,0.3743016759776536
movi_c_v14_03,spatial_block,10,9,0.4534243047237396,0.12849162011173185
movi_c_v14_03,spatial_block,10,10,1.0,1.0
movi_c_v14_03,spatial_block,10,11,0.46609094738960266,0.12290502793296089
movi_c_v14_03,spatial_block,10,12,0.4130215644836426,0.05027932960893855
movi_c_v14_03,spatial_block,11,1,0.5374667048454285,0.11731843575418995
movi_c_v14_03,spatial_block,11,2,0.38398563861846924,0.12290502793296089
movi_c_v14_03,spatial_block,11,3,0.41685980558395386,0.16201117318435754
movi_c_v14_03,spatial_block,11,4,0.5303366780281067,0.1005586592178771
movi_c_v14_03,spatial_block,11,5,0.2912777364253998,0.07262569832402235
movi_c_v14_03,spatial_block,11,6,0.4112842082977295,0.12849162011173185
movi_c_v14_03,spatial_block,11,7,0.4800373315811157,0.11731843575418995
movi_c_v14_03,spatial_block,11,8,0.37259605526924133,0.10614525139664804
movi_c_v14_03,spatial_block,11,9,0.4626552164554596,0.08379888268156424
movi_c_v14_03,spatial_block,11,10,0.46609094738960266,0.12290502793296089
movi_c_v14_03,spatial_block,11,11,1.0000001192092896,1.0
movi_c_v14_03,spatial_block,11,12,0.6290252804756165,0.17318435754189945
movi_c_v14_03,spatial_block,12,1,0.5532545447349548,0.1340782122905028
movi_c_v14_03,spatial_block,12,2,0.4666426479816437,0.18435754189944134
movi_c_v14_03,spatial_block,12,3,0.3716985583305359,0.07262569832402235
movi_c_v14_03,spatial_block,12,4,0.5474475622177124,0.11731843575418995
movi_c_v14_03,spatial_block,12,5,0.3988671898841858,0.12849162011173185
movi_c_v14_03,spatial_block,12,6,0.49498844146728516,0.15083798882681565
movi_c_v14_03,spatial_block,12,7,0.6154000759124756,0.2011173184357542
movi_c_v14_03,spatial_block,12,8,0.2904644012451172,0.027932960893854747
movi_c_v14_03,spatial_block,12,9,0.3773251473903656,0.05027932960893855
movi_c_v14_03,spatial_block,12,10,0.4130215644836426,0.05027932960893855
movi_c_v14_03,spatial_block,12,11,0.6290252804756165,0.17318435754189945
movi_c_v14_03,spatial_block,12,12,0.9999999403953552,1.0
movi_c_v14_03,spatial_scattered,1,1,1.0,1.0
movi_c_v14_03,spatial_scattered,1,2,0.4969986379146576,0.18435754189944134
movi_c_v14_03,spatial_scattered,1,3,0.5139977335929871,0.20670391061452514
movi_c_v14_03,spatial_scattered,1,4,0.5344586968421936,0.07262569832402235
movi_c_v14_03,spatial_scattered,1,5,0.3949378430843353,0.0335195530726257
movi_c_v14_03,spatial_scattered,1,6,0.36899957060813904,0.16759776536312848
movi_c_v14_03,spatial_scattered,1,7,0.26548245549201965,0.0223463687150838
movi_c_v14_03,spatial_scattered,1,8,0.39934179186820984,0.08379888268156424
movi_c_v14_03,spatial_scattered,1,9,0.274064302444458,0.0335195530726257
movi_c_v14_03,spatial_scattered,1,10,0.5026230216026306,0.09497206703910614
movi_c_v14_03,spatial_scattered,1,11,0.21771056950092316,0.00558659217877095
movi_c_v14_03,spatial_scattered,1,12,0.4067104756832123,0.0782122905027933
movi_c_v14_03,spatial_scattered,2,1,0.4969986379146576,0.18435754189944134
movi_c_v14_03,spatial_scattered,2,2,0.9999998807907104,1.0
movi_c_v14_03,spatial_scattered,2,3,0.4903041422367096,0.2346368715083799
movi_c_v14_03,spatial_scattered,2,4,0.33805975317955017,0.0
movi_c_v14_03,spatial_scattered,2,5,0.35616397857666016,0.08379888268156424
movi_c_v14_03,spatial_scattered,2,6,0.23789681494235992,0.07262569832402235
movi_c_v14_03,spatial_scattered,2,7,0.058148156851530075,0.0
movi_c_v14_03,spatial_scattered,2,8,0.34374234080314636,0.10614525139664804
movi_c_v14_03,spatial_scattered,2,9,0.21321378648281097,0.07262569832402235
movi_c_v14_03,spatial_scattered,2,10,0.4265921115875244,0.1005586592178771
movi_c_v14_03,spatial_scattered,2,11,0.06354185193777084,0.0
movi_c_v14_03,spatial_scattered,2,12,0.31941500306129456,0.061452513966480445
movi_c_v14_03,spatial_scattered,3,1,0.5139977335929871,0.20670391061452514
movi_c_v14_03,spatial_scattered,3,2,0.4903041422367096,0.2346368715083799
movi_c_v14_03,spatial_scattered,3,3,1.0,1.0
movi_c_v14_03,spatial_scattered,3,4,0.5431519150733948,0.0335195530726257
movi_c_v14_03,spatial_scattered,3,5,0.6073407530784607,0.19553072625698323
movi_c_v14_03,spatial_scattered,3,6,0.5352267622947693,0.18994413407821228
movi_c_v14_03,spatial_scattered,3,7,0.3541083037853241,0.12849162011173185
movi_c_v14_03,spatial_scattered,3,8,0.3846152126789093,0.0782122905027933
movi_c_v14_03,spatial_scattered,3,9,0.36249780654907227,0.1005586592178771
movi_c_v14_03,spatial_scattered,3,10,0.4001670777797699,0.027932960893854747
movi_c_v14_03,spatial_scattered,3,11,0.26531410217285156,0.0111731843575419
movi_c_v14_03,spatial_scattered,3,12,0.46871495246887207,0.08379888268156424
movi_c_v14_03,spatial_scattered,4,1,0.5344586968421936,0.07262569832402235
movi_c_v14_03,spatial_scattered,4,2,0.33805975317955017,0.0
movi_c_v14_03,spatial_scattered,4,3,0.5431519150733948,0.0335195530726257
movi_c_v14_03,spatial_scattered,4,4,1.0000001192092896,1.0
movi_c_v14_03,spatial_scattered,4,5,0.738775908946991,0.07262569832402235
movi_c_v14_03,spatial_scattered,4,6,0.43307527899742126,0.0111731843575419
movi_c_v14_03,spatial_scattered,4,7,0.5519181489944458,0.12849162011173185
movi_c_v14_03,spatial_scattered,4,8,0.5347530841827393,0.0782122905027933
movi_c_v14_03,spatial_scattered,4,9,0.6243334412574768,0.16759776536312848
movi_c_v14_03,spatial_scattered,4,10,0.7025764584541321,0.00558659217877095
movi_c_v14_03,spatial_scattered,4,11,0.7376536726951599,0.1564245810055866
movi_c_v14_03,spatial_scattered,4,12,0.7142850160598755,0.12849162011173185
movi_c_v14_03,spatial_scattered,5,1,0.3949378430843353,0.0335195530726257
movi_c_v14_03,spatial_scattered,5,2,0.35616397857666016,0.08379888268156424
movi_c_v14_03,spatial_scattered,5,3,0.6073407530784607,0.19553072625698323
movi_c_v14_03,spatial_scattered,5,4,0.738775908946991,0.07262569832402235
movi_c_v14_03,spatial_scattered,5,5,1.0,1.0
movi_c_v14_03,spatial_scattered,5,6,0.5387200713157654,0.12290502793296089
movi_c_v14_03,spatial_scattered,5,7,0.5037504434585571,0.061452513966480445
movi_c_v14_03,spatial_scattered,5,8,0.5015485286712646,0.17318435754189945
movi_c_v14_03,spatial_scattered,5,9,0.405698299407959,0.027932960893854747
movi_c_v14_03,spatial_scattered,5,10,0.5396168231964111,0.0335195530726257
movi_c_v14_03,spatial_scattered,5,11,0.5272250175476074,0.03910614525139665
movi_c_v14_03,spatial_scattered,5,12,0.5752588510513306,0.027932960893854747
movi_c_v14_03,spatial_scattered,6,1,0.36899957060813904,0.16759776536312848
movi_c_v14_03,spatial_scattered,6,2,0.23789681494235992,0.07262569832402235
movi_c_v14_03,spatial_scattered,6,3,0.5352267622947693,0.18994413407821228
movi_c_v14_03,spatial_scattered,6,4,0.43307527899742126,0.0111731843575419
movi_c_v14_03,spatial_scattered,6,5,0.5387200713157654,0.12290502793296089
movi_c_v14_03,spatial_scattered,6,6,1.0,1.0
movi_c_v14_03,spatial_scattered,6,7,0.5024592876434326,0.16201117318435754
movi_c_v14_03,spatial_scattered,6,8,0.21708783507347107,0.05027932960893855
movi_c_v14_03,spatial_scattered,6,9,0.27113252878189087,0.05027932960893855
movi_c_v14_03,spatial_scattered,6,10,0.21044662594795227,0.0111731843575419
movi_c_v14_03,spatial_scattered,6,11,0.31170570850372314,0.05027932960893855
movi_c_v14_03,spatial_scattered,6,12,0.5223550200462341,0.11173184357541899
movi_c_v14_03,spatial_scattered,7,1,0.26548245549201965,0.0223463687150838
movi_c_v14_03,spatial_scattered,7,2,0.058148156851530075,0.0
movi_c_v14_03,spatial_scattered,7,3,0.3541083037853241,0.12849162011173185
movi_c_v14_03,spatial_scattered,7,4,0.5519181489944458,0.12849162011173185
movi_c_v14_03,spatial_scattered,7,5,0.5037504434585571,0.061452513966480445
movi_c_v14_03,spatial_scattered,7,6,0.5024592876434326,0.16201117318435754
movi_c_v14_03,spatial_scattered,7,7,1.0,1.0
movi_c_v14_03,spatial_scattered,7,8,0.16232110559940338,0.01675977653631285
movi_c_v14_03,spatial_scattered,7,9,0.3665977716445923,0.05027932960893855
movi_c_v14_03,spatial_scattered,7,10,0.11416371911764145,0.0
movi_c_v14_03,spatial_scattered,7,11,0.5266096591949463,0.1564245810055866
movi_c_v14_03,spatial_scattered,7,12,0.6330148577690125,0.2011173184357542
movi_c_v14_03,spatial_scattered,8,1,0.39934179186820984,0.08379888268156424
movi_c_v14_03,spatial_scattered,8,2,0.34374234080314636,0.10614525139664804
movi_c_v14_03,spatial_scattered,8,3,0.3846152126789093,0.0782122905027933
movi_c_v14_03,spatial_scattered,8,4,0.5347530841827393,0.0782122905027933
movi_c_v14_03,spatial_scattered,8,5,0.5015485286712646,0.17318435754189945
movi_c_v14_03,spatial_scattered,8,6,0.21708783507347107,0.05027932960893855
movi_c_v14_03,spatial_scattered,8,7,0.16232110559940338,0.01675977653631285
movi_c_v14_03,spatial_scattered,8,8,1.0,1.0
movi_c_v14_03,spatial_scattered,8,9,0.3712478578090668,0.11173184357541899
movi_c_v14_03,spatial_scattered,8,10,0.6952469348907471,0.26256983240223464
movi_c_v14_03,spatial_scattered,8,11,0.26532045006752014,0.03910614525139665
movi_c_v14_03,spatial_scattered,8,12,0.24911867082118988,0.0335195530726257
movi_c_v14_03,spatial_scattered,9,1,0.274064302444458,0.0335195530726257
movi_c_v14_03,spatial_scattered,9,2,0.21321378648281097,0.07262569832402235
movi_c_v14_03,spatial_scattered,9,3,0.36249780654907227,0.1005586592178771
movi_c_v14_03,spatial_scattered,9,4,0.6243334412574768,0.16759776536312848
movi_c_v14_03,spatial_scattered,9,5,0.405698299407959,0.027932960893854747
movi_c_v14_03,spatial_scattered,9,6,0.27113252878189087,0.05027932960893855
movi_c_v14_03,spatial_scattered,9,7,0.3665977716445923,0.05027932960893855
movi_c_v14_03,spatial_scattered,9,8,0.3712478578090668,0.11173184357541899
movi_c_v14_03,spatial_scattered,9,9,0.9999999403953552,1.0
movi_c_v14_03,spatial_scattered,9,10,0.4470897614955902,0.0446927374301676
movi_c_v14_03,spatial_scattered,9,11,0.4618341624736786,0.11173184357541899
movi_c_v14_03,spatial_scattered,9,12,0.5401541590690613,0.19553072625698323
movi_c_v14_03,spatial_scattered,10,1,0.5026230216026306,0.09497206703910614
movi_c_v14_03,spatial_scattered,10,2,0.4265921115875244,0.1005586592178771
movi_c_v14_03,spatial_scattered,10,3,0.4001670777797699,0.027932960893854747
movi_c_v14_03,spatial_scattered,10,4,0.7025764584541321,0.00558659217877095
movi_c_v14_03,spatial_scattered,10,5,0.5396168231964111,0.0335195530726257
movi_c_v14_03,spatial_scattered,10,6,0.21044662594795227,0.0111731843575419
movi_c_v14_03,spatial_scattered,10,7,0.11416371911764145,0.0
movi_c_v14_03,spatial_scattered,10,8,0.6952469348907471,0.26256983240223464
movi_c_v14_03,spatial_scattered,10,9,0.4470897614955902,0.0446927374301676
movi_c_v14_03,spatial_scattered,10,10,1.0,1.0
movi_c_v14_03,spatial_scattered,10,11,0.4230048656463623,0.08379888268156424
movi_c_v14_03,spatial_scattered,10,12,0.3513612449169159,0.0
movi_c_v14_03,spatial_scattered,11,1,0.21771056950092316,0.00558659217877095
movi_c_v14_03,spatial_scattered,11,2,0.06354185193777084,0.0
movi_c_v14_03,spatial_scattered,11,3,0.26531410217285156,0.0111731843575419
movi_c_v14_03,spatial_scattered,11,4,0.7376536726951599,0.1564245810055866
movi_c_v14_03,spatial_scattered,11,5,0.5272250175476074,0.03910614525139665
movi_c_v14_03,spatial_scattered,11,6,0.31170570850372314,0.05027932960893855
movi_c_v14_03,spatial_scattered,11,7,0.5266096591949463,0.1564245810055866
movi_c_v14_03,spatial_scattered,11,8,0.26532045006752014,0.03910614525139665
movi_c_v14_03,spatial_scattered,11,9,0.4618341624736786,0.11173184357541899
movi_c_v14_03,spatial_scattered,11,10,0.4230048656463623,0.08379888268156424
movi_c_v14_03,spatial_scattered,11,11,0.9999999403953552,1.0
movi_c_v14_03,spatial_scattered,11,12,0.6036374568939209,0.2737430167597765
movi_c_v14_03,spatial_scattered,12,1,0.4067104756832123,0.0782122905027933
movi_c_v14_03,spatial_scattered,12,2,0.31941500306129456,0.061452513966480445
movi_c_v14_03,spatial_scattered,12,3,0.46871495246887207,0.08379888268156424
movi_c_v14_03,spatial_scattered,12,4,0.7142850160598755,0.12849162011173185
movi_c_v14_03,spatial_scattered,12,5,0.5752588510513306,0.027932960893854747
movi_c_v14_03,spatial_scattered,12,6,0.5223550200462341,0.11173184357541899
movi_c_v14_03,spatial_scattered,12,7,0.6330148577690125,0.2011173184357542
movi_c_v14_03,spatial_scattered,12,8,0.24911867082118988,0.0335195530726257
movi_c_v14_03,spatial_scattered,12,9,0.5401541590690613,0.19553072625698323
movi_c_v14_03,spatial_scattered,12,10,0.3513612449169159,0.0
movi_c_v14_03,spatial_scattered,12,11,0.6036374568939209,0.2737430167597765
movi_c_v14_03,spatial_scattered,12,12,1.0,1.0
movi_c_v14_03,temporal_back,1,1,1.0,1.0
movi_c_v14_03,temporal_back,1,2,0.35002005100250244,0.20670391061452514
movi_c_v14_03,temporal_back,1,3,0.4030008614063263,0.16201117318435754
movi_c_v14_03,temporal_back,1,4,0.5482085347175598,0.1340782122905028
movi_c_v14_03,temporal_back,1,5,0.48586252331733704,0.11731843575418995
movi_c_v14_03,temporal_back,1,6,0.3846006989479065,0.13966480446927373
movi_c_v14_03,temporal_back,1,7,0.5488280057907104,0.24022346368715083
movi_c_v14_03,temporal_back,1,8,0.30988165736198425,0.00558659217877095
movi_c_v14_03,temporal_back,1,9,0.4151175916194916,0.09497206703910614
movi_c_v14_03,temporal_back,1,10,0.5432792901992798,0.12849162011173185
movi_c_v14_03,temporal_back,1,11,0.4550890028476715,0.0670391061452514
movi_c_v14_03,temporal_back,1,12,0.5764666199684143,0.22905027932960895
movi_c_v14_03,temporal_back,2,1,0.35002005100250244,0.20670391061452514
movi_c_v14_03,temporal_back,2,2,1.0000001192092896,1.0
movi_c_v14_03,temporal_back,2,3,0.6578983664512634,0.44692737430167595
movi_c_v14_03,temporal_back,2,4,0.3082486391067505,0.03910614525139665
movi_c_v14_03,temporal_back,2,5,0.17424187064170837,0.0335195530726257
movi_c_v14_03,temporal_back,2,6,0.28728172183036804,0.061452513966480445
movi_c_v14_03,temporal_back,2,7,0.2910655736923218,0.0670391061452514
movi_c_v14_03,temporal_back,2,8,0.2641621232032776,0.055865921787709494
movi_c_v14_03,temporal_back,2,9,0.18665513396263123,0.027932960893854747
movi_c_v14_03,temporal_back,2,10,0.3347773551940918,0.0782122905027933
movi_c_v14_03,temporal_back,2,11,0.4617869257926941,0.2346368715083799
movi_c_v14_03,temporal_back,2,12,0.3472939729690552,0.13966480446927373
movi_c_v14_03,temporal_back,3,1,0.4030008614063263,0.16201117318435754
movi_c_v14_03,temporal_back,3,2,0.6578983664512634,0.44692737430167595
movi_c_v14_03,temporal_back,3,3,1.0,1.0
movi_c_v14_03,temporal_back,3,4,0.533245861530304,0.0223463687150838
movi_c_v14_03,temporal_back,3,5,0.3570708632469177,0.03910614525139665
movi_c_v14_03,temporal_back,3,6,0.4835149943828583,0.11173184357541899
movi_c_v14_03,temporal_back,3,7,0.3997456133365631,0.0446927374301676
movi_c_v14_03,temporal_back,3,8,0.49135810136795044,0.07262569832402235
movi_c_v14_03,temporal_back,3,9,0.32303863763809204,0.0335195530726257
movi_c_v14_03,temporal_back,3,10,0.5441170334815979,0.055865921787709494
movi_c_v14_03,temporal_back,3,11,0.6673021912574768,0.2011173184357542
movi_c_v14_03,temporal_back,3,12,0.44698089361190796,0.09497206703910614
movi_c_v14_03,temporal_back,4,1,0.5482085347175598,0.1340782122905028
movi_c_v14_03,temporal_back,4,2,0.3082486391067505,0.03910614525139665
movi_c_v14_03,temporal_back,4,3,0.533245861530304,0.0223463687150838
movi_c_v14_03,temporal_back,4,4,1.0000001192092896,1.0
movi_c_v14_03,temporal_back,4,5,0.7079774141311646,0.16201117318435754
movi_c_v14_03,temporal_back,4,6,0.5464689135551453,0.11173184357541899
movi_c_v14_03,temporal_back,4,7,0.759190022945404,0.3128491620111732
movi_c_v14_03,temporal_back,4,8,0.7295710444450378,0.03910614525139665
movi_c_v14_03,temporal_back,4,9,0.7429401874542236,0.3016759776536313
movi_c_v14_03,temporal_back,4,10,0.850058913230896,0.21787709497206703
movi_c_v14_03,temporal_back,4,11,0.7682697176933289,0.061452513966480445
movi_c_v14_03,temporal_back,4,12,0.6836534738540649,0.2849162011173184
movi_c_v14_03,temporal_back,5,1,0.48586252331733704,0.11731843575418995
movi_c_v14_03,temporal_back,5,2,0.17424187064170837,0.0335195530726257
movi_c_v14_03,temporal_back,5,3,0.3570708632469177,0.03910614525139665
movi_c_v14_03,temporal_back,5,4,0.7079774141311646,0.16201117318435754
movi_c_v14_03,temporal_back,5,5,1.0,1.0
movi_c_v14_03,temporal_back,5,6,0.3662157952785492,0.05027932960893855
movi_c_v14_03,temporal_back,5,7,0.5765894055366516,0.0893854748603352
movi_c_v14_03,temporal_back,5,8,0.5996348261833191,0.12290502793296089
movi_c_v14_03,temporal_back,5,9,0.5104851126670837,0.055865921787709494
movi_c_v14_03,temporal_back,5,10,0.6949229836463928,0.1564245810055866
movi_c_v14_03,temporal_back,5,11,0.6069896221160889,0.0782122905027933
movi_c_v14_03,temporal_back,5,12,0.5430312156677246,0.1005586592178771
movi_c_v14_03,temporal_back,6,1,0.3846006989479065,0.13966480446927373
movi_c_v14_03,temporal_back,6,2,0.28728172183036804,0.061452513966480445
movi_c_v14_03,temporal_back,6,3,0.4835149943828583,0.11173184357541899
movi_c_v14_03,temporal_back,6,4,0.5464689135551453,0.11173184357541899
movi_c_v14_03,temporal_back,6,5,0.3662157952785492,0.05027932960893855
movi_c_v14_03,temporal_back,6,6,1.0,1.0
movi_c_v14_03,temporal_back,6,7,0.4556489586830139,0.13966480446927373
movi_c_v14_03,temporal_back,6,8,0.45436227321624756,0.0893854748603352
movi_c_v14_03,temporal_back,6,9,0.3488895893096924,0.055865921787709494
movi_c_v14_03,temporal_back,6,10,0.49810591340065,0.0335195530726257
movi_c_v14_03,temporal_back,6,11,0.5587964057922363,0.0670391061452514
movi_c_v14_03,temporal_back,6,12,0.5190773010253906,0.17318435754189945
movi_c_v14_03,temporal_back,7,1,0.5488280057907104,0.24022346368715083
movi_c_v14_03,temporal_back,7,2,0.2910655736923218,0.0670391061452514
movi_c_v14_03,temporal_back,7,3,0.3997456133365631,0.0446927374301676
movi_c_v14_03,temporal_back,7,4,0.759190022945404,0.3128491620111732
movi_c_v14_03,temporal_back,7,5,0.5765894055366516,0.0893854748603352
movi_c_v14_03,temporal_back,7,6,0.4556489586830139,0.13966480446927373
movi_c_v14_03,temporal_back,7,7,1.0000001192092896,1.0
movi_c_v14_03,temporal_back,7,8,0.47734159231185913,0.027932960893854747
movi_c_v14_03,temporal_back,7,9,0.6527549624443054,0.2681564245810056
movi_c_v14_03,temporal_back,7,10,0.6840068697929382,0.1452513966480447
movi_c_v14_03,temporal_back,7,11,0.6301782131195068,0.11731843575418995
movi_c_v14_03,temporal_back,7,12,0.6572338342666626,0.33519553072625696
movi_c_v14_03,temporal_back,8,1,0.30988165736198425,0.00558659217877095
movi_c_v14_03,temporal_back,8,2,0.2641621232032776,0.055865921787709494
movi_c_v14_03,temporal_back,8,3,0.49135810136795044,0.07262569832402235
movi_c_v14_03,temporal_back,8,4,0.7295710444450378,0.03910614525139665
movi_c_v14_03,temporal_back,8,5,0.5996348261833191,0.12290502793296089
movi_c_v14_03,temporal_back,8,6,0.45436227321624756,0.0893854748603352
movi_c_v14_03,temporal_back,8,7,0.47734159231185913,0.027932960893854747
movi_c_v14_03,temporal_back,8,8,1.0,1.0
movi_c_v14_03,temporal_back,8,9,0.5142707228660583,0.0446927374301676
movi_c_v14_03,temporal_back,8,10,0.7562432289123535,0.1564245810055866
movi_c_v14_03,temporal_back,8,11,0.6874854564666748,0.13966480446927373
movi_c_v14_03,temporal_back,8,12,0.39238983392715454,0.0111731843575419
movi_c_v14_03,temporal_back,9,1,0.4151175916194916,0.09497206703910614
movi_c_v14_03,temporal_back,9,2,0.18665513396263123,0.027932960893854747
movi_c_v14_03,temporal_back,9,3,0.32303863763809204,0.0335195530726257
movi_c_v14_03,temporal_back,9,4,0.7429401874542236,0.3016759776536313
movi_c_v14_03,temporal_back,9,5,0.5104851126670837,0.055865921787709494
movi_c_v14_03,temporal_back,9,6,0.3488895893096924,0.055865921787709494
movi_c_v14_03,temporal_back,9,7,0.6527549624443054,0.2681564245810056
movi_c_v14_03,temporal_back,9,8,0.5142707228660583,0.0446927374301676
movi_c_v14_03,temporal_back,9,9,1.0000001192092896,1.0
movi_c_v14_03,temporal_back,9,10,0.6707313060760498,0.1787709497206704
movi_c_v14_03,temporal_back,9,11,0.5665255784988403,0.0893854748603352
movi_c_v14_03,temporal_back,9,12,0.49648579955101013,0.22346368715083798
movi_c_v14_03,temporal_back,10,1,0.5432792901992798,0.12849162011173185
movi_c_v14_03,temporal_back,10,2,0.3347773551940918,0.0782122905027933
movi_c_v14_03,temporal_back,10,3,0.5441170334815979,0.055865921787709494
movi_c_v14_03,temporal_back,10,4,0.850058913230896,0.21787709497206703
movi_c_v14_03,temporal_back,10,5,0.6949229836463928,0.1564245810055866
movi_c_v14_03,temporal_back,10,6,0.49810591340065,0.0335195530726257
movi_c_v14_03,temporal_back,10,7,0.6840068697929382,0.1452513966480447
movi_c_v14_03,temporal_back,10,8,0.7562432289123535,0.1564245810055866
movi_c_v14_03,temporal_back,10,9,0.6707313060760498,0.1787709497206704
movi_c_v14_03,temporal_back,10,10,0.9999998807907104,1.0
movi_c_v14_03,temporal_back,10,11,0.7432276606559753,0.0782122905027933
movi_c_v14_03,temporal_back,10,12,0.616668164730072,0.17318435754189945
movi_c_v14_03,temporal_back,11,1,0.4550890028476715,0.0670391061452514
movi_c_v14_03,temporal_back,11,2,0.4617869257926941,0.2346368715083799
movi_c_v14_03,temporal_back,11,3,0.6673021912574768,0.2011173184357542
movi_c_v14_03,temporal_back,11,4,0.7682697176933289,0.061452513966480445
movi_c_v14_03,temporal_back,11,5,0.6069896221160889,0.0782122905027933
movi_c_v14_03,temporal_back,11,6,0.5587964057922363,0.0670391061452514
movi_c_v14_03,temporal_back,11,7,0.6301782131195068,0.11731843575418995
movi_c_v14_03,temporal_back,11,8,0.6874854564666748,0.13966480446927373
movi_c_v14_03,temporal_back,11,9,0.5665255784988403,0.0893854748603352
movi_c_v14_03,temporal_back,11,10,0.7432276606559753,0.0782122905027933
movi_c_v14_03,temporal_back,11,11,1.0,1.0
movi_c_v14_03,temporal_back,11,12,0.6258370876312256,0.1564245810055866
movi_c_v14_03,temporal_back,12,1,0.5764666199684143,0.22905027932960895
movi_c_v14_03,temporal_back,12,2,0.3472939729690552,0.13966480446927373
movi_c_v14_03,temporal_back,12,3,0.44698089361190796,0.09497206703910614
movi_c_v14_03,temporal_back,12,4,0.6836534738540649,0.2849162011173184
movi_c_v14_03,temporal_back,12,5,0.5430312156677246,0.1005586592178771
movi_c_v14_03,temporal_back,12,6,0.5190773010253906,0.17318435754189945
movi_c_v14_03,temporal_back,12,7,0.6572338342666626,0.33519553072625696
movi_c_v14_03,temporal_back,12,8,0.39238983392715454,0.0111731843575419
movi_c_v14_03,temporal_back,12,9,0.49648579955101013,0.22346368715083798
movi_c_v14_03,temporal_back,12,10,0.616668164730072,0.17318435754189945
movi_c_v14_03,temporal_back,12,11,0.6258370876312256,0.1564245810055866
movi_c_v14_03,temporal_back,12,12,1.0000001192092896,1.0
movi_c_v14_03,temporal_front,1,1,1.0,1.0
movi_c_v14_03,temporal_front,1,2,0.4449370503425598,0.27932960893854747
movi_c_v14_03,temporal_front,1,3,0.3545626401901245,0.24581005586592178
movi_c_v14_03,temporal_front,1,4,0.24640251696109772,0.00558659217877095
movi_c_v14_03,temporal_front,1,5,0.05237853527069092,0.05027932960893855
movi_c_v14_03,temporal_front,1,6,0.3352021872997284,0.22905027932960895
movi_c_v14_03,temporal_front,1,7,0.34963396191596985,0.2346368715083799
movi_c_v14_03,temporal_front,1,8,0.09138114750385284,0.055865921787709494
movi_c_v14_03,temporal_front,1,9,0.3054141402244568,0.19553072625698323
movi_c_v14_03,temporal_front,1,10,0.05978228151798248,0.061452513966480445
movi_c_v14_03,temporal_front,1,11,0.2746941149234772,0.18994413407821228
movi_c_v14_03,temporal_front,1,12,0.2562805712223053,0.1564245810055866
movi_c_v14_03,temporal_front,2,1,0.4449370503425598,0.27932960893854747
movi_c_v14_03,temporal_front,2,2,0.9999999403953552,1.0
movi_c_v14_03,temporal_front,2,3,0.5827580690383911,0.3016759776536313
movi_c_v14_03,temporal_front,2,4,0.5022434592247009,0.03910614525139665
movi_c_v14_03,temporal_front,2,5,0.11079635471105576,0.0
movi_c_v14_03,temporal_front,2,6,0.5349235534667969,0.2011173184357542
movi_c_v14_03,temporal_front,2,7,0.5315137505531311,0.21787709497206703
movi_c_v14_03,temporal_front,2,8,0.4711654484272003,0.2681564245810056
movi_c_v14_03,temporal_front,2,9,0.5503934621810913,0.2681564245810056
movi_c_v14_03,temporal_front,2,10,0.2097885012626648,0.08379888268156424
movi_c_v14_03,temporal_front,2,11,0.6303433179855347,0.2737430167597765
movi_c_v14_03,temporal_front,2,12,0.49438023567199707,0.1787709497206704
movi_c_v14_03,temporal_front,3,1,0.3545626401901245,0.24581005586592178
movi_c_v14_03,temporal_front,3,2,0.5827580690383911,0.3016759776536313
movi_c_v14_03,temporal_front,3,3,0.9999998807907104,1.0
movi_c_v14_03,temporal_front,3,4,0.4874366819858551,0.061452513966480445
movi_c_v14_03,temporal_front,3,5,0.3435184359550476,0.1452513966480447
movi_c_v14_03,temporal_front,3,6,0.49861040711402893,0.25139664804469275
movi_c_v14_03,temporal_front,3,7,0.6195108890533447,0.3854748603351955
movi_c_v14_03,temporal_front,3,8,0.31776154041290283,0.15083798882681565
movi_c_v14_03,temporal_front,3,9,0.4121776819229126,0.19553072625698323
movi_c_v14_03,temporal_front,3,10,0.19011004269123077,0.0782122905027933
movi_c_v14_03,temporal_front,3,11,0.3979848027229309,0.18435754189944134
movi_c_v14_03,temporal_front,3,12,0.49333301186561584,0.26256983240223464
movi_c_v14_03,temporal_front,4,1,0.24640251696109772,0.00558659217877095
movi_c_v14_03,temporal_front,4,2,0.5022434592247009,0.03910614525139665
movi_c_v14_03,temporal_front,4,3,0.4874366819858551,0.061452513966480445
movi_c_v14_03,temporal_front,4,4,1.0,1.0
movi_c_v14_03,temporal_front,4,5,0.4547611474990845,0.0446927374301676
movi_c_v14_03,temporal_front,4,6,0.5009721517562866,0.0111731843575419
movi_c_v14_03,temporal_front,4,7,0.5059967041015625,0.0335195530726257
movi_c_v14_03,temporal_front,4,8,0.5105197429656982,0.11173184357541899
movi_c_v14_03,temporal_front,4,9,0.5600746870040894,0.13966480446927373
movi_c_v14_03,temporal_front,4,10,0.4189773201942444,0.16759776536312848
movi_c_v14_03,temporal_front,4,11,0.51372891664505,0.0335195530726257
movi_c_v14_03,temporal_front,4,12,0.5243171453475952,0.0111731843575419
movi_c_v14_03,temporal_front,5,1,0.05237853527069092,0.05027932960893855
movi_c_v14_03,temporal_front,5,2,0.11079635471105576,0.0
movi_c_v14_03,temporal_front,5,3,0.3435184359550476,0.1452513966480447
movi_c_v14_03,temporal_front,5,4,0.4547611474990845,0.0446927374301676
movi_c_v14_03,temporal_front,5,5,1.0,1.0
movi_c_v14_03,temporal_front,5,6,0.3550720810890198,0.16201117318435754
movi_c_v14_03,temporal_front,5,7,0.5791183114051819,0.3854748603351955
movi_c_v14_03,temporal_front,5,8,0.1355811059474945,0.01675977653631285
movi_c_v14_03,temporal_front,5,9,0.20633815228939056,0.0335195530726257
movi_c_v14_03,temporal_front,5,10,0.14735418558120728,0.027932960893854747
movi_c_v14_03,temporal_front,5,11,0.11352617293596268,0.0223463687150838
movi_c_v14_03,temporal_front,5,12,0.53066086769104,0.3407821229050279
movi_c_v14_03,temporal_front,6,1,0.3352021872997284,0.22905027932960895
movi_c_v14_03,temporal_front,6,2,0.5349235534667969,0.2011173184357542
movi_c_v14_03,temporal_front,6,3,0.49861040711402893,0.25139664804469275
movi_c_v14_03,temporal_front,6,4,0.5009721517562866,0.0111731843575419
movi_c_v14_03,temporal_front,6,5,0.3550720810890198,0.16201117318435754
movi_c_v14_03,temporal_front,6,6,0.9999998807907104,1.0
movi_c_v14_03,temporal_front,6,7,0.6197386980056763,0.4022346368715084
movi_c_v14_03,temporal_front,6,8,0.17077425122261047,0.05027932960893855
movi_c_v14_03,temporal_front,6,9,0.37943220138549805,0.1564245810055866
movi_c_v14_03,temporal_front,6,10,0.04150253161787987,0.00558659217877095
movi_c_v14_03,temporal_front,6,11,0.4604493975639343,0.1564245810055866
movi_c_v14_03,temporal_front,6,12,0.578328013420105,0.2681564245810056
movi_c_v14_03,temporal_front,7,1,0.34963396191596985,0.2346368715083799
movi_c_v14_03,temporal_front,7,2,0.5315137505531311,0.21787709497206703
movi_c_v14_03,temporal_front,7,3,0.6195108890533447,0.3854748603351955
movi_c_v14_03,temporal_front,7,4,0.5059967041015625,0.0335195530726257
movi_c_v14_03,temporal_front,7,5,0.5791183114051819,0.3854748603351955
movi_c_v14_03,temporal_front,7,6,0.6197386980056763,0.4022346368715084
movi_c_v14_03,temporal_front,7,7,0.9999999403953552,1.0
movi_c_v14_03,temporal_front,7,8,0.19383062422275543,0.03910614525139665
movi_c_v14_03,temporal_front,7,9,0.378452867269516,0.17318435754189945
movi_c_v14_03,temporal_front,7,10,0.08385917544364929,0.01675977653631285
movi_c_v14_03,temporal_front,7,11,0.41200339794158936,0.18994413407821228
movi_c_v14_03,temporal_front,7,12,0.7215309739112854,0.4972067039106145
movi_c_v14_03,temporal_front,8,1,0.09138114750385284,0.055865921787709494
movi_c_v14_03,temporal_front,8,2,0.4711654484272003,0.2681564245810056
movi_c_v14_03,temporal_front,8,3,0.31776154041290283,0.15083798882681565
movi_c_v14_03,temporal_front,8,4,0.5105197429656982,0.11173184357541899
movi_c_v14_03,temporal_front,8,5,0.1355811059474945,0.01675977653631285
movi_c_v14_03,temporal_front,8,6,0.17077425122261047,0.05027932960893855
movi_c_v14_03,temporal_front,8,7,0.19383062422275543,0.03910614525139665
movi_c_v14_03,temporal_front,8,8,0.9999999403953552,1.0
movi_c_v14_03,temporal_front,8,9,0.34280407428741455,0.11173184357541899
movi_c_v14_03,temporal_front,8,10,0.4535181522369385,0.3016759776536313
movi_c_v14_03,temporal_front,8,11,0.2895772159099579,0.11173184357541899
movi_c_v14_03,temporal_front,8,12,0.17217229306697845,0.0335195530726257
movi_c_v14_03,temporal_front,9,1,0.3054141402244568,0.19553072625698323
movi_c_v14_03,temporal_front,9,2,0.5503934621810913,0.2681564245810056
movi_c_v14_03,temporal_front,9,3,0.4121776819229126,0.19553072625698323
movi_c_v14_03,temporal_front,9,4,0.5600746870040894,0.13966480446927373
movi_c_v14_03,temporal_front,9,5,0.20633815228939056,0.0335195530726257
movi_c_v14_03,temporal_front,9,6,0.37943220138549805,0.1564245810055866
movi_c_v14_03,temporal_front,9,7,0.378452867269516,0.17318435754189945
movi_c_v14_03,temporal_front,9,8,0.34280407428741455,0.11173184357541899
movi_c_v14_03,temporal_front,9,9,1.0,1.0
movi_c_v14_03,temporal_front,9,10,0.16745610535144806,0.0335195530726257
movi_c_v14_03,temporal_front,9,11,0.4688974916934967,0.2011173184357542
movi_c_v14_03,temporal_front,9,12,0.4534521996974945,0.1564245810055866
movi_c_v14_03,temporal_front,10,1,0.05978228151798248,0.061452513966480445
movi_c_v14_03,temporal_front,10,2,0.2097885012626648,0.08379888268156424
movi_c_v14_03,temporal_front,10,3,0.19011004269123077,0.0782122905027933
movi_c_v14_03,temporal_front,10,4,0.4189773201942444,0.16759776536312848
movi_c_v14_03,temporal_front,10,5,0.14735418558120728,0.027932960893854747
movi_c_v14_03,temporal_front,10,6,0.04150253161787987,0.00558659217877095
movi_c_v14_03,temporal_front,10,7,0.08385917544364929,0.01675977653631285
movi_c_v14_03,temporal_front,10,8,0.4535181522369385,0.3016759776536313
movi_c_v14_03,temporal_front,10,9,0.16745610535144806,0.0335195530726257
movi_c_v14_03,temporal_front,10,10,1.0000001192092896,1.0
movi_c_v14_03,temporal_front,10,11,0.296238511800766,0.12290502793296089
movi_c_v14_03,temporal_front,10,12,0.09581592679023743,0.0
movi_c_v14_03,temporal_front,11,1,0.2746941149234772,0.18994413407821228
movi_c_v14_03,temporal_front,11,2,0.6303433179855347,0.2737430167597765
movi_c_v14_03,temporal_front,11,3,0.3979848027229309,0.18435754189944134
movi_c_v14_03,temporal_front,11,4,0.51372891664505,0.0335195530726257
movi_c_v14_03,temporal_front,11,5,0.11352617293596268,0.0223463687150838
movi_c_v14_03,temporal_front,11,6,0.4604493975639343,0.1564245810055866
movi_c_v14_03,temporal_front,11,7,0.41200339794158936,0.18994413407821228
movi_c_v14_03,temporal_front,11,8,0.2895772159099579,0.11173184357541899
movi_c_v14_03,temporal_front,11,9,0.4688974916934967,0.2011173184357542
movi_c_v14_03,temporal_front,11,10,0.296238511800766,0.12290502793296089
movi_c_v14_03,temporal_front,11,11,0.9999999403953552,1.0
movi_c_v14_03,temporal_front,11,12,0.5747864246368408,0.3016759776536313
movi_c_v14_03,temporal_front,12,1,0.2562805712223053,0.1564245810055866
movi_c_v14_03,temporal_front,12,2,0.49438023567199707,0.1787709497206704
movi_c_v14_03,temporal_front,12,3,0.49333301186561584,0.26256983240223464
movi_c_v14_03,temporal_front,12,4,0.5243171453475952,0.0111731843575419
movi_c_v14_03,temporal_front,12,5,0.53066086769104,0.3407821229050279
movi_c_v14_03,temporal_front,12,6,0.578328013420105,0.2681564245810056
movi_c_v14_03,temporal_front,12,7,0.7215309739112854,0.4972067039106145
movi_c_v14_03,temporal_front,12,8,0.17217229306697845,0.0335195530726257
movi_c_v14_03,temporal_front,12,9,0.4534521996974945,0.1564245810055866
movi_c_v14_03,temporal_front,12,10,0.09581592679023743,0.0
movi_c_v14_03,temporal_front,12,11,0.5747864246368408,0.3016759776536313
movi_c_v14_03,temporal_front,12,12,1.0,1.0
movi_c_v14_03,temporal_middle,1,1,1.0,
movi_c_v14_03,temporal_middle,1,2,0.26759740710258484,
movi_c_v14_03,temporal_middle,1,3,0.155791774392128,
movi_c_v14_03,temporal_middle,1,4,0.09610089659690857,
movi_c_v14_03,temporal_middle,1,5,0.126369908452034,
movi_c_v14_03,temporal_middle,1,6,0.22415485978126526,
movi_c_v14_03,temporal_middle,1,7,0.07241768389940262,
movi_c_v14_03,temporal_middle,1,8,0.2180999517440796,
movi_c_v14_03,temporal_middle,1,9,0.18607616424560547,
movi_c_v14_03,temporal_middle,1,10,0.11043795198202133,
movi_c_v14_03,temporal_middle,1,11,0.16111160814762115,
movi_c_v14_03,temporal_middle,1,12,0.09683264046907425,
movi_c_v14_03,temporal_middle,2,1,0.26759740710258484,
movi_c_v14_03,temporal_middle,2,2,1.0000001192092896,1.0
movi_c_v14_03,temporal_middle,2,3,0.563519299030304,0.2905027932960894
movi_c_v14_03,temporal_middle,2,4,0.5044052004814148,0.16759776536312848
movi_c_v14_03,temporal_middle,2,5,0.3832872211933136,0.1340782122905028
movi_c_v14_03,temporal_middle,2,6,0.6536408066749573,0.329608938547486
movi_c_v14_03,temporal_middle,2,7,0.5207943916320801,0.33519553072625696
movi_c_v14_03,temporal_middle,2,8,0.4155805706977844,0.20670391061452514
movi_c_v14_03,temporal_middle,2,9,0.4905480146408081,0.21787709497206703
movi_c_v14_03,temporal_middle,2,10,0.17771956324577332,0.05027932960893855
movi_c_v14_03,temporal_middle,2,11,0.6748751401901245,0.4581005586592179
movi_c_v14_03,temporal_middle,2,12,0.6953125,0.4301675977653631
movi_c_v14_03,temporal_middle,3,1,0.155791774392128,
movi_c_v14_03,temporal_middle,3,2,0.563519299030304,0.2905027932960894
movi_c_v14_03,temporal_middle,3,3,1.0,1.0
movi_c_v14_03,temporal_middle,3,4,0.35169047117233276,0.07262569832402235
movi_c_v14_03,temporal_middle,3,5,0.14454171061515808,0.027932960893854747
movi_c_v14_03,temporal_middle,3,6,0.4587646424770355,0.13966480446927373
movi_c_v14_03,temporal_middle,3,7,0.2677982747554779,0.055865921787709494
movi_c_v14_03,temporal_middle,3,8,0.37167078256607056,0.18994413407821228
movi_c_v14_03,temporal_middle,3,9,0.2892909049987793,0.13966480446927373
movi_c_v14_03,temporal_middle,3,10,0.10022040456533432,0.0446927374301676
movi_c_v14_03,temporal_middle,3,11,0.465238481760025,0.2122905027932961
movi_c_v14_03,temporal_middle,3,12,0.4257703125476837,0.12290502793296089
movi_c_v14_03,temporal_middle,4,1,0.09610089659690857,
movi_c_v14_03,temporal_middle,4,2,0.5044052004814148,0.16759776536312848
movi_c_v14_03,temporal_middle,4,3,0.35169047117233276,0.07262569832402235
movi_c_v14_03,temporal_middle,4,4,1.0000001192092896,1.0
movi_c_v14_03,temporal_middle,4,5,0.5082481503486633,0.17318435754189945
movi_c_v14_03,temporal_middle,4,6,0.5558174252510071,0.18994413407821228
movi_c_v14_03,temporal_middle,4,7,0.46489089727401733,0.17318435754189945
movi_c_v14_03,temporal_middle,4,8,0.3299722969532013,0.03910614525139665
movi_c_v14_03,temporal_middle,4,9,0.35855668783187866,0.061452513966480445
movi_c_v14_03,temporal_middle,4,10,0.29289400577545166,0.1564245810055866
movi_c_v14_03,temporal_middle,4,11,0.4886816143989563,0.16201117318435754
movi_c_v14_03,temporal_middle,4,12,0.569756269454956,0.1787709497206704
movi_c_v14_03,temporal_middle,5,1,0.126369908452034,
movi_c_v14_03,temporal_middle,5,2,0.3832872211933136,0.1340782122905028
movi_c_v14_03,temporal_middle,5,3,0.14454171061515808,0.027932960893854747
movi_c_v14_03,temporal_middle,5,4,0.5082481503486633,0.17318435754189945
movi_c_v14_03,temporal_middle,5,5,1.0,1.0
movi_c_v14_03,temporal_middle,5,6,0.5826719403266907,0.36312849162011174
movi_c_v14_03,temporal_middle,5,7,0.45047277212142944,0.22905027932960895
movi_c_v14_03,temporal_middle,5,8,0.2925451397895813,0.0670391061452514
movi_c_v14_03,temporal_middle,5,9,0.2353285849094391,0.0670391061452514
movi_c_v14_03,temporal_middle,5,10,0.213898167014122,0.055865921787709494
movi_c_v14_03,temporal_middle,5,11,0.29735496640205383,0.11173184357541899
movi_c_v14_03,temporal_middle,5,12,0.509155809879303,0.3240223463687151
movi_c_v14_03,temporal_middle,6,1,0.22415485978126526,
movi_c_v14_03,temporal_middle,6,2,0.6536408066749573,0.329608938547486
movi_c_v14_03,temporal_middle,6,3,0.4587646424770355,0.13966480446927373
movi_c_v14_03,temporal_middle,6,4,0.5558174252510071,0.18994413407821228
movi_c_v14_03,temporal_middle,6,5,0.5826719403266907,0.36312849162011174
movi_c_v14_03,temporal_middle,6,6,1.0000001192092896,1.0
movi_c_v14_03,temporal_middle,6,7,0.6256289482116699,0.3575418994413408
movi_c_v14_03,temporal_middle,6,8,0.25109046697616577,0.055865921787709494
movi_c_v14_03,temporal_middle,6,9,0.3509313464164734,0.07262569832402235
movi_c_v14_03,temporal_middle,6,10,0.1175304725766182,0.027932960893854747
movi_c_v14_03,temporal_middle,6,11,0.5137495994567871,0.21787709497206703
movi_c_v14_03,temporal_middle,6,12,0.7225965857505798,0.3743016759776536
movi_c_v14_03,temporal_middle,7,1,0.07241768389940262,
movi_c_v14_03,temporal_middle,7,2,0.5207943916320801,0.33519553072625696
movi_c_v14_03,temporal_middle,7,3,0.2677982747554779,0.055865921787709494
movi_c_v14_03,temporal_middle,7,4,0.46489089727401733,0.17318435754189945
movi_c_v14_03,temporal_middle,7,5,0.45047277212142944,0.22905027932960895
movi_c_v14_03,temporal_middle,7,6,0.6256289482116699,0.3575418994413408
movi_c_v14_03,temporal_middle,7,7,1.0,1.0
movi_c_v14_03,temporal_middle,7,8,0.14799268543720245,0.0111731843575419
movi_c_v14_03,temporal_middle,7,9,0.41110700368881226,0.16759776536312848
movi_c_v14_03,temporal_middle,7,10,0.10819267481565475,0.0
movi_c_v14_03,temporal_middle,7,11,0.5471023321151733,0.2849162011173184
movi_c_v14_03,temporal_middle,7,12,0.6634647250175476,0.441340782122905
movi_c_v14_03,temporal_middle,8,1,0.2180999517440796,
movi_c_v14_03,temporal_middle,8,2,0.4155805706977844,0.20670391061452514
movi_c_v14_03,temporal_middle,8,3,0.37167078256607056,0.18994413407821228
movi_c_v14_03,temporal_middle,8,4,0.3299722969532013,0.03910614525139665
movi_c_v14_03,temporal_middle,8,5,0.2925451397895813,0.0670391061452514
movi_c_v14_03,temporal_middle,8,6,0.25109046697616577,0.055865921787709494
movi_c_v14_03,temporal_middle,8,7,0.14799268543720245,0.0111731843575419
movi_c_v14_03,temporal_middle,8,8,1.0,1.0
movi_c_v14_03,temporal_middle,8,9,0.29580602049827576,0.07262569832402235
movi_c_v14_03,temporal_middle,8,10,0.5040227770805359,0.329608938547486
movi_c_v14_03,temporal_middle,8,11,0.33993998169898987,0.0893854748603352
movi_c_v14_03,temporal_middle,8,12,0.252995103597641,0.05027932960893855
movi_c_v14_03,temporal_middle,9,1,0.18607616424560547,
movi_c_v14_03,temporal_middle,9,2,0.4905480146408081,0.21787709497206703
movi_c_v14_03,temporal_middle,9,3,0.2892909049987793,0.13966480446927373
movi_c_v14_03,temporal_middle,9,4,0.35855668783187866,0.061452513966480445
movi_c_v14_03,temporal_middle,9,5,0.2353285849094391,0.0670391061452514
movi_c_v14_03,temporal_middle,9,6,0.3509313464164734,0.07262569832402235
movi_c_v14_03,temporal_middle,9,7,0.41110700368881226,0.16759776536312848
movi_c_v14_03,temporal_middle,9,8,0.29580602049827576,0.07262569832402235
movi_c_v14_03,temporal_middle,9,9,1.0000001192092896,1.0
movi_c_v14_03,temporal_middle,9,10,0.13444852828979492,0.03910614525139665
movi_c_v14_03,temporal_middle,9,11,0.4991636276245117,0.2681564245810056
movi_c_v14_03,temporal_middle,9,12,0.4785054326057434,0.2569832402234637
movi_c_v14_03,temporal_middle,10,1,0.11043795198202133,
movi_c_v14_03,temporal_middle,10,2,0.17771956324577332,0.05027932960893855
movi_c_v14_03,temporal_middle,10,3,0.10022040456533432,0.0446927374301676
movi_c_v14_03,temporal_middle,10,4,0.29289400577545166,0.1564245810055866
movi_c_v14_03,temporal_middle,10,5,0.213898167014122,0.055865921787709494
movi_c_v14_03,temporal_middle,10,6,0.1175304725766182,0.027932960893854747
movi_c_v14_03,temporal_middle,10,7,0.10819267481565475,0.0
movi_c_v14_03,temporal_middle,10,8,0.5040227770805359,0.329608938547486
movi_c_v14_03,temporal_middle,10,9,0.13444852828979492,0.03910614525139665
movi_c_v14_03,temporal_middle,10,10,1.0,1.0
movi_c_v14_03,temporal_middle,10,11,0.1904241144657135,0.0111731843575419
movi_c_v14_03,temporal_middle,10,12,0.08928772807121277,0.0
movi_c_v14_03,temporal_middle,11,1,0.16111160814762115,
movi_c_v14_03,temporal_middle,11,2,0.6748751401901245,0.4581005586592179
movi_c_v14_03,temporal_middle,11,3,0.465238481760025,0.2122905027932961
movi_c_v14_03,temporal_middle,11,4,0.4886816143989563,0.16201117318435754
movi_c_v14_03,temporal_middle,11,5,0.29735496640205383,0.11173184357541899
movi_c_v14_03,temporal_middle,11,6,0.5137495994567871,0.21787709497206703
movi_c_v14_03,temporal_middle,11,7,0.5471023321151733,0.2849162011173184
movi_c_v14_03,temporal_middle,11,8,0.33993998169898987,0.0893854748603352
movi_c_v14_03,temporal_middle,11,9,0.4991636276245117,0.2681564245810056
movi_c_v14_03,temporal_middle,11,10,0.1904241144657135,0.0111731843575419
movi_c_v14_03,temporal_middle,11,11,1.0,1.0
movi_c_v14_03,temporal_middle,11,12,0.6424373984336853,0.4022346368715084
movi_c_v14_03,temporal_middle,12,1,0.09683264046907425,
movi_c_v14_03,temporal_middle,12,2,0.6953125,0.4301675977653631
movi_c_v14_03,temporal_middle,12,3,0.4257703125476837,0.12290502793296089
movi_c_v14_03,temporal_middle,12,4,0.569756269454956,0.1787709497206704
movi_c_v14_03,temporal_middle,12,5,0.509155809879303,0.3240223463687151
movi_c_v14_03,temporal_middle,12,6,0.7225965857505798,0.3743016759776536
movi_c_v14_03,temporal_middle,12,7,0.6634647250175476,0.441340782122905
movi_c_v14_03,temporal_middle,12,8,0.252995103597641,0.05027932960893855
movi_c_v14_03,temporal_middle,12,9,0.4785054326057434,0.2569832402234637
movi_c_v14_03,temporal_middle,12,10,0.08928772807121277,0.0
movi_c_v14_03,temporal_middle,12,11,0.6424373984336853,0.4022346368715084
movi_c_v14_03,temporal_middle,12,12,0.9999998807907104,1.0
movi_c_v15_00,spatial_block,1,1,1.0000001192092896,1.0
movi_c_v15_00,spatial_block,1,2,0.5769650340080261,0.3016759776536313
movi_c_v15_00,spatial_block,1,3,0.3201931416988373,0.0446927374301676
movi_c_v15_00,spatial_block,1,4,0.2991373538970947,0.00558659217877095
movi_c_v15_00,spatial_block,1,5,0.35883843898773193,0.11173184357541899
movi_c_v15_00,spatial_block,1,6,0.28480714559555054,0.027932960893854747
movi_c_v15_00,spatial_block,1,7,0.525702178478241,0.17318435754189945
movi_c_v15_00,spatial_block,1,8,0.37760695815086365,0.061452513966480445
movi_c_v15_00,spatial_block,1,9,0.07674973458051682,0.0
movi_c_v15_00,spatial_block,1,10,0.158524751663208,0.0
movi_c_v15_00,spatial_block,1,11,0.4030296802520752,0.15083798882681565
movi_c_v15_00,spatial_block,1,12,0.4028429090976715,0.07262569832402235
movi_c_v15_00,spatial_block,2,1,0.5769650340080261,0.3016759776536313
movi_c_v15_00,spatial_block,2,2,0.9999998807907104,1.0
movi_c_v15_00,spatial_block,2,3,0.32394322752952576,0.1340782122905028
movi_c_v15_00,spatial_block,2,4,0.29200804233551025,0.0335195530726257
movi_c_v15_00,spatial_block,2,5,0.20454595983028412,0.08379888268156424
movi_c_v15_00,spatial_block,2,6,0.4679410457611084,0.1564245810055866
movi_c_v15_00,spatial_block,2,7,0.5811188817024231,0.3016759776536313
movi_c_v15_00,spatial_block,2,8,0.13793492317199707,0.00558659217877095
movi_c_v15_00,spatial_block,2,9,0.14622429013252258,0.0111731843575419
movi_c_v15_00,spatial_block,2,10,0.12085328251123428,0.01675977653631285
movi_c_v15_00,spatial_block,2,11,0.31292980909347534,0.0893854748603352
movi_c_v15_00,spatial_block,2,12,0.3804391622543335,0.12290502793296089
movi_c_v15_00,spatial_block,3,1,0.3201931416988373,0.0446927374301676
movi_c_v15_00,spatial_block,3,2,0.32394322752952576,0.1340782122905028
movi_c_v15_00,spatial_block,3,3,1.0,1.0
movi_c_v15_00,spatial_block,3,4,0.6062512397766113,0.12849162011173185
movi_c_v15_00,spatial_block,3,5,0.4249979555606842,0.18435754189944134
movi_c_v15_00,spatial_block,3,6,0.30071619153022766,0.0446927374301676
movi_c_v15_00,spatial_block,3,7,0.30229535698890686,0.061452513966480445
movi_c_v15_00,spatial_block,3,8,0.37004193663597107,0.11731843575418995
movi_c_v15_00,spatial_block,3,9,0.32318878173828125,0.0111731843575419
movi_c_v15_00,spatial_block,3,10,0.5117643475532532,0.15083798882681565
movi_c_v15_00,spatial_block,3,11,0.3934684097766876,0.1340782122905028
movi_c_v15_00,spatial_block,3,12,0.4478740692138672,0.0782122905027933
movi_c_v15_00,spatial_block,4,1,0.2991373538970947,0.00558659217877095
movi_c_v15_00,spatial_block,4,2,0.29200804233551025,0.0335195530726257
movi_c_v15_00,spatial_block,4,3,0.6062512397766113,0.12849162011173185
movi_c_v15_00,spatial_block,4,4,0.9999999403953552,1.0
movi_c_v15_00,spatial_block,4,5,0.37612253427505493,0.0
movi_c_v15_00,spatial_block,4,6,0.4987165033817291,0.0893854748603352
movi_c_v15_00,spatial_block,4,7,0.511726975440979,0.1452513966480447
movi_c_v15_00,spatial_block,4,8,0.40657365322113037,0.01675977653631285
movi_c_v15_00,spatial_block,4,9,0.6000216603279114,0.20670391061452514
movi_c_v15_00,spatial_block,4,10,0.5256984829902649,0.03910614525139665
movi_c_v15_00,spatial_block,4,11,0.4684946537017822,0.13966480446927373
movi_c_v15_00,spatial_block,4,12,0.6695916056632996,0.21787709497206703
movi_c_v15_00,spatial_block,5,1,0.35883843898773193,0.11173184357541899
movi_c_v15_00,spatial_block,5,2,0.20454595983028412,0.08379888268156424
movi_c_v15_00,spatial_block,5,3,0.4249979555606842,0.18435754189944134
movi_c_v15_00,spatial_block,5,4,0.37612253427505493,0.0
movi_c_v15_00,spatial_block,5,5,1.0,1.0
movi_c_v15_00,spatial_block,5,6,0.3050960302352905,0.0782122905027933
movi_c_v15_00,spatial_block,5,7,0.22609420120716095,0.0335195530726257
movi_c_v15_00,spatial_block,5,8,0.4881560206413269,0.22905027932960895
movi_c_v15_00,spatial_block,5,9,0.324535608291626,0.16201117318435754
movi_c_v15_00,spatial_block,5,10,0.42618367075920105,0.11173184357541899
movi_c_v15_00,spatial_block,5,11,0.4448045790195465,0.15083798882681565
movi_c_v15_00,spatial_block,5,12,0.37948790192604065,0.11173184357541899
movi_c_v15_00,spatial_block,6,1,0.28480714559555054,0.027932960893854747
movi_c_v15_00,spatial_block,6,2,0.4679410457611084,0.1564245810055866
movi_c_v15_00,spatial_block,6,3,0.30071619153022766,0.0446927374301676
movi_c_v15_00,spatial_block,6,4,0.4987165033817291,0.0893854748603352
movi_c_v15_00,spatial_block,6,5,0.3050960302352905,0.0782122905027933
movi_c_v15_00,spatial_block,6,6,0.9999999403953552,1.0
movi_c_v15_00,spatial_block,6,7,0.6884871125221252,0.3016759776536313
movi_c_v15_00,spatial_block,6,8,0.27965524792671204,0.0446927374301676
movi_c_v15_00,spatial_block,6,9,0.4949672520160675,0.18435754189944134
movi_c_v15_00,spatial_block,6,10,0.35994359850883484,0.11173184357541899
movi_c_v15_00,spatial_block,6,11,0.35065898299217224,0.1005586592178771
movi_c_v15_00,spatial_block,6,12,0.5464658737182617,0.17318435754189945
movi_c_v15_00,spatial_block,7,1,0.525702178478241,0.17318435754189945
movi_c_v15_00,spatial_block,7,2,0.5811188817024231,0.3016759776536313
movi_c_v15_00,spatial_block,7,3,0.30229535698890686,0.061452513966480445
movi_c_v15_00,spatial_block,7,4,0.511726975440979,0.1452513966480447
movi_c_v15_00,spatial_block,7,5,0.22609420120716095,0.0335195530726257
movi_c_v15_00,spatial_block,7,6,0.6884871125221252,0.3016759776536313
movi_c_v15_00,spatial_block,7,7,1.0000001192092896,1.0
movi_c_v15_00,spatial_block,7,8,0.2543845474720001,0.0111731843575419
movi_c_v15_00,spatial_block,7,9,0.4251326024532318,0.12849162011173185
movi_c_v15_00,spatial_block,7,10,0.22637762129306793,0.0111731843575419
movi_c_v15_00,spatial_block,7,11,0.3238790035247803,0.0670391061452514
movi_c_v15_00,spatial_block,7,12,0.5443668365478516,0.13966480446927373
movi_c_v15_00,spatial_block,8,1,0.37760695815086365,0.061452513966480445
movi_c_v15_00,spatial_block,8,2,0.13793492317199707,0.00558659217877095
movi_c_v15_00,spatial_block,8,3,0.37004193663597107,0.11731843575418995
movi_c_v15_00,spatial_block,8,4,0.40657365322113037,0.01675977653631285
movi_c_v15_00,spatial_block,8,5,0.4881560206413269,0.22905027932960895
movi_c_v15_00,spatial_block,8,6,0.27965524792671204,0.0446927374301676
movi_c_v15_00,spatial_block,8,7,0.2543845474720001,0.0111731843575419
movi_c_v15_00,spatial_block,8,8,1.0,1.0
movi_c_v15_00,spatial_block,8,9,0.30620676279067993,0.0893854748603352
movi_c_v15_00,spatial_block,8,10,0.6476450562477112,0.25139664804469275
movi_c_v15_00,spatial_block,8,11,0.3639981746673584,0.08379888268156424
movi_c_v15_00,spatial_block,8,12,0.3408958315849304,0.0335195530726257
movi_c_v15_00,spatial_block,9,1,0.07674973458051682,0.0
movi_c_v15_00,spatial_block,9,2,0.14622429013252258,0.0111731843575419
movi_c_v15_00,spatial_block,9,3,0.32318878173828125,0.0111731843575419
movi_c_v15_00,spatial_block,9,4,0.6000216603279114,0.20670391061452514
movi_c_v15_00,spatial_block,9,5,0.324535608291626,0.16201117318435754
movi_c_v15_00,spatial_block,9,6,0.4949672520160675,0.18435754189944134
movi_c_v15_00,spatial_block,9,7,0.4251326024532318,0.12849162011173185
movi_c_v15_00,spatial_block,9,8,0.30620676279067993,0.0893854748603352
movi_c_v15_00,spatial_block,9,9,1.0,1.0
movi_c_v15_00,spatial_block,9,10,0.46655169129371643,0.10614525139664804
movi_c_v15_00,spatial_block,9,11,0.2914223074913025,0.07262569832402235
movi_c_v15_00,spatial_block,9,12,0.5542070269584656,0.19553072625698323
movi_c_v15_00,spatial_block,10,1,0.158524751663208,0.0
movi_c_v15_00,spatial_block,10,2,0.12085328251123428,0.01675977653631285
movi_c_v15_00,spatial_block,10,3,0.5117643475532532,0.15083798882681565
movi_c_v15_00,spatial_block,10,4,0.5256984829902649,0.03910614525139665
movi_c_v15_00,spatial_block,10,5,0.42618367075920105,0.11173184357541899
movi_c_v15_00,spatial_block,10,6,0.35994359850883484,0.11173184357541899
movi_c_v15_00,spatial_block,10,7,0.22637762129306793,0.0111731843575419
movi_c_v15_00,spatial_block,10,8,0.6476450562477112,0.25139664804469275
movi_c_v15_00,spatial_block,10,9,0.46655169129371643,0.10614525139664804
movi_c_v15_00,spatial_block,10,10,0.9999999403953552,1.0
movi_c_v15_00,spatial_block,10,11,0.37030842900276184,0.09497206703910614
movi_c_v15_00,spatial_block,10,12,0.4019978940486908,0.0335195530726257
movi_c_v15_00,spatial_block,11,1,0.4030296802520752,0.15083798882681565
movi_c_v15_00,spatial_block,11,2,0.31292980909347534,0.0893854748603352
movi_c_v15_00,spatial_block,11,3,0.3934684097766876,0.1340782122905028
movi_c_v15_00,spatial_block,11,4,0.4684946537017822,0.13966480446927373
movi_c_v15_00,spatial_block,11,5,0.4448045790195465,0.15083798882681565
movi_c_v15_00,spatial_block,11,6,0.35065898299217224,0.1005586592178771
movi_c_v15_00,spatial_block,11,7,0.3238790035247803,0.0670391061452514
movi_c_v15_00,spatial_block,11,8,0.3639981746673584,0.08379888268156424
movi_c_v15_00,spatial_block,11,9,0.2914223074913025,0.07262569832402235
movi_c_v15_00,spatial_block,11,10,0.37030842900276184,0.09497206703910614
movi_c_v15_00,spatial_block,11,11,1.0,1.0
movi_c_v15_00,spatial_block,11,12,0.48884186148643494,0.16759776536312848
movi_c_v15_00,spatial_block,12,1,0.4028429090976715,0.07262569832402235
movi_c_v15_00,spatial_block,12,2,0.3804391622543335,0.12290502793296089
movi_c_v15_00,spatial_block,12,3,0.4478740692138672,0.0782122905027933
movi_c_v15_00,spatial_block,12,4,0.6695916056632996,0.21787709497206703
movi_c_v15_00,spatial_block,12,5,0.37948790192604065,0.11173184357541899
movi_c_v15_00,spatial_block,12,6,0.5464658737182617,0.17318435754189945
movi_c_v15_00,spatial_block,12,7,0.5443668365478516,0.13966480446927373
movi_c_v15_00,spatial_block,12,8,0.3408958315849304,0.0335195530726257
movi_c_v15_00,spatial_block,12,9,0.5542070269584656,0.19553072625698323
movi_c_v15_00,spatial_block,12,10,0.4019978940486908,0.0335195530726257
movi_c_v15_00,spatial_block,12,11,0.48884186148643494,0.16759776536312848
movi_c_v15_00,spatial_block,12,12,0.9999998807907104,1.0
movi_c_v15_00,spatial_scattered,1,1,1.0,1.0
movi_c_v15_00,spatial_scattered,1,2,0.23067428171634674,0.0782122905027933
movi_c_v15_00,spatial_scattered,1,3,0.4306880831718445,0.16759776536312848
movi_c_v15_00,spatial_scattered,1,4,0.5195136666297913,0.1787709497206704
movi_c_v15_00,spatial_scattered,1,5,0.3999258577823639,0.12290502793296089
movi_c_v15_00,spatial_scattered,1,6,0.36693623661994934,0.17318435754189945
movi_c_v15_00,spatial_scattered,1,7,0.40071192383766174,0.0670391061452514
movi_c_v15_00,spatial_scattered,1,8,0.3454667925834656,0.12849162011173185
movi_c_v15_00,spatial_scattered,1,9,0.2699490189552307,0.08379888268156424
movi_c_v15_00,spatial_scattered,1,10,0.3230333626270294,0.061452513966480445
movi_c_v15_00,spatial_scattered,1,11,0.33829039335250854,0.11173184357541899
movi_c_v15_00,spatial_scattered,1,12,0.4694005846977234,0.15083798882681565
movi_c_v15_00,spatial_scattered,2,1,0.23067428171634674,0.0782122905027933
movi_c_v15_00,spatial_scattered,2,2,1.0,1.0
movi_c_v15_00,spatial_scattered,2,3,0.3015514612197876,0.12290502793296089
movi_c_v15_00,spatial_scattered,2,4,0.3620222806930542,0.00558659217877095
movi_c_v15_00,spatial_scattered,2,5,0.3495815098285675,0.1005586592178771
movi_c_v15_00,spatial_scattered,2,6,0.36993756890296936,0.15083798882681565
movi_c_v15_00,spatial_scattered,2,7,0.4782315492630005,0.22905027932960895
movi_c_v15_00,spatial_scattered,2,8,0.29507458209991455,0.1005586592178771
movi_c_v15_00,spatial_scattered,2,9,0.1788339912891388,0.0335195530726257
movi_c_v15_00,spatial_scattered,2,10,0.20375429093837738,0.0223463687150838
movi_c_v15_00,spatial_scattered,2,11,0.18759746849536896,0.0446927374301676
movi_c_v15_00,spatial_scattered,2,12,0.3697900176048279,0.1005586592178771
movi_c_v15_00,spatial_scattered,3,1,0.4306880831718445,0.16759776536312848
movi_c_v15_00,spatial_scattered,3,2,0.3015514612197876,0.12290502793296089
movi_c_v15_00,spatial_scattered,3,3,0.9999999403953552,1.0
movi_c_v15_00,spatial_scattered,3,4,0.5675156712532043,0.0335195530726257
movi_c_v15_00,spatial_scattered,3,5,0.5121493339538574,0.1564245810055866
movi_c_v15_00,spatial_scattered,3,6,0.48827794194221497,0.17318435754189945
movi_c_v15_00,spatial_scattered,3,7,0.4366808235645294,0.0893854748603352
movi_c_v15_00,spatial_scattered,3,8,0.5728407502174377,0.2849162011173184
movi_c_v15_00,spatial_scattered,3,9,0.37376755475997925,0.055865921787709494
movi_c_v15_00,spatial_scattered,3,10,0.46200546622276306,0.09497206703910614
movi_c_v15_00,spatial_scattered,3,11,0.27994227409362793,0.01675977653631285
movi_c_v15_00,spatial_scattered,3,12,0.5169912576675415,0.15083798882681565
movi_c_v15_00,spatial_scattered,4,1,0.5195136666297913,0.1787709497206704
movi_c_v15_00,spatial_scattered,4,2,0.3620222806930542,0.00558659217877095
movi_c_v15_00,spatial_scattered,4,3,0.5675156712532043,0.0335195530726257
movi_c_v15_00,spatial_scattered,4,4,0.9999999403953552,1.0
movi_c_v15_00,spatial_scattered,4,5,0.7171568274497986,0.0782122905027933
movi_c_v15_00,spatial_scattered,4,6,0.4770769774913788,0.00558659217877095
movi_c_v15_00,spatial_scattered,4,7,0.643332839012146,0.09497206703910614
movi_c_v15_00,spatial_scattered,4,8,0.5867265462875366,0.18435754189944134
movi_c_v15_00,spatial_scattered,4,9,0.6549901366233826,0.16201117318435754
movi_c_v15_00,spatial_scattered,4,10,0.6441109776496887,0.027932960893854747
movi_c_v15_00,spatial_scattered,4,11,0.6698891520500183,0.18994413407821228
movi_c_v15_00,spatial_scattered,4,12,0.7464600205421448,0.12849162011173185
movi_c_v15_00,spatial_scattered,5,1,0.3999258577823639,0.12290502793296089
movi_c_v15_00,spatial_scattered,5,2,0.3495815098285675,0.1005586592178771
movi_c_v15_00,spatial_scattered,5,3,0.5121493339538574,0.1564245810055866
movi_c_v15_00,spatial_scattered,5,4,0.7171568274497986,0.0782122905027933
movi_c_v15_00,spatial_scattered,5,5,0.9999999403953552,1.0
movi_c_v15_00,spatial_scattered,5,6,0.5522807836532593,0.22905027932960895
movi_c_v15_00,spatial_scattered,5,7,0.6121706366539001,0.1452513966480447
movi_c_v15_00,spatial_scattered,5,8,0.5679426789283752,0.2346368715083799
movi_c_v15_00,spatial_scattered,5,9,0.39645835757255554,0.03910614525139665
movi_c_v15_00,spatial_scattered,5,10,0.4404563903808594,0.12849162011173185
movi_c_v15_00,spatial_scattered,5,11,0.4849771559238434,0.055865921787709494
movi_c_v15_00,spatial_scattered,5,12,0.5639581680297852,0.0893854748603352
movi_c_v15_00,spatial_scattered,6,1,0.36693623661994934,0.17318435754189945
movi_c_v15_00,spatial_scattered,6,2,0.36993756890296936,0.15083798882681565
movi_c_v15_00,spatial_scattered,6,3,0.48827794194221497,0.17318435754189945
movi_c_v15_00,spatial_scattered,6,4,0.4770769774913788,0.00558659217877095
movi_c_v15_00,spatial_scattered,6,5,0.5522807836532593,0.22905027932960895
movi_c_v15_00,spatial_scattered,6,6,1.0,1.0
movi_c_v15_00,spatial_scattered,6,7,0.5801499485969543,0.1787709497206704
movi_c_v15_00,spatial_scattered,6,8,0.2626243531703949,0.03910614525139665
movi_c_v15_00,spatial_scattered,6,9,0.2960512638092041,0.03910614525139665
movi_c_v15_00,spatial_scattered,6,10,0.2528895139694214,0.055865921787709494
movi_c_v15_00,spatial_scattered,6,11,0.36471474170684814,0.10614525139664804
movi_c_v15_00,spatial_scattered,6,12,0.5267986059188843,0.15083798882681565
movi_c_v15_00,spatial_scattered,7,1,0.40071192383766174,0.0670391061452514
movi_c_v15_00,spatial_scattered,7,2,0.4782315492630005,0.22905027932960895
movi_c_v15_00,spatial_scattered,7,3,0.4366808235645294,0.0893854748603352
movi_c_v15_00,spatial_scattered,7,4,0.643332839012146,0.09497206703910614
movi_c_v15_00,spatial_scattered,7,5,0.6121706366539001,0.1452513966480447
movi_c_v15_00,spatial_scattered,7,6,0.5801499485969543,0.1787709497206704
movi_c_v15_00,spatial_scattered,7,7,1.0000001192092896,1.0
movi_c_v15_00,spatial_scattered,7,8,0.3313421905040741,0.0446927374301676
movi_c_v15_00,spatial_scattered,7,9,0.3498070538043976,0.0223463687150838
movi_c_v15_00,spatial_scattered,7,10,0.1308850646018982,0.0
movi_c_v15_00,spatial_scattered,7,11,0.5234012007713318,0.12290502793296089
movi_c_v15_00,spatial_scattered,7,12,0.6633954048156738,0.12849162011173185
movi_c_v15_00,spatial_scattered,8,1,0.3454667925834656,0.12849162011173185
movi_c_v15_00,spatial_scattered,8,2,0.29507458209991455,0.1005586592178771
movi_c_v15_00,spatial_scattered,8,3,0.5728407502174377,0.2849162011173184
movi_c_v15_00,spatial_scattered,8,4,0.5867265462875366,0.18435754189944134
movi_c_v15_00,spatial_scattered,8,5,0.5679426789283752,0.2346368715083799
movi_c_v15_00,spatial_scattered,8,6,0.2626243531703949,0.03910614525139665
movi_c_v15_00,spatial_scattered,8,7,0.3313421905040741,0.0446927374301676
movi_c_v15_00,spatial_scattered,8,8,1.0,1.0
movi_c_v15_00,spatial_scattered,8,9,0.30310094356536865,0.061452513966480445
movi_c_v15_00,spatial_scattered,8,10,0.5707432627677917,0.20670391061452514
movi_c_v15_00,spatial_scattered,8,11,0.2293565720319748,0.01675977653631285
movi_c_v15_00,spatial_scattered,8,12,0.33517566323280334,0.0335195530726257
movi_c_v15_00,spatial_scattered,9,1,0.2699490189552307,0.08379888268156424
movi_c_v15_00,spatial_scattered,9,2,0.1788339912891388,0.0335195530726257
movi_c_v15_00,spatial_scattered,9,3,0.37376755475997925,0.055865921787709494
movi_c_v15_00,spatial_scattered,9,4,0.6549901366233826,0.16201117318435754
movi_c_v15_00,spatial_scattered,9,5,0.39645835757255554,0.03910614525139665
movi_c_v15_00,spatial_scattered,9,6,0.2960512638092041,0.03910614525139665
movi_c_v15_00,spatial_scattered,9,7,0.3498070538043976,0.0223463687150838
movi_c_v15_00,spatial_scattered,9,8,0.30310094356536865,0.061452513966480445
movi_c_v15_00,spatial_scattered,9,9,1.0,1.0
movi_c_v15_00,spatial_scattered,9,10,0.4995073080062866,0.07262569832402235
movi_c_v15_00,spatial_scattered,9,11,0.49008724093437195,0.1564245810055866
movi_c_v15_00,spatial_scattered,9,12,0.5439938902854919,0.08379888268156424
movi_c_v15_00,spatial_scattered,10,1,0.3230333626270294,0.061452513966480445
movi_c_v15_00,spatial_scattered,10,2,0.20375429093837738,0.0223463687150838
movi_c_v15_00,spatial_scattered,10,3,0.46200546622276306,0.09497206703910614
movi_c_v15_00,spatial_scattered,10,4,0.6441109776496887,0.027932960893854747
movi_c_v15_00,spatial_scattered,10,5,0.4404563903808594,0.12849162011173185
movi_c_v15_00,spatial_scattered,10,6,0.2528895139694214,0.055865921787709494
movi_c_v15_00,spatial_scattered,10,7,0.1308850646018982,0.0
movi_c_v15_00,spatial_scattered,10,8,0.5707432627677917,0.20670391061452514
movi_c_v15_00,spatial_scattered,10,9,0.4995073080062866,0.07262569832402235
movi_c_v15_00,spatial_scattered,10,10,0.9999999403953552,1.0
movi_c_v15_00,spatial_scattered,10,11,0.2833958864212036,0.027932960893854747
movi_c_v15_00,spatial_scattered,10,12,0.315179705619812,0.00558659217877095
movi_c_v15_00,spatial_scattered,11,1,0.33829039335250854,0.11173184357541899
movi_c_v15_00,spatial_scattered,11,2,0.18759746849536896,0.0446927374301676
movi_c_v15_00,spatial_scattered,11,3,0.27994227409362793,0.01675977653631285
movi_c_v15_00,spatial_scattered,11,4,0.6698891520500183,0.18994413407821228
movi_c_v15_00,spatial_scattered,11,5,0.4849771559238434,0.055865921787709494
movi_c_v15_00,spatial_scattered,11,6,0.36471474170684814,0.10614525139664804
movi_c_v15_00,spatial_scattered,11,7,0.5234012007713318,0.12290502793296089
movi_c_v15_00,spatial_scattered,11,8,0.2293565720319748,0.01675977653631285
movi_c_v15_00,spatial_scattered,11,9,0.49008724093437195,0.1564245810055866
movi_c_v15_00,spatial_scattered,11,10,0.2833958864212036,0.027932960893854747
movi_c_v15_00,spatial_scattered,11,11,1.0,1.0
movi_c_v15_00,spatial_scattered,11,12,0.6314547657966614,0.1787709497206704
movi_c_v15_00,spatial_scattered,12,1,0.4694005846977234,0.15083798882681565
movi_c_v15_00,spatial_scattered,12,2,0.3697900176048279,0.1005586592178771
movi_c_v15_00,spatial_scattered,12,3,0.5169912576675415,0.15083798882681565
movi_c_v15_00,spatial_scattered,12,4,0.7464600205421448,0.12849162011173185
movi_c_v15_00,spatial_scattered,12,5,0.5639581680297852,0.0893854748603352
movi_c_v15_00,spatial_scattered,12,6,0.5267986059188843,0.15083798882681565
movi_c_v15_00,spatial_scattered,12,7,0.6633954048156738,0.12849162011173185
movi_c_v15_00,spatial_scattered,12,8,0.33517566323280334,0.0335195530726257
movi_c_v15_00,spatial_scattered,12,9,0.5439938902854919,0.08379888268156424
movi_c_v15_00,spatial_scattered,12,10,0.315179705619812,0.00558659217877095
movi_c_v15_00,spatial_scattered,12,11,0.6314547657966614,0.1787709497206704
movi_c_v15_00,spatial_scattered,12,12,1.0,1.0
movi_c_v15_00,temporal_back,1,1,0.9999999403953552,1.0
movi_c_v15_00,temporal_back,1,2,0.30334410071372986,0.0
movi_c_v15_00,temporal_back,1,3,0.2276322990655899,0.0111731843575419
movi_c_v15_00,temporal_back,1,4,0.7964717149734497,0.24581005586592178
movi_c_v15_00,temporal_back,1,5,0.6338786482810974,0.12849162011173185
movi_c_v15_00,temporal_back,1,6,0.2971055805683136,0.0223463687150838
movi_c_v15_00,temporal_back,1,7,0.6317448616027832,0.10614525139664804
movi_c_v15_00,temporal_back,1,8,0.6206387877464294,0.03910614525139665
movi_c_v15_00,temporal_back,1,9,0.7196441292762756,0.11731843575418995
movi_c_v15_00,temporal_back,1,10,0.5992653369903564,0.03910614525139665
movi_c_v15_00,temporal_back,1,11,0.38563504815101624,0.0111731843575419
movi_c_v15_00,temporal_back,1,12,0.7033348679542542,0.1564245810055866
movi_c_v15_00,temporal_back,2,1,0.30334410071372986,0.0
movi_c_v15_00,temporal_back,2,2,1.0000001192092896,1.0
movi_c_v15_00,temporal_back,2,3,0.5763928890228271,0.2849162011173184
movi_c_v15_00,temporal_back,2,4,0.5284306406974792,0.0
movi_c_v15_00,temporal_back,2,5,0.35868480801582336,0.03910614525139665
movi_c_v15_00,temporal_back,2,6,0.39310818910598755,0.1005586592178771
movi_c_v15_00,temporal_back,2,7,0.29508352279663086,0.0
movi_c_v15_00,temporal_back,2,8,0.5042130947113037,0.12290502793296089
movi_c_v15_00,temporal_back,2,9,0.454729825258255,0.0111731843575419
movi_c_v15_00,temporal_back,2,10,0.5465928316116333,0.0670391061452514
movi_c_v15_00,temporal_back,2,11,0.6615892648696899,0.2681564245810056
movi_c_v15_00,temporal_back,2,12,0.3943764567375183,0.00558659217877095
movi_c_v15_00,temporal_back,3,1,0.2276322990655899,0.0111731843575419
movi_c_v15_00,temporal_back,3,2,0.5763928890228271,0.2849162011173184
movi_c_v15_00,temporal_back,3,3,1.0000001192092896,1.0
movi_c_v15_00,temporal_back,3,4,0.4130949079990387,0.0
movi_c_v15_00,temporal_back,3,5,0.24258537590503693,0.027932960893854747
movi_c_v15_00,temporal_back,3,6,0.516173779964447,0.18994413407821228
movi_c_v15_00,temporal_back,3,7,0.3608625531196594,0.0335195530726257
movi_c_v15_00,temporal_back,3,8,0.5195605158805847,0.1564245810055866
movi_c_v15_00,temporal_back,3,9,0.31979119777679443,0.00558659217877095
movi_c_v15_00,temporal_back,3,10,0.4221217930316925,0.05027932960893855
movi_c_v15_00,temporal_back,3,11,0.635064959526062,0.19553072625698323
movi_c_v15_00,temporal_back,3,12,0.37191063165664673,0.0446927374301676
movi_c_v15_00,temporal_back,4,1,0.7964717149734497,0.24581005586592178
movi_c_v15_00,temporal_back,4,2,0.5284306406974792,0.0
movi_c_v15_00,temporal_back,4,3,0.4130949079990387,0.0
movi_c_v15_00,temporal_back,4,4,1.0000001192092896,1.0
movi_c_v15_00,temporal_back,4,5,0.7308277487754822,0.2905027932960894
movi_c_v15_00,temporal_back,4,6,0.4897764325141907,0.1340782122905028
movi_c_v15_00,temporal_back,4,7,0.719306230545044,0.17318435754189945
movi_c_v15_00,temporal_back,4,8,0.7055304050445557,0.055865921787709494
movi_c_v15_00,temporal_back,4,9,0.8232123851776123,0.329608938547486
movi_c_v15_00,temporal_back,4,10,0.6960903406143188,0.061452513966480445
movi_c_v15_00,temporal_back,4,11,0.565991997718811,0.0223463687150838
movi_c_v15_00,temporal_back,4,12,0.8076472878456116,0.2737430167597765
movi_c_v15_00,temporal_back,5,1,0.6338786482810974,0.12849162011173185
movi_c_v15_00,temporal_back,5,2,0.35868480801582336,0.03910614525139665
movi_c_v15_00,temporal_back,5,3,0.24258537590503693,0.027932960893854747
movi_c_v15_00,temporal_back,5,4,0.7308277487754822,0.2905027932960894
movi_c_v15_00,temporal_back,5,5,1.0000001192092896,1.0
movi_c_v15_00,temporal_back,5,6,0.36013486981391907,0.1340782122905028
movi_c_v15_00,temporal_back,5,7,0.6097962856292725,0.22905027932960895
movi_c_v15_00,temporal_back,5,8,0.530543863773346,0.055865921787709494
movi_c_v15_00,temporal_back,5,9,0.6714745163917542,0.20670391061452514
movi_c_v15_00,temporal_back,5,10,0.5903935432434082,0.07262569832402235
movi_c_v15_00,temporal_back,5,11,0.4412696361541748,0.12290502793296089
movi_c_v15_00,temporal_back,5,12,0.6559872627258301,0.24581005586592178
movi_c_v15_00,temporal_back,6,1,0.2971055805683136,0.0223463687150838
movi_c_v15_00,temporal_back,6,2,0.39310818910598755,0.1005586592178771
movi_c_v15_00,temporal_back,6,3,0.516173779964447,0.18994413407821228
movi_c_v15_00,temporal_back,6,4,0.4897764325141907,0.1340782122905028
movi_c_v15_00,temporal_back,6,5,0.36013486981391907,0.1340782122905028
movi_c_v15_00,temporal_back,6,6,1.0,1.0
movi_c_v15_00,temporal_back,6,7,0.46703383326530457,0.18994413407821228
movi_c_v15_00,temporal_back,6,8,0.399504691362381,0.0670391061452514
movi_c_v15_00,temporal_back,6,9,0.4014158546924591,0.10614525139664804
movi_c_v15_00,temporal_back,6,10,0.4301055073738098,0.09497206703910614
movi_c_v15_00,temporal_back,6,11,0.47874578833580017,0.13966480446927373
movi_c_v15_00,temporal_back,6,12,0.5111017823219299,0.2122905027932961
movi_c_v15_00,temporal_back,7,1,0.6317448616027832,0.10614525139664804
movi_c_v15_00,temporal_back,7,2,0.29508352279663086,0.0
movi_c_v15_00,temporal_back,7,3,0.3608625531196594,0.0335195530726257
movi_c_v15_00,temporal_back,7,4,0.719306230545044,0.17318435754189945
movi_c_v15_00,temporal_back,7,5,0.6097962856292725,0.22905027932960895
movi_c_v15_00,temporal_back,7,6,0.46703383326530457,0.18994413407821228
movi_c_v15_00,temporal_back,7,7,1.0,1.0
movi_c_v15_00,temporal_back,7,8,0.4877970516681671,0.0111731843575419
movi_c_v15_00,temporal_back,7,9,0.7053049802780151,0.27932960893854747
movi_c_v15_00,temporal_back,7,10,0.4615192711353302,0.0111731843575419
movi_c_v15_00,temporal_back,7,11,0.5127201676368713,0.1005586592178771
movi_c_v15_00,temporal_back,7,12,0.731033980846405,0.2905027932960894
movi_c_v15_00,temporal_back,8,1,0.6206387877464294,0.03910614525139665
movi_c_v15_00,temporal_back,8,2,0.5042130947113037,0.12290502793296089
movi_c_v15_00,temporal_back,8,3,0.5195605158805847,0.1564245810055866
movi_c_v15_00,temporal_back,8,4,0.7055304050445557,0.055865921787709494
movi_c_v15_00,temporal_back,8,5,0.530543863773346,0.055865921787709494
movi_c_v15_00,temporal_back,8,6,0.399504691362381,0.0670391061452514
movi_c_v15_00,temporal_back,8,7,0.4877970516681671,0.0111731843575419
movi_c_v15_00,temporal_back,8,8,1.0000001192092896,1.0
movi_c_v15_00,temporal_back,8,9,0.5761246681213379,0.027932960893854747
movi_c_v15_00,temporal_back,8,10,0.8134479522705078,0.27932960893854747
movi_c_v15_00,temporal_back,8,11,0.5314182043075562,0.05027932960893855
movi_c_v15_00,temporal_back,8,12,0.5423888564109802,0.027932960893854747
movi_c_v15_00,temporal_back,9,1,0.7196441292762756,0.11731843575418995
movi_c_v15_00,temporal_back,9,2,0.454729825258255,0.0111731843575419
movi_c_v15_00,temporal_back,9,3,0.31979119777679443,0.00558659217877095
movi_c_v15_00,temporal_back,9,4,0.8232123851776123,0.329608938547486
movi_c_v15_00,temporal_back,9,5,0.6714745163917542,0.20670391061452514
movi_c_v15_00,temporal_back,9,6,0.4014158546924591,0.10614525139664804
movi_c_v15_00,temporal_back,9,7,0.7053049802780151,0.27932960893854747
movi_c_v15_00,temporal_back,9,8,0.5761246681213379,0.027932960893854747
movi_c_v15_00,temporal_back,9,9,1.0,1.0
movi_c_v15_00,temporal_back,9,10,0.6230283975601196,0.055865921787709494
movi_c_v15_00,temporal_back,9,11,0.4974818825721741,0.0446927374301676
movi_c_v15_00,temporal_back,9,12,0.7661088109016418,0.39664804469273746
movi_c_v15_00,temporal_back,10,1,0.5992653369903564,0.03910614525139665
movi_c_v15_00,temporal_back,10,2,0.5465928316116333,0.0670391061452514
movi_c_v15_00,temporal_back,10,3,0.4221217930316925,0.05027932960893855
movi_c_v15_00,temporal_back,10,4,0.6960903406143188,0.061452513966480445
movi_c_v15_00,temporal_back,10,5,0.5903935432434082,0.07262569832402235
movi_c_v15_00,temporal_back,10,6,0.4301055073738098,0.09497206703910614
movi_c_v15_00,temporal_back,10,7,0.4615192711353302,0.0111731843575419
movi_c_v15_00,temporal_back,10,8,0.8134479522705078,0.27932960893854747
movi_c_v15_00,temporal_back,10,9,0.6230283975601196,0.055865921787709494
movi_c_v15_00,temporal_back,10,10,1.0,1.0
movi_c_v15_00,temporal_back,10,11,0.5661558508872986,0.061452513966480445
movi_c_v15_00,temporal_back,10,12,0.5415330529212952,0.027932960893854747
movi_c_v15_00,temporal_back,11,1,0.38563504815101624,0.0111731843575419
movi_c_v15_00,temporal_back,11,2,0.6615892648696899,0.2681564245810056
movi_c_v15_00,temporal_back,11,3,0.635064959526062,0.19553072625698323
movi_c_v15_00,temporal_back,11,4,0.565991997718811,0.0223463687150838
movi_c_v15_00,temporal_back,11,5,0.4412696361541748,0.12290502793296089
movi_c_v15_00,temporal_back,11,6,0.47874578833580017,0.13966480446927373
movi_c_v15_00,temporal_back,11,7,0.5127201676368713,0.1005586592178771
movi_c_v15_00,temporal_back,11,8,0.5314182043075562,0.05027932960893855
movi_c_v15_00,temporal_back,11,9,0.4974818825721741,0.0446927374301676
movi_c_v15_00,temporal_back,11,10,0.5661558508872986,0.061452513966480445
movi_c_v15_00,temporal_back,11,11,0.9999998807907104,1.0
movi_c_v15_00,temporal_back,11,12,0.4566285312175751,0.0446927374301676
movi_c_v15_00,temporal_back,12,1,0.7033348679542542,0.1564245810055866
movi_c_v15_00,temporal_back,12,2,0.3943764567375183,0.00558659217877095
movi_c_v15_00,temporal_back,12,3,0.37191063165664673,0.0446927374301676
movi_c_v15_00,temporal_back,12,4,0.8076472878456116,0.2737430167597765
movi_c_v15_00,temporal_back,12,5,0.6559872627258301,0.24581005586592178
movi_c_v15_00,temporal_back,12,6,0.5111017823219299,0.2122905027932961
movi_c_v15_00,temporal_back,12,7,0.731033980846405,0.2905027932960894
movi_c_v15_00,temporal_back,12,8,0.5423888564109802,0.027932960893854747
movi_c_v15_00,temporal_back,12,9,0.7661088109016418,0.39664804469273746
movi_c_v15_00,temporal_back,12,10,0.5415330529212952,0.027932960893854747
movi_c_v15_00,temporal_back,12,11,0.4566285312175751,0.0446927374301676
movi_c_v15_00,temporal_back,12,12,1.0,1.0
movi_c_v15_00,temporal_front,1,1,1.0,1.0
movi_c_v15_00,temporal_front,1,2,0.5937277674674988,0.329608938547486
movi_c_v15_00,temporal_front,1,3,0.5854834318161011,0.39664804469273746
movi_c_v15_00,temporal_front,1,4,0.6736544966697693,0.40782122905027934
movi_c_v15_00,temporal_front,1,5,0.21345162391662598,0.12849162011173185
movi_c_v15_00,temporal_front,1,6,0.4733557105064392,0.29608938547486036
movi_c_v15_00,temporal_front,1,7,0.3849790394306183,0.22346368715083798
movi_c_v15_00,temporal_front,1,8,0.16344186663627625,0.0893854748603352
movi_c_v15_00,temporal_front,1,9,0.23583118617534637,0.07262569832402235
movi_c_v15_00,temporal_front,1,10,0.1763131022453308,0.08379888268156424
movi_c_v15_00,temporal_front,1,11,0.056150831282138824,0.0111731843575419
movi_c_v15_00,temporal_front,1,12,0.44792455434799194,0.2681564245810056
movi_c_v15_00,temporal_front,2,1,0.5937277674674988,0.329608938547486
movi_c_v15_00,temporal_front,2,2,1.0,1.0
movi_c_v15_00,temporal_front,2,3,0.571393609046936,0.2737430167597765
movi_c_v15_00,temporal_front,2,4,0.6952925324440002,0.22346368715083798
movi_c_v15_00,temporal_front,2,5,0.29679369926452637,0.11731843575418995
movi_c_v15_00,temporal_front,2,6,0.5156438946723938,0.13966480446927373
movi_c_v15_00,temporal_front,2,7,0.346251517534256,0.07262569832402235
movi_c_v15_00,temporal_front,2,8,0.3426228165626526,0.10614525139664804
movi_c_v15_00,temporal_front,2,9,0.3029719889163971,0.08379888268156424
movi_c_v15_00,temporal_front,2,10,0.306445837020874,0.1005586592178771
movi_c_v15_00,temporal_front,2,11,0.0659024640917778,0.0
movi_c_v15_00,temporal_front,2,12,0.41614487767219543,0.12290502793296089
movi_c_v15_00,temporal_front,3,1,0.5854834318161011,0.39664804469273746
movi_c_v15_00,temporal_front,3,2,0.571393609046936,0.2737430167597765
movi_c_v15_00,temporal_front,3,3,1.0,1.0
movi_c_v15_00,temporal_front,3,4,0.6433371901512146,0.2849162011173184
movi_c_v15_00,temporal_front,3,5,0.3052067756652832,0.12849162011173185
movi_c_v15_00,temporal_front,3,6,0.5374278426170349,0.24581005586592178
movi_c_v15_00,temporal_front,3,7,0.4808428883552551,0.2346368715083799
movi_c_v15_00,temporal_front,3,8,0.28281089663505554,0.0893854748603352
movi_c_v15_00,temporal_front,3,9,0.3240399658679962,0.05027932960893855
movi_c_v15_00,temporal_front,3,10,0.29814016819000244,0.055865921787709494
movi_c_v15_00,temporal_front,3,11,0.1671263724565506,0.01675977653631285
movi_c_v15_00,temporal_front,3,12,0.5048412680625916,0.2346368715083799
movi_c_v15_00,temporal_front,4,1,0.6736544966697693,0.40782122905027934
movi_c_v15_00,temporal_front,4,2,0.6952925324440002,0.22346368715083798
movi_c_v15_00,temporal_front,4,3,0.6433371901512146,0.2849162011173184
movi_c_v15_00,temporal_front,4,4,0.9999999403953552,1.0
movi_c_v15_00,temporal_front,4,5,0.3924459218978882,0.17318435754189945
movi_c_v15_00,temporal_front,4,6,0.5962894558906555,0.22346368715083798
movi_c_v15_00,temporal_front,4,7,0.5897969603538513,0.30726256983240224
movi_c_v15_00,temporal_front,4,8,0.3691410720348358,0.1005586592178771
movi_c_v15_00,temporal_front,4,9,0.36139023303985596,0.08379888268156424
movi_c_v15_00,temporal_front,4,10,0.3601202964782715,0.07262569832402235
movi_c_v15_00,temporal_front,4,11,0.17033714056015015,0.01675977653631285
movi_c_v15_00,temporal_front,4,12,0.5889802575111389,0.30726256983240224
movi_c_v15_00,temporal_front,5,1,0.21345162391662598,0.12849162011173185
movi_c_v15_00,temporal_front,5,2,0.29679369926452637,0.11731843575418995
movi_c_v15_00,temporal_front,5,3,0.3052067756652832,0.12849162011173185
movi_c_v15_00,temporal_front,5,4,0.3924459218978882,0.17318435754189945
movi_c_v15_00,temporal_front,5,5,1.0,1.0
movi_c_v15_00,temporal_front,5,6,0.41624006628990173,0.1787709497206704
movi_c_v15_00,temporal_front,5,7,0.22815890610218048,0.0893854748603352
movi_c_v15_00,temporal_front,5,8,0.34613049030303955,0.19553072625698323
movi_c_v15_00,temporal_front,5,9,0.2620956599712372,0.0782122905027933
movi_c_v15_00,temporal_front,5,10,0.2780967056751251,0.11173184357541899
movi_c_v15_00,temporal_front,5,11,0.07697098702192307,0.0223463687150838
movi_c_v15_00,temporal_front,5,12,0.2403540164232254,0.09497206703910614
movi_c_v15_00,temporal_front,6,1,0.4733557105064392,0.29608938547486036
movi_c_v15_00,temporal_front,6,2,0.5156438946723938,0.13966480446927373
movi_c_v15_00,temporal_front,6,3,0.5374278426170349,0.24581005586592178
movi_c_v15_00,temporal_front,6,4,0.5962894558906555,0.22346368715083798
movi_c_v15_00,temporal_front,6,5,0.41624006628990173,0.1787709497206704
movi_c_v15_00,temporal_front,6,6,1.0,1.0
movi_c_v15_00,temporal_front,6,7,0.5518330335617065,0.24581005586592178
movi_c_v15_00,temporal_front,6,8,0.281505286693573,0.027932960893854747
movi_c_v15_00,temporal_front,6,9,0.5714499354362488,0.19553072625698323
movi_c_v15_00,temporal_front,6,10,0.3604196012020111,0.0111731843575419
movi_c_v15_00,temporal_front,6,11,0.2556270658969879,0.0223463687150838
movi_c_v15_00,temporal_front,6,12,0.5821439623832703,0.26256983240223464
movi_c_v15_00,temporal_front,7,1,0.3849790394306183,0.22346368715083798
movi_c_v15_00,temporal_front,7,2,0.346251517534256,0.07262569832402235
movi_c_v15_00,temporal_front,7,3,0.4808428883552551,0.2346368715083799
movi_c_v15_00,temporal_front,7,4,0.5897969603538513,0.30726256983240224
movi_c_v15_00,temporal_front,7,5,0.22815890610218048,0.0893854748603352
movi_c_v15_00,temporal_front,7,6,0.5518330335617065,0.24581005586592178
movi_c_v15_00,temporal_front,7,7,1.0,1.0
movi_c_v15_00,temporal_front,7,8,0.11106229573488235,0.0
movi_c_v15_00,temporal_front,7,9,0.5917954444885254,0.24581005586592178
movi_c_v15_00,temporal_front,7,10,0.09654920548200607,0.0
movi_c_v15_00,temporal_front,7,11,0.27693936228752136,0.0446927374301676
movi_c_v15_00,temporal_front,7,12,0.7957702279090881,0.6256983240223464
movi_c_v15_00,temporal_front,8,1,0.16344186663627625,0.0893854748603352
movi_c_v15_00,temporal_front,8,2,0.3426228165626526,0.10614525139664804
movi_c_v15_00,temporal_front,8,3,0.28281089663505554,0.0893854748603352
movi_c_v15_00,temporal_front,8,4,0.3691410720348358,0.1005586592178771
movi_c_v15_00,temporal_front,8,5,0.34613049030303955,0.19553072625698323
movi_c_v15_00,temporal_front,8,6,0.281505286693573,0.027932960893854747
movi_c_v15_00,temporal_front,8,7,0.11106229573488235,0.0
movi_c_v15_00,temporal_front,8,8,0.9999999403953552,1.0
movi_c_v15_00,temporal_front,8,9,0.2578190267086029,0.0111731843575419
movi_c_v15_00,temporal_front,8,10,0.5987548828125,0.24022346368715083
movi_c_v15_00,temporal_front,8,11,0.1798923909664154,0.027932960893854747
movi_c_v15_00,temporal_front,8,12,0.1720997840166092,0.0111731843575419
movi_c_v15_00,temporal_front,9,1,0.23583118617534637,0.07262569832402235
movi_c_v15_00,temporal_front,9,2,0.3029719889163971,0.08379888268156424
movi_c_v15_00,temporal_front,9,3,0.3240399658679962,0.05027932960893855
movi_c_v15_00,temporal_front,9,4,0.36139023303985596,0.08379888268156424
movi_c_v15_00,temporal_front,9,5,0.2620956599712372,0.0782122905027933
movi_c_v15_00,temporal_front,9,6,0.5714499354362488,0.19553072625698323
movi_c_v15_00,temporal_front,9,7,0.5917954444885254,0.24581005586592178
movi_c_v15_00,temporal_front,9,8,0.2578190267086029,0.0111731843575419
movi_c_v15_00,temporal_front,9,9,0.9999999403953552,1.0
movi_c_v15_00,temporal_front,9,10,0.25507014989852905,0.0111731843575419
movi_c_v15_00,temporal_front,9,11,0.4078223407268524,0.1005586592178771
movi_c_v15_00,temporal_front,9,12,0.5807596445083618,0.2569832402234637
movi_c_v15_00,temporal_front,10,1,0.1763131022453308,0.08379888268156424
movi_c_v15_00,temporal_front,10,2,0.306445837020874,0.1005586592178771
movi_c_v15_00,temporal_front,10,3,0.29814016819000244,0.055865921787709494
movi_c_v15_00,temporal_front,10,4,0.3601202964782715,0.07262569832402235
movi_c_v15_00,temporal_front,10,5,0.2780967056751251,0.11173184357541899
movi_c_v15_00,temporal_front,10,6,0.3604196012020111,0.0111731843575419
movi_c_v15_00,temporal_front,10,7,0.09654920548200607,0.0
movi_c_v15_00,temporal_front,10,8,0.5987548828125,0.24022346368715083
movi_c_v15_00,temporal_front,10,9,0.25507014989852905,0.0111731843575419
movi_c_v15_00,temporal_front,10,10,0.9999999403953552,1.0
movi_c_v15_00,temporal_front,10,11,0.39371171593666077,0.10614525139664804
movi_c_v15_00,temporal_front,10,12,0.1108301505446434,0.0
movi_c_v15_00,temporal_front,11,1,0.056150831282138824,0.0111731843575419
movi_c_v15_00,temporal_front,11,2,0.0659024640917778,0.0
movi_c_v15_00,temporal_front,11,3,0.1671263724565506,0.01675977653631285
movi_c_v15_00,temporal_front,11,4,0.17033714056015015,0.01675977653631285
movi_c_v15_00,temporal_front,11,5,0.07697098702192307,0.0223463687150838
movi_c_v15_00,temporal_front,11,6,0.2556270658969879,0.0223463687150838
movi_c_v15_00,temporal_front,11,7,0.27693936228752136,0.0446927374301676
movi_c_v15_00,temporal_front,11,8,0.1798923909664154,0.027932960893854747
movi_c_v15_00,temporal_front,11,9,0.4078223407268524,0.1005586592178771
movi_c_v15_00,temporal_front,11,10,0.39371171593666077,0.10614525139664804
movi_c_v15_00,temporal_front,11,11,1.0000001192092896,1.0
movi_c_v15_00,temporal_front,11,12,0.202460378408432,0.027932960893854747
movi_c_v15_00,temporal_front,12,1,0.44792455434799194,0.2681564245810056
movi_c_v15_00,temporal_front,12,2,0.41614487767219543,0.12290502793296089
movi_c_v15_00,temporal_front,12,3,0.5048412680625916,0.2346368715083799
movi_c_v15_00,temporal_front,12,4,0.5889802575111389,0.30726256983240224
movi_c_v15_00,temporal_front,12,5,0.2403540164232254,0.09497206703910614
movi_c_v15_00,temporal_front,12,6,0.5821439623832703,0.26256983240223464
movi_c_v15_00,temporal_front,12,7,0.7957702279090881,0.6256983240223464
movi_c_v15_00,temporal_front,12,8,0.1720997840166092,0.0111731843575419
movi_c_v15_00,temporal_front,12,9,0.5807596445083618,0.2569832402234637
movi_c_v15_00,temporal_front,12,10,0.1108301505446434,0.0
movi_c_v15_00,temporal_front,12,11,0.202460378408432,0.027932960893854747
movi_c_v15_00,temporal_front,12,12,1.0,1.0
movi_c_v15_00,temporal_middle,1,1,1.0000001192092896,
movi_c_v15_00,temporal_middle,1,2,0.16940239071846008,
movi_c_v15_00,temporal_middle,1,3,0.22617928683757782,
movi_c_v15_00,temporal_middle,1,4,0.08385682106018066,
movi_c_v15_00,temporal_middle,1,5,0.0600888691842556,
movi_c_v15_00,temporal_middle,1,6,0.2675364911556244,
movi_c_v15_00,temporal_middle,1,7,0.019755452871322632,
movi_c_v15_00,temporal_middle,1,8,0.038425445556640625,
movi_c_v15_00,temporal_middle,1,9,0.07346893101930618,
movi_c_v15_00,temporal_middle,1,10,0.01067593228071928,
movi_c_v15_00,temporal_middle,1,11,0.055531471967697144,
movi_c_v15_00,temporal_middle,1,12,0.11746161431074142,
movi_c_v15_00,temporal_middle,2,1,0.16940239071846008,
movi_c_v15_00,temporal_middle,2,2,1.0000001192092896,1.0
movi_c_v15_00,temporal_middle,2,3,0.6488452553749084,0.46368715083798884
movi_c_v15_00,temporal_middle,2,4,0.35518646240234375,0.0111731843575419
movi_c_v15_00,temporal_middle,2,5,0.24895936250686646,0.09497206703910614
movi_c_v15_00,temporal_middle,2,6,0.48017618060112,0.24581005586592178
movi_c_v15_00,temporal_middle,2,7,0.24749915301799774,0.061452513966480445
movi_c_v15_00,temporal_middle,2,8,0.33639010787010193,0.2122905027932961
movi_c_v15_00,temporal_middle,2,9,0.3165290057659149,0.10614525139664804
movi_c_v15_00,temporal_middle,2,10,0.27122756838798523,0.11731843575418995
movi_c_v15_00,temporal_middle,2,11,0.47254183888435364,0.2737430167597765
movi_c_v15_00,temporal_middle,2,12,0.3585008382797241,0.12290502793296089
movi_c_v15_00,temporal_middle,3,1,0.22617928683757782,
movi_c_v15_00,temporal_middle,3,2,0.6488452553749084,0.46368715083798884
movi_c_v15_00,temporal_middle,3,3,0.9999998807907104,1.0
movi_c_v15_00,temporal_middle,3,4,0.4125688076019287,0.0111731843575419
movi_c_v15_00,temporal_middle,3,5,0.23225514590740204,0.07262569832402235
movi_c_v15_00,temporal_middle,3,6,0.4991506040096283,0.24581005586592178
movi_c_v15_00,temporal_middle,3,7,0.3736364245414734,0.055865921787709494
movi_c_v15_00,temporal_middle,3,8,0.30424538254737854,0.12290502793296089
movi_c_v15_00,temporal_middle,3,9,0.3359013497829437,0.09497206703910614
movi_c_v15_00,temporal_middle,3,10,0.22832666337490082,0.061452513966480445
movi_c_v15_00,temporal_middle,3,11,0.5361787676811218,0.2569832402234637
movi_c_v15_00,temporal_middle,3,12,0.44499847292900085,0.08379888268156424
movi_c_v15_00,temporal_middle,4,1,0.08385682106018066,
movi_c_v15_00,temporal_middle,4,2,0.35518646240234375,0.0111731843575419
movi_c_v15_00,temporal_middle,4,3,0.4125688076019287,0.0111731843575419
movi_c_v15_00,temporal_middle,4,4,1.0,1.0
movi_c_v15_00,temporal_middle,4,5,0.509143054485321,0.10614525139664804
movi_c_v15_00,temporal_middle,4,6,0.4206577241420746,0.00558659217877095
movi_c_v15_00,temporal_middle,4,7,0.5762612223625183,0.08379888268156424
movi_c_v15_00,temporal_middle,4,8,0.5701912641525269,0.12849162011173185
movi_c_v15_00,temporal_middle,4,9,0.5914117097854614,0.05027932960893855
movi_c_v15_00,temporal_middle,4,10,0.7162777185440063,0.27932960893854747
movi_c_v15_00,temporal_middle,4,11,0.5356860160827637,0.03910614525139665
movi_c_v15_00,temporal_middle,4,12,0.6773014664649963,0.10614525139664804
movi_c_v15_00,temporal_middle,5,1,0.0600888691842556,
movi_c_v15_00,temporal_middle,5,2,0.24895936250686646,0.09497206703910614
movi_c_v15_00,temporal_middle,5,3,0.23225514590740204,0.07262569832402235
movi_c_v15_00,temporal_middle,5,4,0.509143054485321,0.10614525139664804
movi_c_v15_00,temporal_middle,5,5,1.0,1.0
movi_c_v15_00,temporal_middle,5,6,0.42005056142807007,0.1452513966480447
movi_c_v15_00,temporal_middle,5,7,0.34336912631988525,0.07262569832402235
movi_c_v15_00,temporal_middle,5,8,0.44500622153282166,0.20670391061452514
movi_c_v15_00,temporal_middle,5,9,0.37691932916641235,0.09497206703910614
movi_c_v15_00,temporal_middle,5,10,0.4291124641895294,0.10614525139664804
movi_c_v15_00,temporal_middle,5,11,0.2523006200790405,0.0670391061452514
movi_c_v15_00,temporal_middle,5,12,0.522400975227356,0.25139664804469275
movi_c_v15_00,temporal_middle,6,1,0.2675364911556244,
movi_c_v15_00,temporal_middle,6,2,0.48017618060112,0.24581005586592178
movi_c_v15_00,temporal_middle,6,3,0.4991506040096283,0.24581005586592178
movi_c_v15_00,temporal_middle,6,4,0.4206577241420746,0.00558659217877095
movi_c_v15_00,temporal_middle,6,5,0.42005056142807007,0.1452513966480447
movi_c_v15_00,temporal_middle,6,6,0.9999999403953552,1.0
movi_c_v15_00,temporal_middle,6,7,0.301939457654953,0.0223463687150838
movi_c_v15_00,temporal_middle,6,8,0.3276544511318207,0.12849162011173185
movi_c_v15_00,temporal_middle,6,9,0.42185619473457336,0.0782122905027933
movi_c_v15_00,temporal_middle,6,10,0.2159227877855301,0.0223463687150838
movi_c_v15_00,temporal_middle,6,11,0.4022253453731537,0.11731843575418995
movi_c_v15_00,temporal_middle,6,12,0.5928882360458374,0.07262569832402235
movi_c_v15_00,temporal_middle,7,1,0.019755452871322632,
movi_c_v15_00,temporal_middle,7,2,0.24749915301799774,0.061452513966480445
movi_c_v15_00,temporal_middle,7,3,0.3736364245414734,0.055865921787709494
movi_c_v15_00,temporal_middle,7,4,0.5762612223625183,0.08379888268156424
movi_c_v15_00,temporal_middle,7,5,0.34336912631988525,0.07262569832402235
movi_c_v15_00,temporal_middle,7,6,0.301939457654953,0.0223463687150838
movi_c_v15_00,temporal_middle,7,7,1.0,1.0
movi_c_v15_00,temporal_middle,7,8,0.27869150042533875,0.07262569832402235
movi_c_v15_00,temporal_middle,7,9,0.5729321241378784,0.17318435754189945
movi_c_v15_00,temporal_middle,7,10,0.3219528794288635,0.0446927374301676
movi_c_v15_00,temporal_middle,7,11,0.49680599570274353,0.1005586592178771
movi_c_v15_00,temporal_middle,7,12,0.5432818531990051,0.09497206703910614
movi_c_v15_00,temporal_middle,8,1,0.038425445556640625,
movi_c_v15_00,temporal_middle,8,2,0.33639010787010193,0.2122905027932961
movi_c_v15_00,temporal_middle,8,3,0.30424538254737854,0.12290502793296089
movi_c_v15_00,temporal_middle,8,4,0.5701912641525269,0.12849162011173185
movi_c_v15_00,temporal_middle,8,5,0.44500622153282166,0.20670391061452514
movi_c_v15_00,temporal_middle,8,6,0.3276544511318207,0.12849162011173185
movi_c_v15_00,temporal_middle,8,7,0.27869150042533875,0.07262569832402235
movi_c_v15_00,temporal_middle,8,8,1.0000001192092896,1.0
movi_c_v15_00,temporal_middle,8,9,0.3972761332988739,0.09497206703910614
movi_c_v15_00,temporal_middle,8,10,0.7069782614707947,0.46368715083798884
movi_c_v15_00,temporal_middle,8,11,0.2987882196903229,0.0893854748603352
movi_c_v15_00,temporal_middle,8,12,0.2992797791957855,0.0223463687150838
movi_c_v15_00,temporal_middle,9,1,0.07346893101930618,
movi_c_v15_00,temporal_middle,9,2,0.3165290057659149,0.10614525139664804
movi_c_v15_00,temporal_middle,9,3,0.3359013497829437,0.09497206703910614
movi_c_v15_00,temporal_middle,9,4,0.5914117097854614,0.05027932960893855
movi_c_v15_00,temporal_middle,9,5,0.37691932916641235,0.09497206703910614
movi_c_v15_00,temporal_middle,9,6,0.42185619473457336,0.0782122905027933
movi_c_v15_00,temporal_middle,9,7,0.5729321241378784,0.17318435754189945
movi_c_v15_00,temporal_middle,9,8,0.3972761332988739,0.09497206703910614
movi_c_v15_00,temporal_middle,9,9,0.9999999403953552,1.0
movi_c_v15_00,temporal_middle,9,10,0.38879385590553284,0.055865921787709494
movi_c_v15_00,temporal_middle,9,11,0.43452978134155273,0.08379888268156424
movi_c_v15_00,temporal_middle,9,12,0.5919070243835449,0.1452513966480447
movi_c_v15_00,temporal_middle,10,1,0.01067593228071928,
movi_c_v15_00,temporal_middle,10,2,0.27122756838798523,0.11731843575418995
movi_c_v15_00,temporal_middle,10,3,0.22832666337490082,0.061452513966480445
movi_c_v15_00,temporal_middle,10,4,0.7162777185440063,0.27932960893854747
movi_c_v15_00,temporal_middle,10,5,0.4291124641895294,0.10614525139664804
movi_c_v15_00,temporal_middle,10,6,0.2159227877855301,0.0223463687150838
movi_c_v15_00,temporal_middle,10,7,0.3219528794288635,0.0446927374301676
movi_c_v15_00,temporal_middle,10,8,0.7069782614707947,0.46368715083798884
movi_c_v15_00,temporal_middle,10,9,0.38879385590553284,0.055865921787709494
movi_c_v15_00,temporal_middle,10,10,1.0,1.0
movi_c_v15_00,temporal_middle,10,11,0.39135685563087463,0.12849162011173185
movi_c_v15_00,temporal_middle,10,12,0.3738684356212616,0.01675977653631285
movi_c_v15_00,temporal_middle,11,1,0.055531471967697144,
movi_c_v15_00,temporal_middle,11,2,0.47254183888435364,0.2737430167597765
movi_c_v15_00,temporal_middle,11,3,0.5361787676811218,0.2569832402234637
movi_c_v15_00,temporal_middle,11,4,0.5356860160827637,0.03910614525139665
movi_c_v15_00,temporal_middle,11,5,0.2523006200790405,0.0670391061452514
movi_c_v15_00,temporal_middle,11,6,0.4022253453731537,0.11731843575418995
movi_c_v15_00,temporal_middle,11,7,0.49680599570274353,0.1005586592178771
movi_c_v15_00,temporal_middle,11,8,0.2987882196903229,0.0893854748603352
movi_c_v15_00,temporal_middle,11,9,0.43452978134155273,0.08379888268156424
movi_c_v15_00,temporal_middle,11,10,0.39135685563087463,0.12849162011173185
movi_c_v15_00,temporal_middle,11,11,0.9999999403953552,1.0
movi_c_v15_00,temporal_middle,11,12,0.5650659799575806,0.16201117318435754
movi_c_v15_00,temporal_middle,12,1,0.11746161431074142,
movi_c_v15_00,temporal_middle,12,2,0.3585008382797241,0.12290502793296089
movi_c_v15_00,temporal_middle,12,3,0.44499847292900085,0.08379888268156424
movi_c_v15_00,temporal_middle,12,4,0.6773014664649963,0.10614525139664804
movi_c_v15_00,temporal_middle,12,5,0.522400975227356,0.25139664804469275
movi_c_v15_00,temporal_middle,12,6,0.5928882360458374,0.07262569832402235
movi_c_v15_00,temporal_middle,12,7,0.5432818531990051,0.09497206703910614
movi_c_v15_00,temporal_middle,12,8,0.2992797791957855,0.0223463687150838
movi_c_v15_00,temporal_middle,12,9,0.5919070243835449,0.1452513966480447
movi_c_v15_00,temporal_middle,12,10,0.3738684356212616,0.01675977653631285
movi_c_v15_00,temporal_middle,12,11,0.5650659799575806,0.16201117318435754
movi_c_v15_00,temporal_middle,12,12,0.9999998807907104,1.0
movi_c_v15_01,spatial_block,1,1,0.9999999403953552,1.0
movi_c_v15_01,spatial_block,1,2,0.501095175743103,0.3575418994413408
movi_c_v15_01,spatial_block,1,3,0.38095176219940186,0.2122905027932961
movi_c_v15_01,spatial_block,1,4,0.06027193367481232,
movi_c_v15_01,spatial_block,1,5,0.3584654927253723,0.20670391061452514
movi_c_v15_01,spatial_block,1,6,0.41484931111335754,0.17318435754189945
movi_c_v15_01,spatial_block,1,7,0.23765279352664948,0.09497206703910614
movi_c_v15_01,spatial_block,1,8,0.1298520416021347,0.01675977653631285
movi_c_v15_01,spatial_block,1,9,0.129508376121521,0.0335195530726257
movi_c_v15_01,spatial_block,1,10,0.24455437064170837,0.0893854748603352
movi_c_v15_01,spatial_block,1,11,0.2744196951389313,0.1005586592178771
movi_c_v15_01,spatial_block,1,12,0.22555533051490784,0.0446927374301676
movi_c_v15_01,spatial_block,2,1,0.501095175743103,0.3575418994413408
movi_c_v15_01,spatial_block,2,2,1.0000001192092896,1.0
movi_c_v15_01,spatial_block,2,3,0.16086675226688385,0.061452513966480445
movi_c_v15_01,spatial_block,2,4,0.02125231735408306,
movi_c_v15_01,spatial_block,2,5,0.17372235655784607,0.10614525139664804
movi_c_v15_01,spatial_block,2,6,0.28317469358444214,0.11731843575418995
movi_c_v15_01,spatial_block,2,7,0.3611085116863251,0.1787709497206704
movi_c_v15_01,spatial_block,2,8,0.10978322476148605,0.0223463687150838
movi_c_v15_01,spatial_block,2,9,0.23809370398521423,0.055865921787709494
movi_c_v15_01,spatial_block,2,10,0.09759017825126648,0.027932960893854747
movi_c_v15_01,spatial_block,2,11,0.29580485820770264,0.08379888268156424
movi_c_v15_01,spatial_block,2,12,0.2419358193874359,0.0670391061452514
movi_c_v15_01,spatial_block,3,1,0.38095176219940186,0.2122905027932961
movi_c_v15_01,spatial_block,3,2,0.16086675226688385,0.061452513966480445
movi_c_v15_01,spatial_block,3,3,0.9999998807907104,1.0
movi_c_v15_01,spatial_block,3,4,0.256037175655365,
movi_c_v15_01,spatial_block,3,5,0.48417985439300537,0.3743016759776536
movi_c_v15_01,spatial_block,3,6,0.557915985584259,0.3128491620111732
movi_c_v15_01,spatial_block,3,7,0.2309187948703766,0.09497206703910614
movi_c_v15_01,spatial_block,3,8,0.15309230983257294,0.0446927374301676
movi_c_v15_01,spatial_block,3,9,0.12384306639432907,0.03910614525139665
movi_c_v15_01,spatial_block,3,10,0.10871967673301697,0.0335195530726257
movi_c_v15_01,spatial_block,3,11,0.19089733064174652,0.0670391061452514
movi_c_v15_01,spatial_block,3,12,0.41959071159362793,0.1787709497206704
movi_c_v15_01,spatial_block,4,1,0.06027193367481232,
movi_c_v15_01,spatial_block,4,2,0.02125231735408306,
movi_c_v15_01,spatial_block,4,3,0.256037175655365,
movi_c_v15_01,spatial_block,4,4,1.0,
movi_c_v15_01,spatial_block,4,5,0.33937886357307434,
movi_c_v15_01,spatial_block,4,6,0.09393742680549622,
movi_c_v15_01,spatial_block,4,7,0.03234838321805,
movi_c_v15_01,spatial_block,4,8,0.035119861364364624,
movi_c_v15_01,spatial_block,4,9,0.012433242984116077,
movi_c_v15_01,spatial_block,4,10,0.01722492277622223,
movi_c_v15_01,spatial_block,4,11,0.03559059649705887,
movi_c_v15_01,spatial_block,4,12,0.17050811648368835,
movi_c_v15_01,spatial_block,5,1,0.3584654927253723,0.20670391061452514
movi_c_v15_01,spatial_block,5,2,0.17372235655784607,0.10614525139664804
movi_c_v15_01,spatial_block,5,3,0.48417985439300537,0.3743016759776536
movi_c_v15_01,spatial_block,5,4,0.33937886357307434,
movi_c_v15_01,spatial_block,5,5,0.9999999403953552,1.0
movi_c_v15_01,spatial_block,5,6,0.3651348352432251,0.17318435754189945
movi_c_v15_01,spatial_block,5,7,0.10972435027360916,0.0446927374301676
movi_c_v15_01,spatial_block,5,8,0.14250807464122772,0.0335195530726257
movi_c_v15_01,spatial_block,5,9,0.08834316581487656,0.027932960893854747
movi_c_v15_01,spatial_block,5,10,0.17379829287528992,0.09497206703910614
movi_c_v15_01,spatial_block,5,11,0.16159246861934662,0.03910614525139665
movi_c_v15_01,spatial_block,5,12,0.33084267377853394,0.18994413407821228
movi_c_v15_01,spatial_block,6,1,0.41484931111335754,0.17318435754189945
movi_c_v15_01,spatial_block,6,2,0.28317469358444214,0.11731843575418995
movi_c_v15_01,spatial_block,6,3,0.557915985584259,0.3128491620111732
movi_c_v15_01,spatial_block,6,4,0.09393742680549622,
movi_c_v15_01,spatial_block,6,5,0.3651348352432251,0.17318435754189945
movi_c_v15_01,spatial_block,6,6,1.0,1.0
movi_c_v15_01,spatial_block,6,7,0.4911496043205261,0.22346368715083798
movi_c_v15_01,spatial_block,6,8,0.18335744738578796,0.027932960893854747
movi_c_v15_01,spatial_block,6,9,0.2813182473182678,0.061452513966480445
movi_c_v15_01,spatial_block,6,10,0.13391225039958954,0.0111731843575419
movi_c_v15_01,spatial_block,6,11,0.3437628448009491,0.12290502793296089
movi_c_v15_01,spatial_block,6,12,0.47343966364860535,0.1340782122905028
movi_c_v15_01,spatial_block,7,1,0.23765279352664948,0.09497206703910614
movi_c_v15_01,spatial_block,7,2,0.3611085116863251,0.1787709497206704
movi_c_v15_01,spatial_block,7,3,0.2309187948703766,0.09497206703910614
movi_c_v15_01,spatial_block,7,4,0.03234838321805,
movi_c_v15_01,spatial_block,7,5,0.10972435027360916,0.0446927374301676
movi_c_v15_01,spatial_block,7,6,0.4911496043205261,0.22346368715083798
movi_c_v15_01,spatial_block,7,7,1.0,1.0
movi_c_v15_01,spatial_block,7,8,0.12120822072029114,0.0111731843575419
movi_c_v15_01,spatial_block,7,9,0.29557469487190247,0.0670391061452514
movi_c_v15_01,spatial_block,7,10,0.04575776308774948,0.00558659217877095
movi_c_v15_01,spatial_block,7,11,0.44581979513168335,0.24581005586592178
movi_c_v15_01,spatial_block,7,12,0.4127882719039917,0.1340782122905028
movi_c_v15_01,spatial_block,8,1,0.1298520416021347,0.01675977653631285
movi_c_v15_01,spatial_block,8,2,0.10978322476148605,0.0223463687150838
movi_c_v15_01,spatial_block,8,3,0.15309230983257294,0.0446927374301676
movi_c_v15_01,spatial_block,8,4,0.035119861364364624,
movi_c_v15_01,spatial_block,8,5,0.14250807464122772,0.0335195530726257
movi_c_v15_01,spatial_block,8,6,0.18335744738578796,0.027932960893854747
movi_c_v15_01,spatial_block,8,7,0.12120822072029114,0.0111731843575419
movi_c_v15_01,spatial_block,8,8,1.0,1.0
movi_c_v15_01,spatial_block,8,9,0.1900101900100708,0.0670391061452514
movi_c_v15_01,spatial_block,8,10,0.6660070419311523,0.4972067039106145
movi_c_v15_01,spatial_block,8,11,0.3347719609737396,0.15083798882681565
movi_c_v15_01,spatial_block,8,12,0.2868589162826538,0.08379888268156424
movi_c_v15_01,spatial_block,9,1,0.129508376121521,0.0335195530726257
movi_c_v15_01,spatial_block,9,2,0.23809370398521423,0.055865921787709494
movi_c_v15_01,spatial_block,9,3,0.12384306639432907,0.03910614525139665
movi_c_v15_01,spatial_block,9,4,0.012433242984116077,
movi_c_v15_01,spatial_block,9,5,0.08834316581487656,0.027932960893854747
movi_c_v15_01,spatial_block,9,6,0.2813182473182678,0.061452513966480445
movi_c_v15_01,spatial_block,9,7,0.29557469487190247,0.0670391061452514
movi_c_v15_01,spatial_block,9,8,0.1900101900100708,0.0670391061452514
movi_c_v15_01,spatial_block,9,9,1.0,1.0
movi_c_v15_01,spatial_block,9,10,0.15579745173454285,0.055865921787709494
movi_c_v15_01,spatial_block,9,11,0.3118259310722351,0.055865921787709494
movi_c_v15_01,spatial_block,9,12,0.42205730080604553,0.10614525139664804
movi_c_v15_01,spatial_block,10,1,0.24455437064170837,0.0893854748603352
movi_c_v15_01,spatial_block,10,2,0.09759017825126648,0.027932960893854747
movi_c_v15_01,spatial_block,10,3,0.10871967673301697,0.0335195530726257
movi_c_v15_01,spatial_block,10,4,0.01722492277622223,
movi_c_v15_01,spatial_block,10,5,0.17379829287528992,0.09497206703910614
movi_c_v15_01,spatial_block,10,6,0.13391225039958954,0.0111731843575419
movi_c_v15_01,spatial_block,10,7,0.04575776308774948,0.00558659217877095
movi_c_v15_01,spatial_block,10,8,0.6660070419311523,0.4972067039106145
movi_c_v15_01,spatial_block,10,9,0.15579745173454285,0.055865921787709494
movi_c_v15_01,spatial_block,10,10,0.9999998807907104,1.0
movi_c_v15_01,spatial_block,10,11,0.1841549575328827,0.0782122905027933
movi_c_v15_01,spatial_block,10,12,0.1711931973695755,0.055865921787709494
movi_c_v15_01,spatial_block,11,1,0.2744196951389313,0.1005586592178771
movi_c_v15_01,spatial_block,11,2,0.29580485820770264,0.08379888268156424
movi_c_v15_01,spatial_block,11,3,0.19089733064174652,0.0670391061452514
movi_c_v15_01,spatial_block,11,4,0.03559059649705887,
movi_c_v15_01,spatial_block,11,5,0.16159246861934662,0.03910614525139665
movi_c_v15_01,spatial_block,11,6,0.3437628448009491,0.12290502793296089
movi_c_v15_01,spatial_block,11,7,0.44581979513168335,0.24581005586592178
movi_c_v15_01,spatial_block,11,8,0.3347719609737396,0.15083798882681565
movi_c_v15_01,spatial_block,11,9,0.3118259310722351,0.055865921787709494
movi_c_v15_01,spatial_block,11,10,0.1841549575328827,0.0782122905027933
movi_c_v15_01,spatial_block,11,11,1.0,1.0
movi_c_v15_01,spatial_block,11,12,0.3892620801925659,0.13966480446927373
movi_c_v15_01,spatial_block,12,1,0.22555533051490784,0.0446927374301676
movi_c_v15_01,spatial_block,12,2,0.2419358193874359,0.0670391061452514
movi_c_v15_01,spatial_block,12,3,0.41959071159362793,0.1787709497206704
movi_c_v15_01,spatial_block,12,4,0.17050811648368835,
movi_c_v15_01,spatial_block,12,5,0.33084267377853394,0.18994413407821228
movi_c_v15_01,spatial_block,12,6,0.47343966364860535,0.1340782122905028
movi_c_v15_01,spatial_block,12,7,0.4127882719039917,0.1340782122905028
movi_c_v15_01,spatial_block,12,8,0.2868589162826538,0.08379888268156424
movi_c_v15_01,spatial_block,12,9,0.42205730080604553,0.10614525139664804
movi_c_v15_01,spatial_block,12,10,0.1711931973695755,0.055865921787709494
movi_c_v15_01,spatial_block,12,11,0.3892620801925659,0.13966480446927373
movi_c_v15_01,spatial_block,12,12,1.0,1.0
movi_c_v15_01,spatial_scattered,1,1,1.0000001192092896,1.0
movi_c_v15_01,spatial_scattered,1,2,0.4431213438510895,0.18435754189944134
movi_c_v15_01,spatial_scattered,1,3,0.4047603905200958,0.08379888268156424
movi_c_v15_01,spatial_scattered,1,4,0.4939655065536499,0.10614525139664804
movi_c_v15_01,spatial_scattered,1,5,0.3416918218135834,0.0782122905027933
movi_c_v15_01,spatial_scattered,1,6,0.497163861989975,0.19553072625698323
movi_c_v15_01,spatial_scattered,1,7,0.47047552466392517,0.1787709497206704
movi_c_v15_01,spatial_scattered,1,8,0.33263933658599854,0.05027932960893855
movi_c_v15_01,spatial_scattered,1,9,0.2998235821723938,0.0893854748603352
movi_c_v15_01,spatial_scattered,1,10,0.2952030301094055,0.055865921787709494
movi_c_v15_01,spatial_scattered,1,11,0.3627507984638214,0.0446927374301676
movi_c_v15_01,spatial_scattered,1,12,0.4251188039779663,0.11173184357541899
movi_c_v15_01,spatial_scattered,2,1,0.4431213438510895,0.18435754189944134
movi_c_v15_01,spatial_scattered,2,2,0.9999998807907104,1.0
movi_c_v15_01,spatial_scattered,2,3,0.5093077421188354,0.08379888268156424
movi_c_v15_01,spatial_scattered,2,4,0.3934531807899475,0.00558659217877095
movi_c_v15_01,spatial_scattered,2,5,0.3639355003833771,0.1005586592178771
movi_c_v15_01,spatial_scattered,2,6,0.47766563296318054,0.1564245810055866
movi_c_v15_01,spatial_scattered,2,7,0.3128341734409332,0.0893854748603352
movi_c_v15_01,spatial_scattered,2,8,0.41766372323036194,0.11173184357541899
movi_c_v15_01,spatial_scattered,2,9,0.2385256588459015,0.07262569832402235
movi_c_v15_01,spatial_scattered,2,10,0.2341710478067398,0.0111731843575419
movi_c_v15_01,spatial_scattered,2,11,0.2172059267759323,0.01675977653631285
movi_c_v15_01,spatial_scattered,2,12,0.3792564272880554,0.11173184357541899
movi_c_v15_01,spatial_scattered,3,1,0.4047603905200958,0.08379888268156424
movi_c_v15_01,spatial_scattered,3,2,0.5093077421188354,0.08379888268156424
movi_c_v15_01,spatial_scattered,3,3,0.9999999403953552,1.0
movi_c_v15_01,spatial_scattered,3,4,0.4281032383441925,0.0
movi_c_v15_01,spatial_scattered,3,5,0.4391882121562958,0.10614525139664804
movi_c_v15_01,spatial_scattered,3,6,0.4913935959339142,0.1452513966480447
movi_c_v15_01,spatial_scattered,3,7,0.2533060610294342,0.0670391061452514
movi_c_v15_01,spatial_scattered,3,8,0.550682544708252,0.18994413407821228
movi_c_v15_01,spatial_scattered,3,9,0.2533349394798279,0.0223463687150838
movi_c_v15_01,spatial_scattered,3,10,0.5189083218574524,0.15083798882681565
movi_c_v15_01,spatial_scattered,3,11,0.17007754743099213,0.00558659217877095
movi_c_v15_01,spatial_scattered,3,12,0.34337589144706726,0.061452513966480445
movi_c_v15_01,spatial_scattered,4,1,0.4939655065536499,0.10614525139664804
movi_c_v15_01,spatial_scattered,4,2,0.3934531807899475,0.00558659217877095
movi_c_v15_01,spatial_scattered,4,3,0.4281032383441925,0.0
movi_c_v15_01,spatial_scattered,4,4,1.0,1.0
movi_c_v15_01,spatial_scattered,4,5,0.626081109046936,0.00558659217877095
movi_c_v15_01,spatial_scattered,4,6,0.5003405809402466,0.03910614525139665
movi_c_v15_01,spatial_scattered,4,7,0.5629106760025024,0.1787709497206704
movi_c_v15_01,spatial_scattered,4,8,0.5646275877952576,0.0111731843575419
movi_c_v15_01,spatial_scattered,4,9,0.6444199681282043,0.20670391061452514
movi_c_v15_01,spatial_scattered,4,10,0.626691460609436,0.061452513966480445
movi_c_v15_01,spatial_scattered,4,11,0.7074251174926758,0.1564245810055866
movi_c_v15_01,spatial_scattered,4,12,0.5622360706329346,0.11731843575418995
movi_c_v15_01,spatial_scattered,5,1,0.3416918218135834,0.0782122905027933
movi_c_v15_01,spatial_scattered,5,2,0.3639355003833771,0.1005586592178771
movi_c_v15_01,spatial_scattered,5,3,0.4391882121562958,0.10614525139664804
movi_c_v15_01,spatial_scattered,5,4,0.626081109046936,0.00558659217877095
movi_c_v15_01,spatial_scattered,5,5,0.9999999403953552,1.0
movi_c_v15_01,spatial_scattered,5,6,0.4639624357223511,0.2346368715083799
movi_c_v15_01,spatial_scattered,5,7,0.2866077721118927,0.01675977653631285
movi_c_v15_01,spatial_scattered,5,8,0.6149980425834656,0.25139664804469275
movi_c_v15_01,spatial_scattered,5,9,0.40130099654197693,0.05027932960893855
movi_c_v15_01,spatial_scattered,5,10,0.6334584951400757,0.16759776536312848
movi_c_v15_01,spatial_scattered,5,11,0.4604363739490509,0.055865921787709494
movi_c_v15_01,spatial_scattered,5,12,0.30211561918258667,0.0111731843575419
movi_c_v15_01,spatial_scattered,6,1,0.497163861989975,0.19553072625698323
movi_c_v15_01,spatial_scattered,6,2,0.47766563296318054,0.1564245810055866
movi_c_v15_01,spatial_scattered,6,3,0.4913935959339142,0.1452513966480447
movi_c_v15_01,spatial_scattered,6,4,0.5003405809402466,0.03910614525139665
movi_c_v15_01,spatial_scattered,6,5,0.4639624357223511,0.2346368715083799
movi_c_v15_01,spatial_scattered,6,6,1.0,1.0
movi_c_v15_01,spatial_scattered,6,7,0.48368027806282043,0.055865921787709494
movi_c_v15_01,spatial_scattered,6,8,0.3439939618110657,0.0335195530726257
movi_c_v15_01,spatial_scattered,6,9,0.40400630235671997,0.061452513966480445
movi_c_v15_01,spatial_scattered,6,10,0.3283824026584625,0.09497206703910614
movi_c_v15_01,spatial_scattered,6,11,0.4141787588596344,0.027932960893854747
movi_c_v15_01,spatial_scattered,6,12,0.5294053554534912,0.10614525139664804
movi_c_v15_01,spatial_scattered,7,1,0.47047552466392517,0.1787709497206704
movi_c_v15_01,spatial_scattered,7,2,0.3128341734409332,0.0893854748603352
movi_c_v15_01,spatial_scattered,7,3,0.2533060610294342,0.0670391061452514
movi_c_v15_01,spatial_scattered,7,4,0.5629106760025024,0.1787709497206704
movi_c_v15_01,spatial_scattered,7,5,0.2866077721118927,0.01675977653631285
movi_c_v15_01,spatial_scattered,7,6,0.48368027806282043,0.055865921787709494
movi_c_v15_01,spatial_scattered,7,7,1.0,1.0
movi_c_v15_01,spatial_scattered,7,8,0.25751993060112,0.01675977653631285
movi_c_v15_01,spatial_scattered,7,9,0.42098695039749146,0.09497206703910614
movi_c_v15_01,spatial_scattered,7,10,0.08538651466369629,0.0
movi_c_v15_01,spatial_scattered,7,11,0.5963612198829651,0.18435754189944134
movi_c_v15_01,spatial_scattered,7,12,0.6997421383857727,0.18435754189944134
movi_c_v15_01,spatial_scattered,8,1,0.33263933658599854,0.05027932960893855
movi_c_v15_01,spatial_scattered,8,2,0.41766372323036194,0.11173184357541899
movi_c_v15_01,spatial_scattered,8,3,0.550682544708252,0.18994413407821228
movi_c_v15_01,spatial_scattered,8,4,0.5646275877952576,0.0111731843575419
movi_c_v15_01,spatial_scattered,8,5,0.6149980425834656,0.25139664804469275
movi_c_v15_01,spatial_scattered,8,6,0.3439939618110657,0.0335195530726257
movi_c_v15_01,spatial_scattered,8,7,0.25751993060112,0.01675977653631285
movi_c_v15_01,spatial_scattered,8,8,1.0,1.0
movi_c_v15_01,spatial_scattered,8,9,0.3490270972251892,0.0335195530726257
movi_c_v15_01,spatial_scattered,8,10,0.6489388346672058,0.3854748603351955
movi_c_v15_01,spatial_scattered,8,11,0.3512406349182129,0.0223463687150838
movi_c_v15_01,spatial_scattered,8,12,0.3070429563522339,0.05027932960893855
movi_c_v15_01,spatial_scattered,9,1,0.2998235821723938,0.0893854748603352
movi_c_v15_01,spatial_scattered,9,2,0.2385256588459015,0.07262569832402235
movi_c_v15_01,spatial_scattered,9,3,0.2533349394798279,0.0223463687150838
movi_c_v15_01,spatial_scattered,9,4,0.6444199681282043,0.20670391061452514
movi_c_v15_01,spatial_scattered,9,5,0.40130099654197693,0.05027932960893855
movi_c_v15_01,spatial_scattered,9,6,0.40400630235671997,0.061452513966480445
movi_c_v15_01,spatial_scattered,9,7,0.42098695039749146,0.09497206703910614
movi_c_v15_01,spatial_scattered,9,8,0.3490270972251892,0.0335195530726257
movi_c_v15_01,spatial_scattered,9,9,0.9999999403953552,1.0
movi_c_v15_01,spatial_scattered,9,10,0.42229166626930237,0.05027932960893855
movi_c_v15_01,spatial_scattered,9,11,0.6091616153717041,0.2346368715083799
movi_c_v15_01,spatial_scattered,9,12,0.3998482823371887,0.0670391061452514
movi_c_v15_01,spatial_scattered,10,1,0.2952030301094055,0.055865921787709494
movi_c_v15_01,spatial_scattered,10,2,0.2341710478067398,0.0111731843575419
movi_c_v15_01,spatial_scattered,10,3,0.5189083218574524,0.15083798882681565
movi_c_v15_01,spatial_scattered,10,4,0.626691460609436,0.061452513966480445
movi_c_v15_01,spatial_scattered,10,5,0.6334584951400757,0.16759776536312848
movi_c_v15_01,spatial_scattered,10,6,0.3283824026584625,0.09497206703910614
movi_c_v15_01,spatial_scattered,10,7,0.08538651466369629,0.0
movi_c_v15_01,spatial_scattered,10,8,0.6489388346672058,0.3854748603351955
movi_c_v15_01,spatial_scattered,10,9,0.42229166626930237,0.05027932960893855
movi_c_v15_01,spatial_scattered,10,10,0.9999999403953552,1.0
movi_c_v15_01,spatial_scattered,10,11,0.345862478017807,0.00558659217877095
movi_c_v15_01,spatial_scattered,10,12,0.18367362022399902,0.0111731843575419
movi_c_v15_01,spatial_scattered,11,1,0.3627507984638214,0.0446927374301676
movi_c_v15_01,spatial_scattered,11,2,0.2172059267759323,0.01675977653631285
movi_c_v15_01,spatial_scattered,11,3,0.17007754743099213,0.00558659217877095
movi_c_v15_01,spatial_scattered,11,4,0.7074251174926758,0.1564245810055866
movi_c_v15_01,spatial_scattered,11,5,0.4604363739490509,0.055865921787709494
movi_c_v15_01,spatial_scattered,11,6,0.4141787588596344,0.027932960893854747
movi_c_v15_01,spatial_scattered,11,7,0.5963612198829651,0.18435754189944134
movi_c_v15_01,spatial_scattered,11,8,0.3512406349182129,0.0223463687150838
movi_c_v15_01,spatial_scattered,11,9,0.6091616153717041,0.2346368715083799
movi_c_v15_01,spatial_scattered,11,10,0.345862478017807,0.00558659217877095
movi_c_v15_01,spatial_scattered,11,11,0.9999999403953552,1.0
movi_c_v15_01,spatial_scattered,11,12,0.540679931640625,0.12290502793296089
movi_c_v15_01,spatial_scattered,12,1,0.4251188039779663,0.11173184357541899
movi_c_v15_01,spatial_scattered,12,2,0.3792564272880554,0.11173184357541899
movi_c_v15_01,spatial_scattered,12,3,0.34337589144706726,0.061452513966480445
movi_c_v15_01,spatial_scattered,12,4,0.5622360706329346,0.11731843575418995
movi_c_v15_01,spatial_scattered,12,5,0.30211561918258667,0.0111731843575419
movi_c_v15_01,spatial_scattered,12,6,0.5294053554534912,0.10614525139664804
movi_c_v15_01,spatial_scattered,12,7,0.6997421383857727,0.18435754189944134
movi_c_v15_01,spatial_scattered,12,8,0.3070429563522339,0.05027932960893855
movi_c_v15_01,spatial_scattered,12,9,0.3998482823371887,0.0670391061452514
movi_c_v15_01,spatial_scattered,12,10,0.18367362022399902,0.0111731843575419
movi_c_v15_01,spatial_scattered,12,11,0.540679931640625,0.12290502793296089
movi_c_v15_01,spatial_scattered,12,12,0.9999998807907104,1.0
movi_c_v15_01,temporal_back,1,1,1.0,1.0
movi_c_v15_01,temporal_back,1,2,0.5434787273406982,0.2122905027932961
movi_c_v15_01,temporal_back,1,3,0.28367695212364197,0.07262569832402235
movi_c_v15_01,temporal_back,1,4,0.5305337309837341,0.12290502793296089
movi_c_v15_01,temporal_back,1,5,0.4575471878051758,0.12849162011173185
movi_c_v15_01,temporal_back,1,6,0.4976716935634613,0.22346368715083798
movi_c_v15_01,temporal_back,1,7,0.38878870010375977,0.12290502793296089
movi_c_v15_01,temporal_back,1,8,0.4398624300956726,0.09497206703910614
movi_c_v15_01,temporal_back,1,9,0.21233581006526947,0.01675977653631285
movi_c_v15_01,temporal_back,1,10,0.3948383927345276,0.027932960893854747
movi_c_v15_01,temporal_back,1,11,0.5187054872512817,0.10614525139664804
movi_c_v15_01,temporal_back,1,12,0.47526246309280396,0.07262569832402235
movi_c_v15_01,temporal_back,2,1,0.5434787273406982,0.2122905027932961
movi_c_v15_01,temporal_back,2,2,1.0,1.0
movi_c_v15_01,temporal_back,2,3,0.634037435054779,0.3463687150837989
movi_c_v15_01,temporal_back,2,4,0.5545137524604797,0.1564245810055866
movi_c_v15_01,temporal_back,2,5,0.2613649070262909,0.07262569832402235
movi_c_v15_01,temporal_back,2,6,0.3087477385997772,0.05027932960893855
movi_c_v15_01,temporal_back,2,7,0.1717597097158432,0.01675977653631285
movi_c_v15_01,temporal_back,2,8,0.4357101619243622,0.10614525139664804
movi_c_v15_01,temporal_back,2,9,0.08425083011388779,0.0
movi_c_v15_01,temporal_back,2,10,0.42330068349838257,0.07262569832402235
movi_c_v15_01,temporal_back,2,11,0.6332421898841858,0.24022346368715083
movi_c_v15_01,temporal_back,2,12,0.5000529885292053,0.07262569832402235
movi_c_v15_01,temporal_back,3,1,0.28367695212364197,0.07262569832402235
movi_c_v15_01,temporal_back,3,2,0.634037435054779,0.3463687150837989
movi_c_v15_01,temporal_back,3,3,0.9999999403953552,1.0
movi_c_v15_01,temporal_back,3,4,0.5331578850746155,0.24581005586592178
movi_c_v15_01,temporal_back,3,5,0.10916147381067276,0.0
movi_c_v15_01,temporal_back,3,6,0.28134313225746155,0.07262569832402235
movi_c_v15_01,temporal_back,3,7,0.12413091957569122,0.00558659217877095
movi_c_v15_01,temporal_back,3,8,0.4973815977573395,0.22905027932960895
movi_c_v15_01,temporal_back,3,9,0.07224106788635254,0.0
movi_c_v15_01,temporal_back,3,10,0.4002454876899719,0.12849162011173185
movi_c_v15_01,temporal_back,3,11,0.4577588737010956,0.17318435754189945
movi_c_v15_01,temporal_back,3,12,0.3976919949054718,0.12290502793296089
movi_c_v15_01,temporal_back,4,1,0.5305337309837341,0.12290502793296089
movi_c_v15_01,temporal_back,4,2,0.5545137524604797,0.1564245810055866
movi_c_v15_01,temporal_back,4,3,0.5331578850746155,0.24581005586592178
movi_c_v15_01,temporal_back,4,4,0.9999999403953552,1.0
movi_c_v15_01,temporal_back,4,5,0.43668070435523987,0.05027932960893855
movi_c_v15_01,temporal_back,4,6,0.4323519766330719,0.11731843575418995
movi_c_v15_01,temporal_back,4,7,0.4283522069454193,0.07262569832402235
movi_c_v15_01,temporal_back,4,8,0.6001532077789307,0.1340782122905028
movi_c_v15_01,temporal_back,4,9,0.4609925150871277,0.12290502793296089
movi_c_v15_01,temporal_back,4,10,0.5486885905265808,0.0335195530726257
movi_c_v15_01,temporal_back,4,11,0.6071301698684692,0.12849162011173185
movi_c_v15_01,temporal_back,4,12,0.5936821699142456,0.11731843575418995
movi_c_v15_01,temporal_back,5,1,0.4575471878051758,0.12849162011173185
movi_c_v15_01,temporal_back,5,2,0.2613649070262909,0.07262569832402235
movi_c_v15_01,temporal_back,5,3,0.10916147381067276,0.0
movi_c_v15_01,temporal_back,5,4,0.43668070435523987,0.05027932960893855
movi_c_v15_01,temporal_back,5,5,1.0,1.0
movi_c_v15_01,temporal_back,5,6,0.4962867796421051,0.20670391061452514
movi_c_v15_01,temporal_back,5,7,0.47332170605659485,0.0782122905027933
movi_c_v15_01,temporal_back,5,8,0.5522583723068237,0.15083798882681565
movi_c_v15_01,temporal_back,5,9,0.4030950963497162,0.05027932960893855
movi_c_v15_01,temporal_back,5,10,0.4369024336338043,0.0446927374301676
movi_c_v15_01,temporal_back,5,11,0.4999714493751526,0.1340782122905028
movi_c_v15_01,temporal_back,5,12,0.5380861163139343,0.1564245810055866
movi_c_v15_01,temporal_back,6,1,0.4976716935634613,0.22346368715083798
movi_c_v15_01,temporal_back,6,2,0.3087477385997772,0.05027932960893855
movi_c_v15_01,temporal_back,6,3,0.28134313225746155,0.07262569832402235
movi_c_v15_01,temporal_back,6,4,0.4323519766330719,0.11731843575418995
movi_c_v15_01,temporal_back,6,5,0.4962867796421051,0.20670391061452514
movi_c_v15_01,temporal_back,6,6,1.0000001192092896,1.0
movi_c_v15_01,temporal_back,6,7,0.5263351202011108,0.2905027932960894
movi_c_v15_01,temporal_back,6,8,0.4443952441215515,0.11731843575418995
movi_c_v15_01,temporal_back,6,9,0.3386989235877991,0.07262569832402235
movi_c_v15_01,temporal_back,6,10,0.3703220784664154,0.03910614525139665
movi_c_v15_01,temporal_back,6,11,0.44290807843208313,0.055865921787709494
movi_c_v15_01,temporal_back,6,12,0.5375584363937378,0.1452513966480447
movi_c_v15_01,temporal_back,7,1,0.38878870010375977,0.12290502793296089
movi_c_v15_01,temporal_back,7,2,0.1717597097158432,0.01675977653631285
movi_c_v15_01,temporal_back,7,3,0.12413091957569122,0.00558659217877095
movi_c_v15_01,temporal_back,7,4,0.4283522069454193,0.07262569832402235
movi_c_v15_01,temporal_back,7,5,0.47332170605659485,0.0782122905027933
movi_c_v15_01,temporal_back,7,6,0.5263351202011108,0.2905027932960894
movi_c_v15_01,temporal_back,7,7,1.0,1.0
movi_c_v15_01,temporal_back,7,8,0.5057433843612671,0.0893854748603352
movi_c_v15_01,temporal_back,7,9,0.6387115716934204,0.2905027932960894
movi_c_v15_01,temporal_back,7,10,0.5498822331428528,0.11731843575418995
movi_c_v15_01,temporal_back,7,11,0.4602818191051483,0.0782122905027933
movi_c_v15_01,temporal_back,7,12,0.43292415142059326,0.061452513966480445
movi_c_v15_01,temporal_back,8,1,0.4398624300956726,0.09497206703910614
movi_c_v15_01,temporal_back,8,2,0.4357101619243622,0.10614525139664804
movi_c_v15_01,temporal_back,8,3,0.4973815977573395,0.22905027932960895
movi_c_v15_01,temporal_back,8,4,0.6001532077789307,0.1340782122905028
movi_c_v15_01,temporal_back,8,5,0.5522583723068237,0.15083798882681565
movi_c_v15_01,temporal_back,8,6,0.4443952441215515,0.11731843575418995
movi_c_v15_01,temporal_back,8,7,0.5057433843612671,0.0893854748603352
movi_c_v15_01,temporal_back,8,8,0.9999999403953552,1.0
movi_c_v15_01,temporal_back,8,9,0.42141303420066833,0.01675977653631285
movi_c_v15_01,temporal_back,8,10,0.6893492937088013,0.07262569832402235
movi_c_v15_01,temporal_back,8,11,0.577847957611084,0.05027932960893855
movi_c_v15_01,temporal_back,8,12,0.53884357213974,0.03910614525139665
movi_c_v15_01,temporal_back,9,1,0.21233581006526947,0.01675977653631285
movi_c_v15_01,temporal_back,9,2,0.08425083011388779,0.0
movi_c_v15_01,temporal_back,9,3,0.07224106788635254,0.0
movi_c_v15_01,temporal_back,9,4,0.4609925150871277,0.12290502793296089
movi_c_v15_01,temporal_back,9,5,0.4030950963497162,0.05027932960893855
movi_c_v15_01,temporal_back,9,6,0.3386989235877991,0.07262569832402235
movi_c_v15_01,temporal_back,9,7,0.6387115716934204,0.2905027932960894
movi_c_v15_01,temporal_back,9,8,0.42141303420066833,0.01675977653631285
movi_c_v15_01,temporal_back,9,9,0.9999998807907104,1.0
movi_c_v15_01,temporal_back,9,10,0.5473719835281372,0.11173184357541899
movi_c_v15_01,temporal_back,9,11,0.4079698324203491,0.0446927374301676
movi_c_v15_01,temporal_back,9,12,0.32872623205184937,0.0223463687150838
movi_c_v15_01,temporal_back,10,1,0.3948383927345276,0.027932960893854747
movi_c_v15_01,temporal_back,10,2,0.42330068349838257,0.07262569832402235
movi_c_v15_01,temporal_back,10,3,0.4002454876899719,0.12849162011173185
movi_c_v15_01,temporal_back,10,4,0.5486885905265808,0.0335195530726257
movi_c_v15_01,temporal_back,10,5,0.4369024336338043,0.0446927374301676
movi_c_v15_01,temporal_back,10,6,0.3703220784664154,0.03910614525139665
movi_c_v15_01,temporal_back,10,7,0.5498822331428528,0.11731843575418995
movi_c_v15_01,temporal_back,10,8,0.6893492937088013,0.07262569832402235
movi_c_v15_01,temporal_back,10,9,0.5473719835281372,0.11173184357541899
movi_c_v15_01,temporal_back,10,10,0.9999998807907104,1.0
movi_c_v15_01,temporal_back,10,11,0.6239669919013977,0.1564245810055866
movi_c_v15_01,temporal_back,10,12,0.5908095240592957,0.0782122905027933
movi_c_v15_01,temporal_back,11,1,0.5187054872512817,0.10614525139664804
movi_c_v15_01,temporal_back,11,2,0.6332421898841858,0.24022346368715083
movi_c_v15_01,temporal_back,11,3,0.4577588737010956,0.17318435754189945
movi_c_v15_01,temporal_back,11,4,0.6071301698684692,0.12849162011173185
movi_c_v15_01,temporal_back,11,5,0.4999714493751526,0.1340782122905028
movi_c_v15_01,temporal_back,11,6,0.44290807843208313,0.055865921787709494
movi_c_v15_01,temporal_back,11,7,0.4602818191051483,0.0782122905027933
movi_c_v15_01,temporal_back,11,8,0.577847957611084,0.05027932960893855
movi_c_v15_01,temporal_back,11,9,0.4079698324203491,0.0446927374301676
movi_c_v15_01,temporal_back,11,10,0.6239669919013977,0.1564245810055866
movi_c_v15_01,temporal_back,11,11,1.0,1.0
movi_c_v15_01,temporal_back,11,12,0.5554571151733398,0.0782122905027933
movi_c_v15_01,temporal_back,12,1,0.47526246309280396,0.07262569832402235
movi_c_v15_01,temporal_back,12,2,0.5000529885292053,0.07262569832402235
movi_c_v15_01,temporal_back,12,3,0.3976919949054718,0.12290502793296089
movi_c_v15_01,temporal_back,12,4,0.5936821699142456,0.11731843575418995
movi_c_v15_01,temporal_back,12,5,0.5380861163139343,0.1564245810055866
movi_c_v15_01,temporal_back,12,6,0.5375584363937378,0.1452513966480447
movi_c_v15_01,temporal_back,12,7,0.43292415142059326,0.061452513966480445
movi_c_v15_01,temporal_back,12,8,0.53884357213974,0.03910614525139665
movi_c_v15_01,temporal_back,12,9,0.32872623205184937,0.0223463687150838
movi_c_v15_01,temporal_back,12,10,0.5908095240592957,0.0782122905027933
movi_c_v15_01,temporal_back,12,11,0.5554571151733398,0.0782122905027933
movi_c_v15_01,temporal_back,12,12,1.0,1.0
movi_c_v15_01,temporal_front,1,1,1.0,1.0
movi_c_v15_01,temporal_front,1,2,0.437296986579895,0.39664804469273746
movi_c_v15_01,temporal_front,1,3,0.4099612832069397,0.3463687150837989
movi_c_v15_01,temporal_front,1,4,0.2738402485847473,0.00558659217877095
movi_c_v15_01,temporal_front,1,5,0.007904088124632835,0.00558659217877095
movi_c_v15_01,temporal_front,1,6,0.2820321321487427,0.18994413407821228
movi_c_v15_01,temporal_front,1,7,0.2591354548931122,0.16201117318435754
movi_c_v15_01,temporal_front,1,8,0.11500132828950882,0.1005586592178771
movi_c_v15_01,temporal_front,1,9,0.24660181999206543,0.2011173184357542
movi_c_v15_01,temporal_front,1,10,0.07925307005643845,0.055865921787709494
movi_c_v15_01,temporal_front,1,11,0.28849467635154724,0.22346368715083798
movi_c_v15_01,temporal_front,1,12,0.2390950322151184,0.22346368715083798
movi_c_v15_01,temporal_front,2,1,0.437296986579895,0.39664804469273746
movi_c_v15_01,temporal_front,2,2,1.0,1.0
movi_c_v15_01,temporal_front,2,3,0.4034006893634796,0.20670391061452514
movi_c_v15_01,temporal_front,2,4,0.47555187344551086,0.0223463687150838
movi_c_v15_01,temporal_front,2,5,0.10245160013437271,0.0111731843575419
movi_c_v15_01,temporal_front,2,6,0.5045467019081116,0.17318435754189945
movi_c_v15_01,temporal_front,2,7,0.4233894944190979,0.12849162011173185
movi_c_v15_01,temporal_front,2,8,0.29415377974510193,0.15083798882681565
movi_c_v15_01,temporal_front,2,9,0.47044941782951355,0.2122905027932961
movi_c_v15_01,temporal_front,2,10,0.1865950971841812,0.0782122905027933
movi_c_v15_01,temporal_front,2,11,0.3417469561100006,0.11731843575418995
movi_c_v15_01,temporal_front,2,12,0.439450204372406,0.2011173184357542
movi_c_v15_01,temporal_front,3,1,0.4099612832069397,0.3463687150837989
movi_c_v15_01,temporal_front,3,2,0.4034006893634796,0.20670391061452514
movi_c_v15_01,temporal_front,3,3,1.0,1.0
movi_c_v15_01,temporal_front,3,4,0.4229711890220642,0.00558659217877095
movi_c_v15_01,temporal_front,3,5,0.13358017802238464,0.0223463687150838
movi_c_v15_01,temporal_front,3,6,0.26496461033821106,0.1005586592178771
movi_c_v15_01,temporal_front,3,7,0.3576265871524811,0.11731843575418995
movi_c_v15_01,temporal_front,3,8,0.23579131066799164,0.11731843575418995
movi_c_v15_01,temporal_front,3,9,0.3951455354690552,0.1787709497206704
movi_c_v15_01,temporal_front,3,10,0.17154037952423096,0.055865921787709494
movi_c_v15_01,temporal_front,3,11,0.4282859265804291,0.21787709497206703
movi_c_v15_01,temporal_front,3,12,0.29293301701545715,0.1564245810055866
movi_c_v15_01,temporal_front,4,1,0.2738402485847473,0.00558659217877095
movi_c_v15_01,temporal_front,4,2,0.47555187344551086,0.0223463687150838
movi_c_v15_01,temporal_front,4,3,0.4229711890220642,0.00558659217877095
movi_c_v15_01,temporal_front,4,4,1.0,1.0
movi_c_v15_01,temporal_front,4,5,0.4333191514015198,0.09497206703910614
movi_c_v15_01,temporal_front,4,6,0.440604567527771,0.03910614525139665
movi_c_v15_01,temporal_front,4,7,0.5253913998603821,0.03910614525139665
movi_c_v15_01,temporal_front,4,8,0.5119857788085938,0.0893854748603352
movi_c_v15_01,temporal_front,4,9,0.5214482545852661,0.0335195530726257
movi_c_v15_01,temporal_front,4,10,0.4108460545539856,0.12849162011173185
movi_c_v15_01,temporal_front,4,11,0.4002220034599304,0.00558659217877095
movi_c_v15_01,temporal_front,4,12,0.5274465084075928,0.0223463687150838
movi_c_v15_01,temporal_front,5,1,0.007904088124632835,0.00558659217877095
movi_c_v15_01,temporal_front,5,2,0.10245160013437271,0.0111731843575419
movi_c_v15_01,temporal_front,5,3,0.13358017802238464,0.0223463687150838
movi_c_v15_01,temporal_front,5,4,0.4333191514015198,0.09497206703910614
movi_c_v15_01,temporal_front,5,5,1.0,1.0
movi_c_v15_01,temporal_front,5,6,0.3307356536388397,0.18435754189944134
movi_c_v15_01,temporal_front,5,7,0.5920715928077698,0.3743016759776536
movi_c_v15_01,temporal_front,5,8,0.12039154022932053,0.0223463687150838
movi_c_v15_01,temporal_front,5,9,0.27918148040771484,0.15083798882681565
movi_c_v15_01,temporal_front,5,10,0.18338152766227722,0.11173184357541899
movi_c_v15_01,temporal_front,5,11,0.1365552693605423,0.061452513966480445
movi_c_v15_01,temporal_front,5,12,0.37913697957992554,0.16201117318435754
movi_c_v15_01,temporal_front,6,1,0.2820321321487427,0.18994413407821228
movi_c_v15_01,temporal_front,6,2,0.5045467019081116,0.17318435754189945
movi_c_v15_01,temporal_front,6,3,0.26496461033821106,0.1005586592178771
movi_c_v15_01,temporal_front,6,4,0.440604567527771,0.03910614525139665
movi_c_v15_01,temporal_front,6,5,0.3307356536388397,0.18435754189944134
movi_c_v15_01,temporal_front,6,6,0.9999999403953552,1.0
movi_c_v15_01,temporal_front,6,7,0.6410426497459412,0.441340782122905
movi_c_v15_01,temporal_front,6,8,0.12319563329219818,0.0223463687150838
movi_c_v15_01,temporal_front,6,9,0.32449501752853394,0.16759776536312848
movi_c_v15_01,temporal_front,6,10,0.051953308284282684,0.00558659217877095
movi_c_v15_01,temporal_front,6,11,0.2805454432964325,0.16201117318435754
movi_c_v15_01,temporal_front,6,12,0.53055340051651,0.30726256983240224
movi_c_v15_01,temporal_front,7,1,0.2591354548931122,0.16201117318435754
movi_c_v15_01,temporal_front,7,2,0.4233894944190979,0.12849162011173185
movi_c_v15_01,temporal_front,7,3,0.3576265871524811,0.11731843575418995
movi_c_v15_01,temporal_front,7,4,0.5253913998603821,0.03910614525139665
movi_c_v15_01,temporal_front,7,5,0.5920715928077698,0.3743016759776536
movi_c_v15_01,temporal_front,7,6,0.6410426497459412,0.441340782122905
movi_c_v15_01,temporal_front,7,7,0.9999999403953552,1.0
movi_c_v15_01,temporal_front,7,8,0.11938741058111191,0.00558659217877095
movi_c_v15_01,temporal_front,7,9,0.490667462348938,0.24581005586592178
movi_c_v15_01,temporal_front,7,10,0.12771502137184143,0.061452513966480445
movi_c_v15_01,temporal_front,7,11,0.38154974579811096,0.22346368715083798
movi_c_v15_01,temporal_front,7,12,0.7353055477142334,0.4748603351955307
movi_c_v15_01,temporal_front,8,1,0.11500132828950882,0.1005586592178771
movi_c_v15_01,temporal_front,8,2,0.29415377974510193,0.15083798882681565
movi_c_v15_01,temporal_front,8,3,0.23579131066799164,0.11731843575418995
movi_c_v15_01,temporal_front,8,4,0.5119857788085938,0.0893854748603352
movi_c_v15_01,temporal_front,8,5,0.12039154022932053,0.0223463687150838
movi_c_v15_01,temporal_front,8,6,0.12319563329219818,0.0223463687150838
movi_c_v15_01,temporal_front,8,7,0.11938741058111191,0.00558659217877095
movi_c_v15_01,temporal_front,8,8,0.9999999403953552,1.0
movi_c_v15_01,temporal_front,8,9,0.24340437352657318,0.03910614525139665
movi_c_v15_01,temporal_front,8,10,0.4985867142677307,0.33519553072625696
movi_c_v15_01,temporal_front,8,11,0.18751589953899384,0.07262569832402235
movi_c_v15_01,temporal_front,8,12,0.1551477015018463,0.0111731843575419
movi_c_v15_01,temporal_front,9,1,0.24660181999206543,0.2011173184357542
movi_c_v15_01,temporal_front,9,2,0.47044941782951355,0.2122905027932961
movi_c_v15_01,temporal_front,9,3,0.3951455354690552,0.1787709497206704
movi_c_v15_01,temporal_front,9,4,0.5214482545852661,0.0335195530726257
movi_c_v15_01,temporal_front,9,5,0.27918148040771484,0.15083798882681565
movi_c_v15_01,temporal_front,9,6,0.32449501752853394,0.16759776536312848
movi_c_v15_01,temporal_front,9,7,0.490667462348938,0.24581005586592178
movi_c_v15_01,temporal_front,9,8,0.24340437352657318,0.03910614525139665
movi_c_v15_01,temporal_front,9,9,1.0000001192092896,1.0
movi_c_v15_01,temporal_front,9,10,0.23908521234989166,0.05027932960893855
movi_c_v15_01,temporal_front,9,11,0.3828423321247101,0.1564245810055866
movi_c_v15_01,temporal_front,9,12,0.5418943166732788,0.2849162011173184
movi_c_v15_01,temporal_front,10,1,0.07925307005643845,0.055865921787709494
movi_c_v15_01,temporal_front,10,2,0.1865950971841812,0.0782122905027933
movi_c_v15_01,temporal_front,10,3,0.17154037952423096,0.055865921787709494
movi_c_v15_01,temporal_front,10,4,0.4108460545539856,0.12849162011173185
movi_c_v15_01,temporal_front,10,5,0.18338152766227722,0.11173184357541899
movi_c_v15_01,temporal_front,10,6,0.051953308284282684,0.00558659217877095
movi_c_v15_01,temporal_front,10,7,0.12771502137184143,0.061452513966480445
movi_c_v15_01,temporal_front,10,8,0.4985867142677307,0.33519553072625696
movi_c_v15_01,temporal_front,10,9,0.23908521234989166,0.05027932960893855
movi_c_v15_01,temporal_front,10,10,0.9999999403953552,1.0
movi_c_v15_01,temporal_front,10,11,0.15821093320846558,0.0670391061452514
movi_c_v15_01,temporal_front,10,12,0.13072438538074493,0.0223463687150838
movi_c_v15_01,temporal_front,11,1,0.28849467635154724,0.22346368715083798
movi_c_v15_01,temporal_front,11,2,0.3417469561100006,0.11731843575418995
movi_c_v15_01,temporal_front,11,3,0.4282859265804291,0.21787709497206703
movi_c_v15_01,temporal_front,11,4,0.4002220034599304,0.00558659217877095
movi_c_v15_01,temporal_front,11,5,0.1365552693605423,0.061452513966480445
movi_c_v15_01,temporal_front,11,6,0.2805454432964325,0.16201117318435754
movi_c_v15_01,temporal_front,11,7,0.38154974579811096,0.22346368715083798
movi_c_v15_01,temporal_front,11,8,0.18751589953899384,0.07262569832402235
movi_c_v15_01,temporal_front,11,9,0.3828423321247101,0.1564245810055866
movi_c_v15_01,temporal_front,11,10,0.15821093320846558,0.0670391061452514
movi_c_v15_01,temporal_front,11,11,1.0,1.0
movi_c_v15_01,temporal_front,11,12,0.4270804822444916,0.29608938547486036
movi_c_v15_01,temporal_front,12,1,0.2390950322151184,0.22346368715083798
movi_c_v15_01,temporal_front,12,2,0.439450204372406,0.2011173184357542
movi_c_v15_01,temporal_front,12,3,0.29293301701545715,0.1564245810055866
movi_c_v15_01,temporal_front,12,4,0.5274465084075928,0.0223463687150838
movi_c_v15_01,temporal_front,12,5,0.37913697957992554,0.16201117318435754
movi_c_v15_01,temporal_front,12,6,0.53055340051651,0.30726256983240224
movi_c_v15_01,temporal_front,12,7,0.7353055477142334,0.4748603351955307
movi_c_v15_01,temporal_front,12,8,0.1551477015018463,0.0111731843575419
movi_c_v15_01,temporal_front,12,9,0.5418943166732788,0.2849162011173184
movi_c_v15_01,temporal_front,12,10,0.13072438538074493,0.0223463687150838
movi_c_v15_01,temporal_front,12,11,0.4270804822444916,0.29608938547486036
movi_c_v15_01,temporal_front,12,12,1.0,1.0
movi_c_v15_01,temporal_middle,1,1,0.9999998807907104,1.0
movi_c_v15_01,temporal_middle,1,2,0.12099640816450119,0.027932960893854747
movi_c_v15_01,temporal_middle,1,3,0.10493653267621994,0.0223463687150838
movi_c_v15_01,temporal_middle,1,4,0.2672998011112213,0.07262569832402235
movi_c_v15_01,temporal_middle,1,5,0.20812520384788513,0.10614525139664804
movi_c_v15_01,temporal_middle,1,6,0.3405272364616394,0.17318435754189945
movi_c_v15_01,temporal_middle,1,7,0.4532638490200043,0.3016759776536313
movi_c_v15_01,temporal_middle,1,8,0.24676847457885742,0.09497206703910614
movi_c_v15_01,temporal_middle,1,9,0.35576894879341125,0.1452513966480447
movi_c_v15_01,temporal_middle,1,10,0.0621287040412426,0.0111731843575419
movi_c_v15_01,temporal_middle,1,11,0.13841640949249268,0.05027932960893855
movi_c_v15_01,temporal_middle,1,12,0.4590824544429779,0.18435754189944134
movi_c_v15_01,temporal_middle,2,1,0.12099640816450119,0.027932960893854747
movi_c_v15_01,temporal_middle,2,2,1.0,1.0
movi_c_v15_01,temporal_middle,2,3,0.7519420385360718,0.5754189944134078
movi_c_v15_01,temporal_middle,2,4,0.4189223647117615,0.061452513966480445
movi_c_v15_01,temporal_middle,2,5,0.06342897564172745,0.0111731843575419
movi_c_v15_01,temporal_middle,2,6,0.3774726986885071,0.12290502793296089
movi_c_v15_01,temporal_middle,2,7,0.10994280129671097,0.01675977653631285
movi_c_v15_01,temporal_middle,2,8,0.39375147223472595,0.18994413407821228
movi_c_v15_01,temporal_middle,2,9,0.2596898078918457,0.0223463687150838
movi_c_v15_01,temporal_middle,2,10,0.06770016252994537,0.027932960893854747
movi_c_v15_01,temporal_middle,2,11,0.26124799251556396,0.08379888268156424
movi_c_v15_01,temporal_middle,2,12,0.4800112545490265,0.20670391061452514
movi_c_v15_01,temporal_middle,3,1,0.10493653267621994,0.0223463687150838
movi_c_v15_01,temporal_middle,3,2,0.7519420385360718,0.5754189944134078
movi_c_v15_01,temporal_middle,3,3,1.0000001192092896,1.0
movi_c_v15_01,temporal_middle,3,4,0.48559626936912537,0.0670391061452514
movi_c_v15_01,temporal_middle,3,5,0.0484403520822525,0.0
movi_c_v15_01,temporal_middle,3,6,0.32006505131721497,0.0782122905027933
movi_c_v15_01,temporal_middle,3,7,0.19299785792827606,0.027932960893854747
movi_c_v15_01,temporal_middle,3,8,0.38987767696380615,0.1340782122905028
movi_c_v15_01,temporal_middle,3,9,0.3217248320579529,0.05027932960893855
movi_c_v15_01,temporal_middle,3,10,0.12243252992630005,0.0446927374301676
movi_c_v15_01,temporal_middle,3,11,0.28967365622520447,0.0893854748603352
movi_c_v15_01,temporal_middle,3,12,0.4278377890586853,0.16759776536312848
movi_c_v15_01,temporal_middle,4,1,0.2672998011112213,0.07262569832402235
movi_c_v15_01,temporal_middle,4,2,0.4189223647117615,0.061452513966480445
movi_c_v15_01,temporal_middle,4,3,0.48559626936912537,0.0670391061452514
movi_c_v15_01,temporal_middle,4,4,1.0000001192092896,1.0
movi_c_v15_01,temporal_middle,4,5,0.3427127003669739,0.11173184357541899
movi_c_v15_01,temporal_middle,4,6,0.4198288917541504,0.0335195530726257
movi_c_v15_01,temporal_middle,4,7,0.46539267897605896,0.15083798882681565
movi_c_v15_01,temporal_middle,4,8,0.6305555701255798,0.12849162011173185
movi_c_v15_01,temporal_middle,4,9,0.5519088506698608,0.11173184357541899
movi_c_v15_01,temporal_middle,4,10,0.4579295217990875,0.20670391061452514
movi_c_v15_01,temporal_middle,4,11,0.5132014751434326,0.12290502793296089
movi_c_v15_01,temporal_middle,4,12,0.6257733106613159,0.061452513966480445
movi_c_v15_01,temporal_middle,5,1,0.20812520384788513,0.10614525139664804
movi_c_v15_01,temporal_middle,5,2,0.06342897564172745,0.0111731843575419
movi_c_v15_01,temporal_middle,5,3,0.0484403520822525,0.0
movi_c_v15_01,temporal_middle,5,4,0.3427127003669739,0.11173184357541899
movi_c_v15_01,temporal_middle,5,5,0.9999998807907104,1.0
movi_c_v15_01,temporal_middle,5,6,0.3511614501476288,0.20670391061452514
movi_c_v15_01,temporal_middle,5,7,0.3325847089290619,0.19553072625698323
movi_c_v15_01,temporal_middle,5,8,0.4313851594924927,0.16201117318435754
movi_c_v15_01,temporal_middle,5,9,0.2838265895843506,0.11173184357541899
movi_c_v15_01,temporal_middle,5,10,0.4135153293609619,0.24022346368715083
movi_c_v15_01,temporal_middle,5,11,0.2969660758972168,0.12849162011173185
movi_c_v15_01,temporal_middle,5,12,0.31158456206321716,0.07262569832402235
movi_c_v15_01,temporal_middle,6,1,0.3405272364616394,0.17318435754189945
movi_c_v15_01,temporal_middle,6,2,0.3774726986885071,0.12290502793296089
movi_c_v15_01,temporal_middle,6,3,0.32006505131721497,0.0782122905027933
movi_c_v15_01,temporal_middle,6,4,0.4198288917541504,0.0335195530726257
movi_c_v15_01,temporal_middle,6,5,0.3511614501476288,0.20670391061452514
movi_c_v15_01,temporal_middle,6,6,1.0,1.0
movi_c_v15_01,temporal_middle,6,7,0.21691344678401947,0.0223463687150838
movi_c_v15_01,temporal_middle,6,8,0.49569401144981384,0.1787709497206704
movi_c_v15_01,temporal_middle,6,9,0.3054702877998352,0.0335195530726257
movi_c_v15_01,temporal_middle,6,10,0.21019355952739716,0.0782122905027933
movi_c_v15_01,temporal_middle,6,11,0.21156466007232666,0.0335195530726257
movi_c_v15_01,temporal_middle,6,12,0.47753506898880005,0.0893854748603352
movi_c_v15_01,temporal_middle,7,1,0.4532638490200043,0.3016759776536313
movi_c_v15_01,temporal_middle,7,2,0.10994280129671097,0.01675977653631285
movi_c_v15_01,temporal_middle,7,3,0.19299785792827606,0.027932960893854747
movi_c_v15_01,temporal_middle,7,4,0.46539267897605896,0.15083798882681565
movi_c_v15_01,temporal_middle,7,5,0.3325847089290619,0.19553072625698323
movi_c_v15_01,temporal_middle,7,6,0.21691344678401947,0.0223463687150838
movi_c_v15_01,temporal_middle,7,7,1.0000001192092896,1.0
movi_c_v15_01,temporal_middle,7,8,0.28777167201042175,0.055865921787709494
movi_c_v15_01,temporal_middle,7,9,0.4874744415283203,0.22346368715083798
movi_c_v15_01,temporal_middle,7,10,0.17876240611076355,0.05027932960893855
movi_c_v15_01,temporal_middle,7,11,0.32580021023750305,0.12849162011173185
movi_c_v15_01,temporal_middle,7,12,0.5127720832824707,0.20670391061452514
movi_c_v15_01,temporal_middle,8,1,0.24676847457885742,0.09497206703910614
movi_c_v15_01,temporal_middle,8,2,0.39375147223472595,0.18994413407821228
movi_c_v15_01,temporal_middle,8,3,0.38987767696380615,0.1340782122905028
movi_c_v15_01,temporal_middle,8,4,0.6305555701255798,0.12849162011173185
movi_c_v15_01,temporal_middle,8,5,0.4313851594924927,0.16201117318435754
movi_c_v15_01,temporal_middle,8,6,0.49569401144981384,0.1787709497206704
movi_c_v15_01,temporal_middle,8,7,0.28777167201042175,0.055865921787709494
movi_c_v15_01,temporal_middle,8,8,1.0000001192092896,1.0
movi_c_v15_01,temporal_middle,8,9,0.43844613432884216,0.07262569832402235
movi_c_v15_01,temporal_middle,8,10,0.42607155442237854,0.1787709497206704
movi_c_v15_01,temporal_middle,8,11,0.4024117588996887,0.11173184357541899
movi_c_v15_01,temporal_middle,8,12,0.4928443431854248,0.0782122905027933
movi_c_v15_01,temporal_middle,9,1,0.35576894879341125,0.1452513966480447
movi_c_v15_01,temporal_middle,9,2,0.2596898078918457,0.0223463687150838
movi_c_v15_01,temporal_middle,9,3,0.3217248320579529,0.05027932960893855
movi_c_v15_01,temporal_middle,9,4,0.5519088506698608,0.11173184357541899
movi_c_v15_01,temporal_middle,9,5,0.2838265895843506,0.11173184357541899
movi_c_v15_01,temporal_middle,9,6,0.3054702877998352,0.0335195530726257
movi_c_v15_01,temporal_middle,9,7,0.4874744415283203,0.22346368715083798
movi_c_v15_01,temporal_middle,9,8,0.43844613432884216,0.07262569832402235
movi_c_v15_01,temporal_middle,9,9,1.0,1.0
movi_c_v15_01,temporal_middle,9,10,0.21747569739818573,0.0446927374301676
movi_c_v15_01,temporal_middle,9,11,0.43474769592285156,0.08379888268156424
movi_c_v15_01,temporal_middle,9,12,0.591498613357544,0.11173184357541899
movi_c_v15_01,temporal_middle,10,1,0.0621287040412426,0.0111731843575419
movi_c_v15_01,temporal_middle,10,2,0.06770016252994537,0.027932960893854747
movi_c_v15_01,temporal_middle,10,3,0.12243252992630005,0.0446927374301676
movi_c_v15_01,temporal_middle,10,4,0.4579295217990875,0.20670391061452514
movi_c_v15_01,temporal_middle,10,5,0.4135153293609619,0.24022346368715083
movi_c_v15_01,temporal_middle,10,6,0.21019355952739716,0.0782122905027933
movi_c_v15_01,temporal_middle,10,7,0.17876240611076355,0.05027932960893855
movi_c_v15_01,temporal_middle,10,8,0.42607155442237854,0.1787709497206704
movi_c_v15_01,temporal_middle,10,9,0.21747569739818573,0.0446927374301676
movi_c_v15_01,temporal_middle,10,10,0.9999999403953552,1.0
movi_c_v15_01,temporal_middle,10,11,0.3499070405960083,0.16201117318435754
movi_c_v15_01,temporal_middle,10,12,0.23793195188045502,0.027932960893854747
movi_c_v15_01,temporal_middle,11,1,0.13841640949249268,0.05027932960893855
movi_c_v15_01,temporal_middle,11,2,0.26124799251556396,0.08379888268156424
movi_c_v15_01,temporal_middle,11,3,0.28967365622520447,0.0893854748603352
movi_c_v15_01,temporal_middle,11,4,0.5132014751434326,0.12290502793296089
movi_c_v15_01,temporal_middle,11,5,0.2969660758972168,0.12849162011173185
movi_c_v15_01,temporal_middle,11,6,0.21156466007232666,0.0335195530726257
movi_c_v15_01,temporal_middle,11,7,0.32580021023750305,0.12849162011173185
movi_c_v15_01,temporal_middle,11,8,0.4024117588996887,0.11173184357541899
movi_c_v15_01,temporal_middle,11,9,0.43474769592285156,0.08379888268156424
movi_c_v15_01,temporal_middle,11,10,0.3499070405960083,0.16201117318435754
movi_c_v15_01,temporal_middle,11,11,1.0,1.0
movi_c_v15_01,temporal_middle,11,12,0.39297667145729065,0.061452513966480445
movi_c_v15_01,temporal_middle,12,1,0.4590824544429779,0.18435754189944134
movi_c_v15_01,temporal_middle,12,2,0.4800112545490265,0.20670391061452514
movi_c_v15_01,temporal_middle,12,3,0.4278377890586853,0.16759776536312848
movi_c_v15_01,temporal_middle,12,4,0.6257733106613159,0.061452513966480445
movi_c_v15_01,temporal_middle,12,5,0.31158456206321716,0.07262569832402235
movi_c_v15_01,temporal_middle,12,6,0.47753506898880005,0.0893854748603352
movi_c_v15_01,temporal_middle,12,7,0.5127720832824707,0.20670391061452514
movi_c_v15_01,temporal_middle,12,8,0.4928443431854248,0.0782122905027933
movi_c_v15_01,temporal_middle,12,9,0.591498613357544,0.11173184357541899
movi_c_v15_01,temporal_middle,12,10,0.23793195188045502,0.027932960893854747
movi_c_v15_01,temporal_middle,12,11,0.39297667145729065,0.061452513966480445
movi_c_v15_01,temporal_middle,12,12,0.9999999403953552,1.0
movi_c_v15_02,spatial_block,1,1,0.9999999403953552,1.0
movi_c_v15_02,spatial_block,1,2,0.44539058208465576,0.12290502793296089
movi_c_v15_02,spatial_block,1,3,0.5067605376243591,0.24022346368715083
movi_c_v15_02,spatial_block,1,4,0.36977753043174744,0.1564245810055866
movi_c_v15_02,spatial_block,1,5,0.5417886972427368,0.24022346368715083
movi_c_v15_02,spatial_block,1,6,0.5362518429756165,0.24022346368715083
movi_c_v15_02,spatial_block,1,7,0.4189284145832062,0.2346368715083799
movi_c_v15_02,spatial_block,1,8,0.28331583738327026,0.0446927374301676
movi_c_v15_02,spatial_block,1,9,0.27014341950416565,0.0335195530726257
movi_c_v15_02,spatial_block,1,10,0.2025013267993927,0.0446927374301676
movi_c_v15_02,spatial_block,1,11,0.42893099784851074,0.2011173184357542
movi_c_v15_02,spatial_block,1,12,0.5515663027763367,0.2849162011173184
movi_c_v15_02,spatial_block,2,1,0.44539058208465576,0.12290502793296089
movi_c_v15_02,spatial_block,2,2,1.0,1.0
movi_c_v15_02,spatial_block,2,3,0.6398376226425171,0.3240223463687151
movi_c_v15_02,spatial_block,2,4,0.4842205345630646,0.2122905027932961
movi_c_v15_02,spatial_block,2,5,0.6164212822914124,0.26256983240223464
movi_c_v15_02,spatial_block,2,6,0.43074002861976624,0.11731843575418995
movi_c_v15_02,spatial_block,2,7,0.17168088257312775,0.0111731843575419
movi_c_v15_02,spatial_block,2,8,0.4235556125640869,0.18435754189944134
movi_c_v15_02,spatial_block,2,9,0.33859485387802124,0.061452513966480445
movi_c_v15_02,spatial_block,2,10,0.3473356068134308,0.05027932960893855
movi_c_v15_02,spatial_block,2,11,0.32022494077682495,0.0446927374301676
movi_c_v15_02,spatial_block,2,12,0.4693378806114197,0.12849162011173185
movi_c_v15_02,spatial_block,3,1,0.5067605376243591,0.24022346368715083
movi_c_v15_02,spatial_block,3,2,0.6398376226425171,0.3240223463687151
movi_c_v15_02,spatial_block,3,3,0.9999999403953552,1.0
movi_c_v15_02,spatial_block,3,4,0.4852135479450226,0.1452513966480447
movi_c_v15_02,spatial_block,3,5,0.651145339012146,0.24022346368715083
movi_c_v15_02,spatial_block,3,6,0.4639470875263214,0.15083798882681565
movi_c_v15_02,spatial_block,3,7,0.3134107291698456,0.0782122905027933
movi_c_v15_02,spatial_block,3,8,0.6092637181282043,0.20670391061452514
movi_c_v15_02,spatial_block,3,9,0.43321719765663147,0.0782122905027933
movi_c_v15_02,spatial_block,3,10,0.518932580947876,0.10614525139664804
movi_c_v15_02,spatial_block,3,11,0.4191533029079437,0.1005586592178771
movi_c_v15_02,spatial_block,3,12,0.5334105491638184,0.1787709497206704
movi_c_v15_02,spatial_block,4,1,0.36977753043174744,0.1564245810055866
movi_c_v15_02,spatial_block,4,2,0.4842205345630646,0.2122905027932961
movi_c_v15_02,spatial_block,4,3,0.4852135479450226,0.1452513966480447
movi_c_v15_02,spatial_block,4,4,0.9999999403953552,1.0
movi_c_v15_02,spatial_block,4,5,0.5665237903594971,0.24581005586592178
movi_c_v15_02,spatial_block,4,6,0.29879337549209595,0.03910614525139665
movi_c_v15_02,spatial_block,4,7,0.14918825030326843,0.01675977653631285
movi_c_v15_02,spatial_block,4,8,0.43964654207229614,0.11731843575418995
movi_c_v15_02,spatial_block,4,9,0.3366696834564209,0.0335195530726257
movi_c_v15_02,spatial_block,4,10,0.4944661259651184,0.22346368715083798
movi_c_v15_02,spatial_block,4,11,0.26138317584991455,0.055865921787709494
movi_c_v15_02,spatial_block,4,12,0.3648031949996948,0.061452513966480445
movi_c_v15_02,spatial_block,5,1,0.5417886972427368,0.24022346368715083
movi_c_v15_02,spatial_block,5,2,0.6164212822914124,0.26256983240223464
movi_c_v15_02,spatial_block,5,3,0.651145339012146,0.24022346368715083
movi_c_v15_02,spatial_block,5,4,0.5665237903594971,0.24581005586592178
movi_c_v15_02,spatial_block,5,5,1.0000001192092896,1.0
movi_c_v15_02,spatial_block,5,6,0.47311699390411377,0.09497206703910614
movi_c_v15_02,spatial_block,5,7,0.3643931448459625,0.08379888268156424
movi_c_v15_02,spatial_block,5,8,0.4852583706378937,0.0782122905027933
movi_c_v15_02,spatial_block,5,9,0.47056663036346436,0.0335195530726257
movi_c_v15_02,spatial_block,5,10,0.43574050068855286,0.0335195530726257
movi_c_v15_02,spatial_block,5,11,0.5293870568275452,0.13966480446927373
movi_c_v15_02,spatial_block,5,12,0.5901684165000916,0.10614525139664804
movi_c_v15_02,spatial_block,6,1,0.5362518429756165,0.24022346368715083
movi_c_v15_02,spatial_block,6,2,0.43074002861976624,0.11731843575418995
movi_c_v15_02,spatial_block,6,3,0.4639470875263214,0.15083798882681565
movi_c_v15_02,spatial_block,6,4,0.29879337549209595,0.03910614525139665
movi_c_v15_02,spatial_block,6,5,0.47311699390411377,0.09497206703910614
movi_c_v15_02,spatial_block,6,6,1.0,1.0
movi_c_v15_02,spatial_block,6,7,0.5606284737586975,0.24581005586592178
movi_c_v15_02,spatial_block,6,8,0.4331321716308594,0.08379888268156424
movi_c_v15_02,spatial_block,6,9,0.45152440667152405,0.07262569832402235
movi_c_v15_02,spatial_block,6,10,0.254465788602829,0.00558659217877095
movi_c_v15_02,spatial_block,6,11,0.46587851643562317,0.13966480446927373
movi_c_v15_02,spatial_block,6,12,0.532929539680481,0.15083798882681565
movi_c_v15_02,spatial_block,7,1,0.4189284145832062,0.2346368715083799
movi_c_v15_02,spatial_block,7,2,0.17168088257312775,0.0111731843575419
movi_c_v15_02,spatial_block,7,3,0.3134107291698456,0.0782122905027933
movi_c_v15_02,spatial_block,7,4,0.14918825030326843,0.01675977653631285
movi_c_v15_02,spatial_block,7,5,0.3643931448459625,0.08379888268156424
movi_c_v15_02,spatial_block,7,6,0.5606284737586975,0.24581005586592178
movi_c_v15_02,spatial_block,7,7,1.0,1.0
movi_c_v15_02,spatial_block,7,8,0.30932989716529846,0.0223463687150838
movi_c_v15_02,spatial_block,7,9,0.5344809889793396,0.18435754189944134
movi_c_v15_02,spatial_block,7,10,0.1504221111536026,0.01675977653631285
movi_c_v15_02,spatial_block,7,11,0.5885539650917053,0.2905027932960894
movi_c_v15_02,spatial_block,7,12,0.5339314937591553,0.1787709497206704
movi_c_v15_02,spatial_block,8,1,0.28331583738327026,0.0446927374301676
movi_c_v15_02,spatial_block,8,2,0.4235556125640869,0.18435754189944134
movi_c_v15_02,spatial_block,8,3,0.6092637181282043,0.20670391061452514
movi_c_v15_02,spatial_block,8,4,0.43964654207229614,0.11731843575418995
movi_c_v15_02,spatial_block,8,5,0.4852583706378937,0.0782122905027933
movi_c_v15_02,spatial_block,8,6,0.4331321716308594,0.08379888268156424
movi_c_v15_02,spatial_block,8,7,0.30932989716529846,0.0223463687150838
movi_c_v15_02,spatial_block,8,8,1.0,1.0
movi_c_v15_02,spatial_block,8,9,0.4657593369483948,0.07262569832402235
movi_c_v15_02,spatial_block,8,10,0.6531805396080017,0.2346368715083799
movi_c_v15_02,spatial_block,8,11,0.4139021933078766,0.0335195530726257
movi_c_v15_02,spatial_block,8,12,0.48664242029190063,0.0893854748603352
movi_c_v15_02,spatial_block,9,1,0.27014341950416565,0.0335195530726257
movi_c_v15_02,spatial_block,9,2,0.33859485387802124,0.061452513966480445
movi_c_v15_02,spatial_block,9,3,0.43321719765663147,0.0782122905027933
movi_c_v15_02,spatial_block,9,4,0.3366696834564209,0.0335195530726257
movi_c_v15_02,spatial_block,9,5,0.47056663036346436,0.0335195530726257
movi_c_v15_02,spatial_block,9,6,0.45152440667152405,0.07262569832402235
movi_c_v15_02,spatial_block,9,7,0.5344809889793396,0.18435754189944134
movi_c_v15_02,spatial_block,9,8,0.4657593369483948,0.07262569832402235
movi_c_v15_02,spatial_block,9,9,1.0,1.0
movi_c_v15_02,spatial_block,9,10,0.4883398711681366,0.1005586592178771
movi_c_v15_02,spatial_block,9,11,0.5949656963348389,0.17318435754189945
movi_c_v15_02,spatial_block,9,12,0.5653554201126099,0.09497206703910614
movi_c_v15_02,spatial_block,10,1,0.2025013267993927,0.0446927374301676
movi_c_v15_02,spatial_block,10,2,0.3473356068134308,0.05027932960893855
movi_c_v15_02,spatial_block,10,3,0.518932580947876,0.10614525139664804
movi_c_v15_02,spatial_block,10,4,0.4944661259651184,0.22346368715083798
movi_c_v15_02,spatial_block,10,5,0.43574050068855286,0.0335195530726257
movi_c_v15_02,spatial_block,10,6,0.254465788602829,0.00558659217877095
movi_c_v15_02,spatial_block,10,7,0.1504221111536026,0.01675977653631285
movi_c_v15_02,spatial_block,10,8,0.6531805396080017,0.2346368715083799
movi_c_v15_02,spatial_block,10,9,0.4883398711681366,0.1005586592178771
movi_c_v15_02,spatial_block,10,10,1.0,1.0
movi_c_v15_02,spatial_block,10,11,0.3586071729660034,0.061452513966480445
movi_c_v15_02,spatial_block,10,12,0.3809727430343628,0.08379888268156424
movi_c_v15_02,spatial_block,11,1,0.42893099784851074,0.2011173184357542
movi_c_v15_02,spatial_block,11,2,0.32022494077682495,0.0446927374301676
movi_c_v15_02,spatial_block,11,3,0.4191533029079437,0.1005586592178771
movi_c_v15_02,spatial_block,11,4,0.26138317584991455,0.055865921787709494
movi_c_v15_02,spatial_block,11,5,0.5293870568275452,0.13966480446927373
movi_c_v15_02,spatial_block,11,6,0.46587851643562317,0.13966480446927373
movi_c_v15_02,spatial_block,11,7,0.5885539650917053,0.2905027932960894
movi_c_v15_02,spatial_block,11,8,0.4139021933078766,0.0335195530726257
movi_c_v15_02,spatial_block,11,9,0.5949656963348389,0.17318435754189945
movi_c_v15_02,spatial_block,11,10,0.3586071729660034,0.061452513966480445
movi_c_v15_02,spatial_block,11,11,1.0000001192092896,1.0
movi_c_v15_02,spatial_block,11,12,0.6002336144447327,0.22346368715083798
movi_c_v15_02,spatial_block,12,1,0.5515663027763367,0.2849162011173184
movi_c_v15_02,spatial_block,12,2,0.4693378806114197,0.12849162011173185
movi_c_v15_02,spatial_block,12,3,0.5334105491638184,0.1787709497206704
movi_c_v15_02,spatial_block,12,4,0.3648031949996948,0.061452513966480445
movi_c_v15_02,spatial_block,12,5,0.5901684165000916,0.10614525139664804
movi_c_v15_02,spatial_block,12,6,0.532929539680481,0.15083798882681565
movi_c_v15_02,spatial_block,12,7,0.5339314937591553,0.1787709497206704
movi_c_v15_02,spatial_block,12,8,0.48664242029190063,0.0893854748603352
movi_c_v15_02,spatial_block,12,9,0.5653554201126099,0.09497206703910614
movi_c_v15_02,spatial_block,12,10,0.3809727430343628,0.08379888268156424
movi_c_v15_02,spatial_block,12,11,0.6002336144447327,0.22346368715083798
movi_c_v15_02,spatial_block,12,12,1.0,1.0
movi_c_v15_02,spatial_scattered,1,1,1.0,1.0
movi_c_v15_02,spatial_scattered,1,2,0.5088409781455994,0.29608938547486036
movi_c_v15_02,spatial_scattered,1,3,0.33388909697532654,0.08379888268156424
movi_c_v15_02,spatial_scattered,1,4,0.36519232392311096,0.05027932960893855
movi_c_v15_02,spatial_scattered,1,5,0.247519850730896,0.0893854748603352
movi_c_v15_02,spatial_scattered,1,6,0.33985063433647156,0.16759776536312848
movi_c_v15_02,spatial_scattered,1,7,0.25774210691452026,0.0893854748603352
movi_c_v15_02,spatial_scattered,1,8,0.19854284822940826,0.03910614525139665
movi_c_v15_02,spatial_scattered,1,9,0.24851617217063904,0.055865921787709494
movi_c_v15_02,spatial_scattered,1,10,0.28691616654396057,0.0670391061452514
movi_c_v15_02,spatial_scattered,1,11,0.22256030142307281,0.1005586592178771
movi_c_v15_02,spatial_scattered,1,12,0.35309329628944397,0.12849162011173185
movi_c_v15_02,spatial_scattered,2,1,0.5088409781455994,0.29608938547486036
movi_c_v15_02,spatial_scattered,2,2,1.0000001192092896,1.0
movi_c_v15_02,spatial_scattered,2,3,0.37003427743911743,0.1564245810055866
movi_c_v15_02,spatial_scattered,2,4,0.25108087062835693,0.0
movi_c_v15_02,spatial_scattered,2,5,0.18169377744197845,0.0893854748603352
movi_c_v15_02,spatial_scattered,2,6,0.24240204691886902,0.11173184357541899
movi_c_v15_02,spatial_scattered,2,7,0.1330331563949585,0.0335195530726257
movi_c_v15_02,spatial_scattered,2,8,0.15008054673671722,0.0670391061452514
movi_c_v15_02,spatial_scattered,2,9,0.17691123485565186,0.05027932960893855
movi_c_v15_02,spatial_scattered,2,10,0.2487652748823166,0.07262569832402235
movi_c_v15_02,spatial_scattered,2,11,0.12373221665620804,0.03910614525139665
movi_c_v15_02,spatial_scattered,2,12,0.2943601906299591,0.1340782122905028
movi_c_v15_02,spatial_scattered,3,1,0.33388909697532654,0.08379888268156424
movi_c_v15_02,spatial_scattered,3,2,0.37003427743911743,0.1564245810055866
movi_c_v15_02,spatial_scattered,3,3,1.0,1.0
movi_c_v15_02,spatial_scattered,3,4,0.5485976338386536,0.0
movi_c_v15_02,spatial_scattered,3,5,0.4091890752315521,0.1005586592178771
movi_c_v15_02,spatial_scattered,3,6,0.40184900164604187,0.12849162011173185
movi_c_v15_02,spatial_scattered,3,7,0.3803562819957733,0.061452513966480445
movi_c_v15_02,spatial_scattered,3,8,0.38129448890686035,0.09497206703910614
movi_c_v15_02,spatial_scattered,3,9,0.4031178057193756,0.027932960893854747
movi_c_v15_02,spatial_scattered,3,10,0.41918081045150757,0.0223463687150838
movi_c_v15_02,spatial_scattered,3,11,0.24859702587127686,0.00558659217877095
movi_c_v15_02,spatial_scattered,3,12,0.47245198488235474,0.10614525139664804
movi_c_v15_02,spatial_scattered,4,1,0.36519232392311096,0.05027932960893855
movi_c_v15_02,spatial_scattered,4,2,0.25108087062835693,0.0
movi_c_v15_02,spatial_scattered,4,3,0.5485976338386536,0.0
movi_c_v15_02,spatial_scattered,4,4,0.9999999403953552,1.0
movi_c_v15_02,spatial_scattered,4,5,0.5605008006095886,0.027932960893854747
movi_c_v15_02,spatial_scattered,4,6,0.3556467890739441,0.0
movi_c_v15_02,spatial_scattered,4,7,0.5684049129486084,0.15083798882681565
movi_c_v15_02,spatial_scattered,4,8,0.47792187333106995,0.05027932960893855
movi_c_v15_02,spatial_scattered,4,9,0.7216947674751282,0.25139664804469275
movi_c_v15_02,spatial_scattered,4,10,0.6104570031166077,0.0223463687150838
movi_c_v15_02,spatial_scattered,4,11,0.6392883062362671,0.1564245810055866
movi_c_v15_02,spatial_scattered,4,12,0.5947856903076172,0.12849162011173185
movi_c_v15_02,spatial_scattered,5,1,0.247519850730896,0.0893854748603352
movi_c_v15_02,spatial_scattered,5,2,0.18169377744197845,0.0893854748603352
movi_c_v15_02,spatial_scattered,5,3,0.4091890752315521,0.1005586592178771
movi_c_v15_02,spatial_scattered,5,4,0.5605008006095886,0.027932960893854747
movi_c_v15_02,spatial_scattered,5,5,1.0,1.0
movi_c_v15_02,spatial_scattered,5,6,0.48306605219841003,0.22905027932960895
movi_c_v15_02,spatial_scattered,5,7,0.3621658682823181,0.08379888268156424
movi_c_v15_02,spatial_scattered,5,8,0.4999818503856659,0.2122905027932961
movi_c_v15_02,spatial_scattered,5,9,0.335071325302124,0.0335195530726257
movi_c_v15_02,spatial_scattered,5,10,0.43587368726730347,0.09497206703910614
movi_c_v15_02,spatial_scattered,5,11,0.33651766180992126,0.055865921787709494
movi_c_v15_02,spatial_scattered,5,12,0.4053364396095276,0.11173184357541899
movi_c_v15_02,spatial_scattered,6,1,0.33985063433647156,0.16759776536312848
movi_c_v15_02,spatial_scattered,6,2,0.24240204691886902,0.11173184357541899
movi_c_v15_02,spatial_scattered,6,3,0.40184900164604187,0.12849162011173185
movi_c_v15_02,spatial_scattered,6,4,0.3556467890739441,0.0
movi_c_v15_02,spatial_scattered,6,5,0.48306605219841003,0.22905027932960895
movi_c_v15_02,spatial_scattered,6,6,1.0,1.0
movi_c_v15_02,spatial_scattered,6,7,0.5342686772346497,0.24022346368715083
movi_c_v15_02,spatial_scattered,6,8,0.2490236461162567,0.12290502793296089
movi_c_v15_02,spatial_scattered,6,9,0.2829243838787079,0.0335195530726257
movi_c_v15_02,spatial_scattered,6,10,0.15982887148857117,0.0223463687150838
movi_c_v15_02,spatial_scattered,6,11,0.2823640704154968,0.055865921787709494
movi_c_v15_02,spatial_scattered,6,12,0.504654049873352,0.15083798882681565
movi_c_v15_02,spatial_scattered,7,1,0.25774210691452026,0.0893854748603352
movi_c_v15_02,spatial_scattered,7,2,0.1330331563949585,0.0335195530726257
movi_c_v15_02,spatial_scattered,7,3,0.3803562819957733,0.061452513966480445
movi_c_v15_02,spatial_scattered,7,4,0.5684049129486084,0.15083798882681565
movi_c_v15_02,spatial_scattered,7,5,0.3621658682823181,0.08379888268156424
movi_c_v15_02,spatial_scattered,7,6,0.5342686772346497,0.24022346368715083
movi_c_v15_02,spatial_scattered,7,7,1.0000001192092896,1.0
movi_c_v15_02,spatial_scattered,7,8,0.19875939190387726,0.03910614525139665
movi_c_v15_02,spatial_scattered,7,9,0.47027823328971863,0.1340782122905028
movi_c_v15_02,spatial_scattered,7,10,0.09576305747032166,0.0111731843575419
movi_c_v15_02,spatial_scattered,7,11,0.45515650510787964,0.1564245810055866
movi_c_v15_02,spatial_scattered,7,12,0.6759478449821472,0.329608938547486
movi_c_v15_02,spatial_scattered,8,1,0.19854284822940826,0.03910614525139665
movi_c_v15_02,spatial_scattered,8,2,0.15008054673671722,0.0670391061452514
movi_c_v15_02,spatial_scattered,8,3,0.38129448890686035,0.09497206703910614
movi_c_v15_02,spatial_scattered,8,4,0.47792187333106995,0.05027932960893855
movi_c_v15_02,spatial_scattered,8,5,0.4999818503856659,0.2122905027932961
movi_c_v15_02,spatial_scattered,8,6,0.2490236461162567,0.12290502793296089
movi_c_v15_02,spatial_scattered,8,7,0.19875939190387726,0.03910614525139665
movi_c_v15_02,spatial_scattered,8,8,1.0000001192092896,1.0
movi_c_v15_02,spatial_scattered,8,9,0.2645924389362335,0.03910614525139665
movi_c_v15_02,spatial_scattered,8,10,0.6206464171409607,0.30726256983240224
movi_c_v15_02,spatial_scattered,8,11,0.20713849365711212,0.0446927374301676
movi_c_v15_02,spatial_scattered,8,12,0.23238666355609894,0.0335195530726257
movi_c_v15_02,spatial_scattered,9,1,0.24851617217063904,0.055865921787709494
movi_c_v15_02,spatial_scattered,9,2,0.17691123485565186,0.05027932960893855
movi_c_v15_02,spatial_scattered,9,3,0.4031178057193756,0.027932960893854747
movi_c_v15_02,spatial_scattered,9,4,0.7216947674751282,0.25139664804469275
movi_c_v15_02,spatial_scattered,9,5,0.335071325302124,0.0335195530726257
movi_c_v15_02,spatial_scattered,9,6,0.2829243838787079,0.0335195530726257
movi_c_v15_02,spatial_scattered,9,7,0.47027823328971863,0.1340782122905028
movi_c_v15_02,spatial_scattered,9,8,0.2645924389362335,0.03910614525139665
movi_c_v15_02,spatial_scattered,9,9,1.0000001192092896,1.0
movi_c_v15_02,spatial_scattered,9,10,0.35610976815223694,0.0335195530726257
movi_c_v15_02,spatial_scattered,9,11,0.5799353122711182,0.26256983240223464
movi_c_v15_02,spatial_scattered,9,12,0.503099799156189,0.12290502793296089
movi_c_v15_02,spatial_scattered,10,1,0.28691616654396057,0.0670391061452514
movi_c_v15_02,spatial_scattered,10,2,0.2487652748823166,0.07262569832402235
movi_c_v15_02,spatial_scattered,10,3,0.41918081045150757,0.0223463687150838
movi_c_v15_02,spatial_scattered,10,4,0.6104570031166077,0.0223463687150838
movi_c_v15_02,spatial_scattered,10,5,0.43587368726730347,0.09497206703910614
movi_c_v15_02,spatial_scattered,10,6,0.15982887148857117,0.0223463687150838
movi_c_v15_02,spatial_scattered,10,7,0.09576305747032166,0.0111731843575419
movi_c_v15_02,spatial_scattered,10,8,0.6206464171409607,0.30726256983240224
movi_c_v15_02,spatial_scattered,10,9,0.35610976815223694,0.0335195530726257
movi_c_v15_02,spatial_scattered,10,10,1.0,1.0
movi_c_v15_02,spatial_scattered,10,11,0.24334104359149933,0.0111731843575419
movi_c_v15_02,spatial_scattered,10,12,0.14387661218643188,0.0
movi_c_v15_02,spatial_scattered,11,1,0.22256030142307281,0.1005586592178771
movi_c_v15_02,spatial_scattered,11,2,0.12373221665620804,0.03910614525139665
movi_c_v15_02,spatial_scattered,11,3,0.24859702587127686,0.00558659217877095
movi_c_v15_02,spatial_scattered,11,4,0.6392883062362671,0.1564245810055866
movi_c_v15_02,spatial_scattered,11,5,0.33651766180992126,0.055865921787709494
movi_c_v15_02,spatial_scattered,11,6,0.2823640704154968,0.055865921787709494
movi_c_v15_02,spatial_scattered,11,7,0.45515650510787964,0.1564245810055866
movi_c_v15_02,spatial_scattered,11,8,0.20713849365711212,0.0446927374301676
movi_c_v15_02,spatial_scattered,11,9,0.5799353122711182,0.26256983240223464
movi_c_v15_02,spatial_scattered,11,10,0.24334104359149933,0.0111731843575419
movi_c_v15_02,spatial_scattered,11,11,0.9999998807907104,1.0
movi_c_v15_02,spatial_scattered,11,12,0.4486091434955597,0.12290502793296089
movi_c_v15_02,spatial_scattered,12,1,0.35309329628944397,0.12849162011173185
movi_c_v15_02,spatial_scattered,12,2,0.2943601906299591,0.1340782122905028
movi_c_v15_02,spatial_scattered,12,3,0.47245198488235474,0.10614525139664804
movi_c_v15_02,spatial_scattered,12,4,0.5947856903076172,0.12849162011173185
movi_c_v15_02,spatial_scattered,12,5,0.4053364396095276,0.11173184357541899
movi_c_v15_02,spatial_scattered,12,6,0.504654049873352,0.15083798882681565
movi_c_v15_02,spatial_scattered,12,7,0.6759478449821472,0.329608938547486
movi_c_v15_02,spatial_scattered,12,8,0.23238666355609894,0.0335195530726257
movi_c_v15_02,spatial_scattered,12,9,0.503099799156189,0.12290502793296089
movi_c_v15_02,spatial_scattered,12,10,0.14387661218643188,0.0
movi_c_v15_02,spatial_scattered,12,11,0.4486091434955597,0.12290502793296089
movi_c_v15_02,spatial_scattered,12,12,1.0000001192092896,1.0
movi_c_v15_02,temporal_back,1,1,1.0000001192092896,1.0
movi_c_v15_02,temporal_back,1,2,0.41016557812690735,0.20670391061452514
movi_c_v15_02,temporal_back,1,3,0.3620699644088745,0.16201117318435754
movi_c_v15_02,temporal_back,1,4,0.2840815782546997,0.0446927374301676
movi_c_v15_02,temporal_back,1,5,0.29362621903419495,0.16201117318435754
movi_c_v15_02,temporal_back,1,6,0.5117501616477966,0.3463687150837989
movi_c_v15_02,temporal_back,1,7,0.2943043112754822,0.0893854748603352
movi_c_v15_02,temporal_back,1,8,0.3523310124874115,0.13966480446927373
movi_c_v15_02,temporal_back,1,9,0.17846861481666565,0.0335195530726257
movi_c_v15_02,temporal_back,1,10,0.36593642830848694,0.11173184357541899
movi_c_v15_02,temporal_back,1,11,0.330720454454422,0.13966480446927373
movi_c_v15_02,temporal_back,1,12,0.33132389187812805,0.2122905027932961
movi_c_v15_02,temporal_back,2,1,0.41016557812690735,0.20670391061452514
movi_c_v15_02,temporal_back,2,2,1.0,1.0
movi_c_v15_02,temporal_back,2,3,0.7135862708091736,0.3240223463687151
movi_c_v15_02,temporal_back,2,4,0.5507789850234985,0.18994413407821228
movi_c_v15_02,temporal_back,2,5,0.31982356309890747,0.07262569832402235
movi_c_v15_02,temporal_back,2,6,0.38849779963493347,0.05027932960893855
movi_c_v15_02,temporal_back,2,7,0.21254876255989075,0.01675977653631285
movi_c_v15_02,temporal_back,2,8,0.4688853621482849,0.061452513966480445
movi_c_v15_02,temporal_back,2,9,0.1707962602376938,0.01675977653631285
movi_c_v15_02,temporal_back,2,10,0.4432393014431,0.0335195530726257
movi_c_v15_02,temporal_back,2,11,0.4152124524116516,0.13966480446927373
movi_c_v15_02,temporal_back,2,12,0.34502291679382324,0.10614525139664804
movi_c_v15_02,temporal_back,3,1,0.3620699644088745,0.16201117318435754
movi_c_v15_02,temporal_back,3,2,0.7135862708091736,0.3240223463687151
movi_c_v15_02,temporal_back,3,3,1.0,1.0
movi_c_v15_02,temporal_back,3,4,0.5794464945793152,0.15083798882681565
movi_c_v15_02,temporal_back,3,5,0.20041973888874054,0.00558659217877095
movi_c_v15_02,temporal_back,3,6,0.3974510729312897,0.0782122905027933
movi_c_v15_02,temporal_back,3,7,0.17808020114898682,0.0
movi_c_v15_02,temporal_back,3,8,0.4761177599430084,0.055865921787709494
movi_c_v15_02,temporal_back,3,9,0.17514584958553314,0.00558659217877095
movi_c_v15_02,temporal_back,3,10,0.5230542421340942,0.0670391061452514
movi_c_v15_02,temporal_back,3,11,0.4142494201660156,0.11731843575418995
movi_c_v15_02,temporal_back,3,12,0.31411710381507874,0.10614525139664804
movi_c_v15_02,temporal_back,4,1,0.2840815782546997,0.0446927374301676
movi_c_v15_02,temporal_back,4,2,0.5507789850234985,0.18994413407821228
movi_c_v15_02,temporal_back,4,3,0.5794464945793152,0.15083798882681565
movi_c_v15_02,temporal_back,4,4,1.0,1.0
movi_c_v15_02,temporal_back,4,5,0.4720841944217682,0.0335195530726257
movi_c_v15_02,temporal_back,4,6,0.3838600516319275,0.027932960893854747
movi_c_v15_02,temporal_back,4,7,0.5419360995292664,0.16201117318435754
movi_c_v15_02,temporal_back,4,8,0.6755861043930054,0.11731843575418995
movi_c_v15_02,temporal_back,4,9,0.6112311482429504,0.24022346368715083
movi_c_v15_02,temporal_back,4,10,0.7902880907058716,0.17318435754189945
movi_c_v15_02,temporal_back,4,11,0.5322636961936951,0.09497206703910614
movi_c_v15_02,temporal_back,4,12,0.38580766320228577,0.0893854748603352
movi_c_v15_02,temporal_back,5,1,0.29362621903419495,0.16201117318435754
movi_c_v15_02,temporal_back,5,2,0.31982356309890747,0.07262569832402235
movi_c_v15_02,temporal_back,5,3,0.20041973888874054,0.00558659217877095
movi_c_v15_02,temporal_back,5,4,0.4720841944217682,0.0335195530726257
movi_c_v15_02,temporal_back,5,5,0.9999998807907104,1.0
movi_c_v15_02,temporal_back,5,6,0.47642359137535095,0.21787709497206703
movi_c_v15_02,temporal_back,5,7,0.5150110721588135,0.12849162011173185
movi_c_v15_02,temporal_back,5,8,0.6835670471191406,0.2849162011173184
movi_c_v15_02,temporal_back,5,9,0.40816959738731384,0.03910614525139665
movi_c_v15_02,temporal_back,5,10,0.6472786664962769,0.12290502793296089
movi_c_v15_02,temporal_back,5,11,0.47222578525543213,0.12290502793296089
movi_c_v15_02,temporal_back,5,12,0.3549804389476776,0.13966480446927373
movi_c_v15_02,temporal_back,6,1,0.5117501616477966,0.3463687150837989
movi_c_v15_02,temporal_back,6,2,0.38849779963493347,0.05027932960893855
movi_c_v15_02,temporal_back,6,3,0.3974510729312897,0.0782122905027933
movi_c_v15_02,temporal_back,6,4,0.3838600516319275,0.027932960893854747
movi_c_v15_02,temporal_back,6,5,0.47642359137535095,0.21787709497206703
movi_c_v15_02,temporal_back,6,6,1.0,1.0
movi_c_v15_02,temporal_back,6,7,0.4018057584762573,0.1340782122905028
movi_c_v15_02,temporal_back,6,8,0.4693596661090851,0.12849162011173185
movi_c_v15_02,temporal_back,6,9,0.28409329056739807,0.0335195530726257
movi_c_v15_02,temporal_back,6,10,0.41853123903274536,0.0782122905027933
movi_c_v15_02,temporal_back,6,11,0.4029295742511749,0.1340782122905028
movi_c_v15_02,temporal_back,6,12,0.5232076048851013,0.22905027932960895
movi_c_v15_02,temporal_back,7,1,0.2943043112754822,0.0893854748603352
movi_c_v15_02,temporal_back,7,2,0.21254876255989075,0.01675977653631285
movi_c_v15_02,temporal_back,7,3,0.17808020114898682,0.0
movi_c_v15_02,temporal_back,7,4,0.5419360995292664,0.16201117318435754
movi_c_v15_02,temporal_back,7,5,0.5150110721588135,0.12849162011173185
movi_c_v15_02,temporal_back,7,6,0.4018057584762573,0.1340782122905028
movi_c_v15_02,temporal_back,7,7,1.0,1.0
movi_c_v15_02,temporal_back,7,8,0.5119803547859192,0.16201117318435754
movi_c_v15_02,temporal_back,7,9,0.7075404524803162,0.39106145251396646
movi_c_v15_02,temporal_back,7,10,0.6191259622573853,0.22346368715083798
movi_c_v15_02,temporal_back,7,11,0.5121334791183472,0.19553072625698323
movi_c_v15_02,temporal_back,7,12,0.3199571967124939,0.0893854748603352
movi_c_v15_02,temporal_back,8,1,0.3523310124874115,0.13966480446927373
movi_c_v15_02,temporal_back,8,2,0.4688853621482849,0.061452513966480445
movi_c_v15_02,temporal_back,8,3,0.4761177599430084,0.055865921787709494
movi_c_v15_02,temporal_back,8,4,0.6755861043930054,0.11731843575418995
movi_c_v15_02,temporal_back,8,5,0.6835670471191406,0.2849162011173184
movi_c_v15_02,temporal_back,8,6,0.4693596661090851,0.12849162011173185
movi_c_v15_02,temporal_back,8,7,0.5119803547859192,0.16201117318435754
movi_c_v15_02,temporal_back,8,8,1.0000001192092896,1.0
movi_c_v15_02,temporal_back,8,9,0.45810601115226746,0.0782122905027933
movi_c_v15_02,temporal_back,8,10,0.7939237952232361,0.22905027932960895
movi_c_v15_02,temporal_back,8,11,0.4718451201915741,0.027932960893854747
movi_c_v15_02,temporal_back,8,12,0.30660271644592285,0.061452513966480445
movi_c_v15_02,temporal_back,9,1,0.17846861481666565,0.0335195530726257
movi_c_v15_02,temporal_back,9,2,0.1707962602376938,0.01675977653631285
movi_c_v15_02,temporal_back,9,3,0.17514584958553314,0.00558659217877095
movi_c_v15_02,temporal_back,9,4,0.6112311482429504,0.24022346368715083
movi_c_v15_02,temporal_back,9,5,0.40816959738731384,0.03910614525139665
movi_c_v15_02,temporal_back,9,6,0.28409329056739807,0.0335195530726257
movi_c_v15_02,temporal_back,9,7,0.7075404524803162,0.39106145251396646
movi_c_v15_02,temporal_back,9,8,0.45810601115226746,0.0782122905027933
movi_c_v15_02,temporal_back,9,9,1.0,1.0
movi_c_v15_02,temporal_back,9,10,0.6398783922195435,0.24581005586592178
movi_c_v15_02,temporal_back,9,11,0.4932612478733063,0.1787709497206704
movi_c_v15_02,temporal_back,9,12,0.24804134666919708,0.1005586592178771
movi_c_v15_02,temporal_back,10,1,0.36593642830848694,0.11173184357541899
movi_c_v15_02,temporal_back,10,2,0.4432393014431,0.0335195530726257
movi_c_v15_02,temporal_back,10,3,0.5230542421340942,0.0670391061452514
movi_c_v15_02,temporal_back,10,4,0.7902880907058716,0.17318435754189945
movi_c_v15_02,temporal_back,10,5,0.6472786664962769,0.12290502793296089
movi_c_v15_02,temporal_back,10,6,0.41853123903274536,0.0782122905027933
movi_c_v15_02,temporal_back,10,7,0.6191259622573853,0.22346368715083798
movi_c_v15_02,temporal_back,10,8,0.7939237952232361,0.22905027932960895
movi_c_v15_02,temporal_back,10,9,0.6398783922195435,0.24581005586592178
movi_c_v15_02,temporal_back,10,10,1.0,1.0
movi_c_v15_02,temporal_back,10,11,0.5625824928283691,0.1005586592178771
movi_c_v15_02,temporal_back,10,12,0.36304110288619995,0.061452513966480445
movi_c_v15_02,temporal_back,11,1,0.330720454454422,0.13966480446927373
movi_c_v15_02,temporal_back,11,2,0.4152124524116516,0.13966480446927373
movi_c_v15_02,temporal_back,11,3,0.4142494201660156,0.11731843575418995
movi_c_v15_02,temporal_back,11,4,0.5322636961936951,0.09497206703910614
movi_c_v15_02,temporal_back,11,5,0.47222578525543213,0.12290502793296089
movi_c_v15_02,temporal_back,11,6,0.4029295742511749,0.1340782122905028
movi_c_v15_02,temporal_back,11,7,0.5121334791183472,0.19553072625698323
movi_c_v15_02,temporal_back,11,8,0.4718451201915741,0.027932960893854747
movi_c_v15_02,temporal_back,11,9,0.4932612478733063,0.1787709497206704
movi_c_v15_02,temporal_back,11,10,0.5625824928283691,0.1005586592178771
movi_c_v15_02,temporal_back,11,11,1.0000001192092896,1.0
movi_c_v15_02,temporal_back,11,12,0.3222850263118744,0.055865921787709494
movi_c_v15_02,temporal_back,12,1,0.33132389187812805,0.2122905027932961
movi_c_v15_02,temporal_back,12,2,0.34502291679382324,0.10614525139664804
movi_c_v15_02,temporal_back,12,3,0.31411710381507874,0.10614525139664804
movi_c_v15_02,temporal_back,12,4,0.38580766320228577,0.0893854748603352
movi_c_v15_02,temporal_back,12,5,0.3549804389476776,0.13966480446927373
movi_c_v15_02,temporal_back,12,6,0.5232076048851013,0.22905027932960895
movi_c_v15_02,temporal_back,12,7,0.3199571967124939,0.0893854748603352
movi_c_v15_02,temporal_back,12,8,0.30660271644592285,0.061452513966480445
movi_c_v15_02,temporal_back,12,9,0.24804134666919708,0.1005586592178771
movi_c_v15_02,temporal_back,12,10,0.36304110288619995,0.061452513966480445
movi_c_v15_02,temporal_back,12,11,0.3222850263118744,0.055865921787709494
movi_c_v15_02,temporal_back,12,12,0.9999998807907104,1.0
movi_c_v15_02,temporal_front,1,1,1.0,1.0
movi_c_v15_02,temporal_front,1,2,0.6158586740493774,0.3687150837988827
movi_c_v15_02,temporal_front,1,3,0.7124317288398743,0.5027932960893855
movi_c_v15_02,temporal_front,1,4,0.41879159212112427,0.027932960893854747
movi_c_v15_02,temporal_front,1,5,0.04331729933619499,0.01675977653631285
movi_c_v15_02,temporal_front,1,6,0.5930394530296326,0.39664804469273746
movi_c_v15_02,temporal_front,1,7,0.6460413932800293,0.43575418994413406
movi_c_v15_02,temporal_front,1,8,0.04267667606472969,0.0111731843575419
movi_c_v15_02,temporal_front,1,9,0.42371881008148193,0.15083798882681565
movi_c_v15_02,temporal_front,1,10,0.01195648405700922,0.00558659217877095
movi_c_v15_02,temporal_front,1,11,0.5215814113616943,0.3240223463687151
movi_c_v15_02,temporal_front,1,12,0.6597519516944885,0.46368715083798884
movi_c_v15_02,temporal_front,2,1,0.6158586740493774,0.3687150837988827
movi_c_v15_02,temporal_front,2,2,0.9999999403953552,1.0
movi_c_v15_02,temporal_front,2,3,0.6467600464820862,0.4134078212290503
movi_c_v15_02,temporal_front,2,4,0.4774415194988251,0.0446927374301676
movi_c_v15_02,temporal_front,2,5,0.09841502457857132,0.00558659217877095
movi_c_v15_02,temporal_front,2,6,0.5567837357521057,0.20670391061452514
movi_c_v15_02,temporal_front,2,7,0.4677012264728546,0.21787709497206703
movi_c_v15_02,temporal_front,2,8,0.11578232795000076,0.027932960893854747
movi_c_v15_02,temporal_front,2,9,0.35549113154411316,0.0670391061452514
movi_c_v15_02,temporal_front,2,10,0.042601894587278366,0.00558659217877095
movi_c_v15_02,temporal_front,2,11,0.47136667370796204,0.2011173184357542
movi_c_v15_02,temporal_front,2,12,0.37216296792030334,0.2011173184357542
movi_c_v15_02,temporal_front,3,1,0.7124317288398743,0.5027932960893855
movi_c_v15_02,temporal_front,3,2,0.6467600464820862,0.4134078212290503
movi_c_v15_02,temporal_front,3,3,1.0,1.0
movi_c_v15_02,temporal_front,3,4,0.37711212038993835,0.03910614525139665
movi_c_v15_02,temporal_front,3,5,0.04117041826248169,0.01675977653631285
movi_c_v15_02,temporal_front,3,6,0.5296481251716614,0.31843575418994413
movi_c_v15_02,temporal_front,3,7,0.5238273739814758,0.3463687150837989
movi_c_v15_02,temporal_front,3,8,0.0420413613319397,0.0111731843575419
movi_c_v15_02,temporal_front,3,9,0.32745352387428284,0.1340782122905028
movi_c_v15_02,temporal_front,3,10,0.011187565512955189,0.0
movi_c_v15_02,temporal_front,3,11,0.5108346343040466,0.31843575418994413
movi_c_v15_02,temporal_front,3,12,0.5194262862205505,0.441340782122905
movi_c_v15_02,temporal_front,4,1,0.41879159212112427,0.027932960893854747
movi_c_v15_02,temporal_front,4,2,0.4774415194988251,0.0446927374301676
movi_c_v15_02,temporal_front,4,3,0.37711212038993835,0.03910614525139665
movi_c_v15_02,temporal_front,4,4,1.0,1.0
movi_c_v15_02,temporal_front,4,5,0.5827951431274414,0.1564245810055866
movi_c_v15_02,temporal_front,4,6,0.5535187125205994,0.0670391061452514
movi_c_v15_02,temporal_front,4,7,0.5408845543861389,0.03910614525139665
movi_c_v15_02,temporal_front,4,8,0.4308306872844696,0.05027932960893855
movi_c_v15_02,temporal_front,4,9,0.5351940989494324,0.0223463687150838
movi_c_v15_02,temporal_front,4,10,0.43240195512771606,0.1452513966480447
movi_c_v15_02,temporal_front,4,11,0.5137750506401062,0.0111731843575419
movi_c_v15_02,temporal_front,4,12,0.4018198251724243,0.027932960893854747
movi_c_v15_02,temporal_front,5,1,0.04331729933619499,0.01675977653631285
movi_c_v15_02,temporal_front,5,2,0.09841502457857132,0.00558659217877095
movi_c_v15_02,temporal_front,5,3,0.04117041826248169,0.01675977653631285
movi_c_v15_02,temporal_front,5,4,0.5827951431274414,0.1564245810055866
movi_c_v15_02,temporal_front,5,5,0.9999999403953552,1.0
movi_c_v15_02,temporal_front,5,6,0.4301563501358032,0.1787709497206704
movi_c_v15_02,temporal_front,5,7,0.47548869252204895,0.31843575418994413
movi_c_v15_02,temporal_front,5,8,0.2087545394897461,0.0
movi_c_v15_02,temporal_front,5,9,0.24887444078922272,0.05027932960893855
movi_c_v15_02,temporal_front,5,10,0.35869359970092773,0.0782122905027933
movi_c_v15_02,temporal_front,5,11,0.11106386035680771,0.0111731843575419
movi_c_v15_02,temporal_front,5,12,0.2221674621105194,0.13966480446927373
movi_c_v15_02,temporal_front,6,1,0.5930394530296326,0.39664804469273746
movi_c_v15_02,temporal_front,6,2,0.5567837357521057,0.20670391061452514
movi_c_v15_02,temporal_front,6,3,0.5296481251716614,0.31843575418994413
movi_c_v15_02,temporal_front,6,4,0.5535187125205994,0.0670391061452514
movi_c_v15_02,temporal_front,6,5,0.4301563501358032,0.1787709497206704
movi_c_v15_02,temporal_front,6,6,1.0,1.0
movi_c_v15_02,temporal_front,6,7,0.7214164733886719,0.41899441340782123
movi_c_v15_02,temporal_front,6,8,0.07056446373462677,0.0
movi_c_v15_02,temporal_front,6,9,0.4109356105327606,0.16201117318435754
movi_c_v15_02,temporal_front,6,10,0.038944412022829056,0.00558659217877095
movi_c_v15_02,temporal_front,6,11,0.38048064708709717,0.1787709497206704
movi_c_v15_02,temporal_front,6,12,0.5051207542419434,0.2849162011173184
movi_c_v15_02,temporal_front,7,1,0.6460413932800293,0.43575418994413406
movi_c_v15_02,temporal_front,7,2,0.4677012264728546,0.21787709497206703
movi_c_v15_02,temporal_front,7,3,0.5238273739814758,0.3463687150837989
movi_c_v15_02,temporal_front,7,4,0.5408845543861389,0.03910614525139665
movi_c_v15_02,temporal_front,7,5,0.47548869252204895,0.31843575418994413
movi_c_v15_02,temporal_front,7,6,0.7214164733886719,0.41899441340782123
movi_c_v15_02,temporal_front,7,7,1.0,1.0
movi_c_v15_02,temporal_front,7,8,0.05986596271395683,0.0
movi_c_v15_02,temporal_front,7,9,0.401702344417572,0.13966480446927373
movi_c_v15_02,temporal_front,7,10,0.06908851116895676,0.0111731843575419
movi_c_v15_02,temporal_front,7,11,0.47560232877731323,0.25139664804469275
movi_c_v15_02,temporal_front,7,12,0.6619159579277039,0.4581005586592179
movi_c_v15_02,temporal_front,8,1,0.04267667606472969,0.0111731843575419
movi_c_v15_02,temporal_front,8,2,0.11578232795000076,0.027932960893854747
movi_c_v15_02,temporal_front,8,3,0.0420413613319397,0.0111731843575419
movi_c_v15_02,temporal_front,8,4,0.4308306872844696,0.05027932960893855
movi_c_v15_02,temporal_front,8,5,0.2087545394897461,0.0
movi_c_v15_02,temporal_front,8,6,0.07056446373462677,0.0
movi_c_v15_02,temporal_front,8,7,0.05986596271395683,0.0
movi_c_v15_02,temporal_front,8,8,1.0,1.0
movi_c_v15_02,temporal_front,8,9,0.2805793881416321,0.12290502793296089
movi_c_v15_02,temporal_front,8,10,0.5398648977279663,0.3575418994413408
movi_c_v15_02,temporal_front,8,11,0.29618972539901733,0.12290502793296089
movi_c_v15_02,temporal_front,8,12,0.07921067625284195,0.00558659217877095
movi_c_v15_02,temporal_front,9,1,0.42371881008148193,0.15083798882681565
movi_c_v15_02,temporal_front,9,2,0.35549113154411316,0.0670391061452514
movi_c_v15_02,temporal_front,9,3,0.32745352387428284,0.1340782122905028
movi_c_v15_02,temporal_front,9,4,0.5351940989494324,0.0223463687150838
movi_c_v15_02,temporal_front,9,5,0.24887444078922272,0.05027932960893855
movi_c_v15_02,temporal_front,9,6,0.4109356105327606,0.16201117318435754
movi_c_v15_02,temporal_front,9,7,0.401702344417572,0.13966480446927373
movi_c_v15_02,temporal_front,9,8,0.2805793881416321,0.12290502793296089
movi_c_v15_02,temporal_front,9,9,1.0,1.0
movi_c_v15_02,temporal_front,9,10,0.25144946575164795,0.08379888268156424
movi_c_v15_02,temporal_front,9,11,0.4017988443374634,0.09497206703910614
movi_c_v15_02,temporal_front,9,12,0.37857091426849365,0.15083798882681565
movi_c_v15_02,temporal_front,10,1,0.01195648405700922,0.00558659217877095
movi_c_v15_02,temporal_front,10,2,0.042601894587278366,0.00558659217877095
movi_c_v15_02,temporal_front,10,3,0.011187565512955189,0.0
movi_c_v15_02,temporal_front,10,4,0.43240195512771606,0.1452513966480447
movi_c_v15_02,temporal_front,10,5,0.35869359970092773,0.0782122905027933
movi_c_v15_02,temporal_front,10,6,0.038944412022829056,0.00558659217877095
movi_c_v15_02,temporal_front,10,7,0.06908851116895676,0.0111731843575419
movi_c_v15_02,temporal_front,10,8,0.5398648977279663,0.3575418994413408
movi_c_v15_02,temporal_front,10,9,0.25144946575164795,0.08379888268156424
movi_c_v15_02,temporal_front,10,10,1.0,1.0
movi_c_v15_02,temporal_front,10,11,0.23697565495967865,0.0782122905027933
movi_c_v15_02,temporal_front,10,12,0.056677792221307755,0.00558659217877095
movi_c_v15_02,temporal_front,11,1,0.5215814113616943,0.3240223463687151
movi_c_v15_02,temporal_front,11,2,0.47136667370796204,0.2011173184357542
movi_c_v15_02,temporal_front,11,3,0.5108346343040466,0.31843575418994413
movi_c_v15_02,temporal_front,11,4,0.5137750506401062,0.0111731843575419
movi_c_v15_02,temporal_front,11,5,0.11106386035680771,0.0111731843575419
movi_c_v15_02,temporal_front,11,6,0.38048064708709717,0.1787709497206704
movi_c_v15_02,temporal_front,11,7,0.47560232877731323,0.25139664804469275
movi_c_v15_02,temporal_front,11,8,0.29618972539901733,0.12290502793296089
movi_c_v15_02,temporal_front,11,9,0.4017988443374634,0.09497206703910614
movi_c_v15_02,temporal_front,11,10,0.23697565495967865,0.0782122905027933
movi_c_v15_02,temporal_front,11,11,0.9999998807907104,1.0
movi_c_v15_02,temporal_front,11,12,0.4454798996448517,0.3016759776536313
movi_c_v15_02,temporal_front,12,1,0.6597519516944885,0.46368715083798884
movi_c_v15_02,temporal_front,12,2,0.37216296792030334,0.2011173184357542
movi_c_v15_02,temporal_front,12,3,0.5194262862205505,0.441340782122905
movi_c_v15_02,temporal_front,12,4,0.4018198251724243,0.027932960893854747
movi_c_v15_02,temporal_front,12,5,0.2221674621105194,0.13966480446927373
movi_c_v15_02,temporal_front,12,6,0.5051207542419434,0.2849162011173184
movi_c_v15_02,temporal_front,12,7,0.6619159579277039,0.4581005586592179
movi_c_v15_02,temporal_front,12,8,0.07921067625284195,0.00558659217877095
movi_c_v15_02,temporal_front,12,9,0.37857091426849365,0.15083798882681565
movi_c_v15_02,temporal_front,12,10,0.056677792221307755,0.00558659217877095
movi_c_v15_02,temporal_front,12,11,0.4454798996448517,0.3016759776536313
movi_c_v15_02,temporal_front,12,12,1.0,1.0
movi_c_v15_02,temporal_middle,1,1,0.9999999403953552,1.0
movi_c_v15_02,temporal_middle,1,2,0.27928924560546875,0.24581005586592178
movi_c_v15_02,temporal_middle,1,3,0.250662237405777,0.25139664804469275
movi_c_v15_02,temporal_middle,1,4,0.19575412571430206,0.03910614525139665
movi_c_v15_02,temporal_middle,1,5,0.11549881845712662,0.055865921787709494
movi_c_v15_02,temporal_middle,1,6,0.3732302188873291,0.2737430167597765
movi_c_v15_02,temporal_middle,1,7,0.2946854531764984,0.19553072625698323
movi_c_v15_02,temporal_middle,1,8,0.07246241718530655,0.0335195530726257
movi_c_v15_02,temporal_middle,1,9,0.211647629737854,0.1340782122905028
movi_c_v15_02,temporal_middle,1,10,0.06952139735221863,0.10614525139664804
movi_c_v15_02,temporal_middle,1,11,0.13711656630039215,0.07262569832402235
movi_c_v15_02,temporal_middle,1,12,0.13854144513607025,0.061452513966480445
movi_c_v15_02,temporal_middle,2,1,0.27928924560546875,0.24581005586592178
movi_c_v15_02,temporal_middle,2,2,1.0,1.0
movi_c_v15_02,temporal_middle,2,3,0.6323323249816895,0.441340782122905
movi_c_v15_02,temporal_middle,2,4,0.523424506187439,0.13966480446927373
movi_c_v15_02,temporal_middle,2,5,0.12943610548973083,0.01675977653631285
movi_c_v15_02,temporal_middle,2,6,0.5323882699012756,0.24581005586592178
movi_c_v15_02,temporal_middle,2,7,0.3757033944129944,0.08379888268156424
movi_c_v15_02,temporal_middle,2,8,0.26602667570114136,0.09497206703910614
movi_c_v15_02,temporal_middle,2,9,0.4246552288532257,0.11173184357541899
movi_c_v15_02,temporal_middle,2,10,0.16842971742153168,0.07262569832402235
movi_c_v15_02,temporal_middle,2,11,0.6101786494255066,0.3016759776536313
movi_c_v15_02,temporal_middle,2,12,0.4854505658149719,0.19553072625698323
movi_c_v15_02,temporal_middle,3,1,0.250662237405777,0.25139664804469275
movi_c_v15_02,temporal_middle,3,2,0.6323323249816895,0.441340782122905
movi_c_v15_02,temporal_middle,3,3,1.0,1.0
movi_c_v15_02,temporal_middle,3,4,0.451482892036438,0.17318435754189945
movi_c_v15_02,temporal_middle,3,5,0.04691876843571663,0.0
movi_c_v15_02,temporal_middle,3,6,0.511979877948761,0.29608938547486036
movi_c_v15_02,temporal_middle,3,7,0.3739241361618042,0.13966480446927373
movi_c_v15_02,temporal_middle,3,8,0.11468114703893661,0.061452513966480445
movi_c_v15_02,temporal_middle,3,9,0.38796186447143555,0.19553072625698323
movi_c_v15_02,temporal_middle,3,10,0.05749974772334099,0.061452513966480445
movi_c_v15_02,temporal_middle,3,11,0.4809667468070984,0.27932960893854747
movi_c_v15_02,temporal_middle,3,12,0.4124563932418823,0.2011173184357542
movi_c_v15_02,temporal_middle,4,1,0.19575412571430206,0.03910614525139665
movi_c_v15_02,temporal_middle,4,2,0.523424506187439,0.13966480446927373
movi_c_v15_02,temporal_middle,4,3,0.451482892036438,0.17318435754189945
movi_c_v15_02,temporal_middle,4,4,0.9999999403953552,1.0
movi_c_v15_02,temporal_middle,4,5,0.4759371280670166,0.15083798882681565
movi_c_v15_02,temporal_middle,4,6,0.48504638671875,0.1005586592178771
movi_c_v15_02,temporal_middle,4,7,0.5814216732978821,0.0670391061452514
movi_c_v15_02,temporal_middle,4,8,0.342245876789093,0.055865921787709494
movi_c_v15_02,temporal_middle,4,9,0.6213216781616211,0.1005586592178771
movi_c_v15_02,temporal_middle,4,10,0.22283101081848145,0.061452513966480445
movi_c_v15_02,temporal_middle,4,11,0.6756929159164429,0.1452513966480447
movi_c_v15_02,temporal_middle,4,12,0.5895856618881226,0.16759776536312848
movi_c_v15_02,temporal_middle,5,1,0.11549881845712662,0.055865921787709494
movi_c_v15_02,temporal_middle,5,2,0.12943610548973083,0.01675977653631285
movi_c_v15_02,temporal_middle,5,3,0.04691876843571663,0.0
movi_c_v15_02,temporal_middle,5,4,0.4759371280670166,0.15083798882681565
movi_c_v15_02,temporal_middle,5,5,0.9999999403953552,1.0
movi_c_v15_02,temporal_middle,5,6,0.24628974497318268,0.08379888268156424
movi_c_v15_02,temporal_middle,5,7,0.43471768498420715,0.12849162011173185
movi_c_v15_02,temporal_middle,5,8,0.33459433913230896,0.11731843575418995
movi_c_v15_02,temporal_middle,5,9,0.2757731080055237,0.0335195530726257
movi_c_v15_02,temporal_middle,5,10,0.3083754777908325,0.1452513966480447
movi_c_v15_02,temporal_middle,5,11,0.2478177547454834,0.0111731843575419
movi_c_v15_02,temporal_middle,5,12,0.36956754326820374,0.16759776536312848
movi_c_v15_02,temporal_middle,6,1,0.3732302188873291,0.2737430167597765
movi_c_v15_02,temporal_middle,6,2,0.5323882699012756,0.24581005586592178
movi_c_v15_02,temporal_middle,6,3,0.511979877948761,0.29608938547486036
movi_c_v15_02,temporal_middle,6,4,0.48504638671875,0.1005586592178771
movi_c_v15_02,temporal_middle,6,5,0.24628974497318268,0.08379888268156424
movi_c_v15_02,temporal_middle,6,6,0.9999998807907104,1.0
movi_c_v15_02,temporal_middle,6,7,0.48422932624816895,0.18994413407821228
movi_c_v15_02,temporal_middle,6,8,0.20786798000335693,0.07262569832402235
movi_c_v15_02,temporal_middle,6,9,0.39319413900375366,0.1340782122905028
movi_c_v15_02,temporal_middle,6,10,0.16786232590675354,0.08379888268156424
movi_c_v15_02,temporal_middle,6,11,0.46318796277046204,0.17318435754189945
movi_c_v15_02,temporal_middle,6,12,0.5254310965538025,0.16759776536312848
movi_c_v15_02,temporal_middle,7,1,0.2946854531764984,0.19553072625698323
movi_c_v15_02,temporal_middle,7,2,0.3757033944129944,0.08379888268156424
movi_c_v15_02,temporal_middle,7,3,0.3739241361618042,0.13966480446927373
movi_c_v15_02,temporal_middle,7,4,0.5814216732978821,0.0670391061452514
movi_c_v15_02,temporal_middle,7,5,0.43471768498420715,0.12849162011173185
movi_c_v15_02,temporal_middle,7,6,0.48422932624816895,0.18994413407821228
movi_c_v15_02,temporal_middle,7,7,1.0,1.0
movi_c_v15_02,temporal_middle,7,8,0.2955950200557709,0.10614525139664804
movi_c_v15_02,temporal_middle,7,9,0.4754002094268799,0.08379888268156424
movi_c_v15_02,temporal_middle,7,10,0.12923282384872437,0.03910614525139665
movi_c_v15_02,temporal_middle,7,11,0.49202409386634827,0.0670391061452514
movi_c_v15_02,temporal_middle,7,12,0.528042197227478,0.13966480446927373
movi_c_v15_02,temporal_middle,8,1,0.07246241718530655,0.0335195530726257
movi_c_v15_02,temporal_middle,8,2,0.26602667570114136,0.09497206703910614
movi_c_v15_02,temporal_middle,8,3,0.11468114703893661,0.061452513966480445
movi_c_v15_02,temporal_middle,8,4,0.342245876789093,0.055865921787709494
movi_c_v15_02,temporal_middle,8,5,0.33459433913230896,0.11731843575418995
movi_c_v15_02,temporal_middle,8,6,0.20786798000335693,0.07262569832402235
movi_c_v15_02,temporal_middle,8,7,0.2955950200557709,0.10614525139664804
movi_c_v15_02,temporal_middle,8,8,1.0,1.0
movi_c_v15_02,temporal_middle,8,9,0.2656308114528656,0.07262569832402235
movi_c_v15_02,temporal_middle,8,10,0.41391921043395996,0.3128491620111732
movi_c_v15_02,temporal_middle,8,11,0.3463955819606781,0.12849162011173185
movi_c_v15_02,temporal_middle,8,12,0.23299773037433624,0.061452513966480445
movi_c_v15_02,temporal_middle,9,1,0.211647629737854,0.1340782122905028
movi_c_v15_02,temporal_middle,9,2,0.4246552288532257,0.11173184357541899
movi_c_v15_02,temporal_middle,9,3,0.38796186447143555,0.19553072625698323
movi_c_v15_02,temporal_middle,9,4,0.6213216781616211,0.1005586592178771
movi_c_v15_02,temporal_middle,9,5,0.2757731080055237,0.0335195530726257
movi_c_v15_02,temporal_middle,9,6,0.39319413900375366,0.1340782122905028
movi_c_v15_02,temporal_middle,9,7,0.4754002094268799,0.08379888268156424
movi_c_v15_02,temporal_middle,9,8,0.2656308114528656,0.07262569832402235
movi_c_v15_02,temporal_middle,9,9,0.9999998807907104,1.0
movi_c_v15_02,temporal_middle,9,10,0.23823019862174988,0.1005586592178771
movi_c_v15_02,temporal_middle,9,11,0.6372873783111572,0.2011173184357542
movi_c_v15_02,temporal_middle,9,12,0.4940008521080017,0.13966480446927373
movi_c_v15_02,temporal_middle,10,1,0.06952139735221863,0.10614525139664804
movi_c_v15_02,temporal_middle,10,2,0.16842971742153168,0.07262569832402235
movi_c_v15_02,temporal_middle,10,3,0.05749974772334099,0.061452513966480445
movi_c_v15_02,temporal_middle,10,4,0.22283101081848145,0.061452513966480445
movi_c_v15_02,temporal_middle,10,5,0.3083754777908325,0.1452513966480447
movi_c_v15_02,temporal_middle,10,6,0.16786232590675354,0.08379888268156424
movi_c_v15_02,temporal_middle,10,7,0.12923282384872437,0.03910614525139665
movi_c_v15_02,temporal_middle,10,8,0.41391921043395996,0.3128491620111732
movi_c_v15_02,temporal_middle,10,9,0.23823019862174988,0.1005586592178771
movi_c_v15_02,temporal_middle,10,10,1.0000001192092896,1.0
movi_c_v15_02,temporal_middle,10,11,0.17084410786628723,0.03910614525139665
movi_c_v15_02,temporal_middle,10,12,0.09793228656053543,0.0223463687150838
movi_c_v15_02,temporal_middle,11,1,0.13711656630039215,0.07262569832402235
movi_c_v15_02,temporal_middle,11,2,0.6101786494255066,0.3016759776536313
movi_c_v15_02,temporal_middle,11,3,0.4809667468070984,0.27932960893854747
movi_c_v15_02,temporal_middle,11,4,0.6756929159164429,0.1452513966480447
movi_c_v15_02,temporal_middle,11,5,0.2478177547454834,0.0111731843575419
movi_c_v15_02,temporal_middle,11,6,0.46318796277046204,0.17318435754189945
movi_c_v15_02,temporal_middle,11,7,0.49202409386634827,0.0670391061452514
movi_c_v15_02,temporal_middle,11,8,0.3463955819606781,0.12849162011173185
movi_c_v15_02,temporal_middle,11,9,0.6372873783111572,0.2011173184357542
movi_c_v15_02,temporal_middle,11,10,0.17084410786628723,0.03910614525139665
movi_c_v15_02,temporal_middle,11,11,1.0,1.0
movi_c_v15_02,temporal_middle,11,12,0.6227681040763855,0.27932960893854747
movi_c_v15_02,temporal_middle,12,1,0.13854144513607025,0.061452513966480445
movi_c_v15_02,temporal_middle,12,2,0.4854505658149719,0.19553072625698323
movi_c_v15_02,temporal_middle,12,3,0.4124563932418823,0.2011173184357542
movi_c_v15_02,temporal_middle,12,4,0.5895856618881226,0.16759776536312848
movi_c_v15_02,temporal_middle,12,5,0.36956754326820374,0.16759776536312848
movi_c_v15_02,temporal_middle,12,6,0.5254310965538025,0.16759776536312848
movi_c_v15_02,temporal_middle,12,7,0.528042197227478,0.13966480446927373
movi_c_v15_02,temporal_middle,12,8,0.23299773037433624,0.061452513966480445
movi_c_v15_02,temporal_middle,12,9,0.4940008521080017,0.13966480446927373
movi_c_v15_02,temporal_middle,12,10,0.09793228656053543,0.0223463687150838
movi_c_v15_02,temporal_middle,12,11,0.6227681040763855,0.27932960893854747
movi_c_v15_02,temporal_middle,12,12,0.9999998807907104,1.0
