scene,mask,layer,target,positive_mass,positive_count,zero,hidden_query_cosine
movi_c_v12_01,spatial_block,1,l1,1.3664946556091309,1340,False,0.9949203133583069
movi_c_v12_01,spatial_block,1,l2,2.2284021377563477,1309,False,0.99617600440979
movi_c_v12_01,spatial_block,1,cosine,2.5828540325164795,1238,False,0.995823323726654
movi_c_v12_01,spatial_block,1,inner_product,0.7317042350769043,589,False,0.940418004989624
movi_c_v12_01,spatial_block,2,l1,0.501258373260498,742,False,0.9863530397415161
movi_c_v12_01,spatial_block,2,l2,0.8726946711540222,1024,False,0.983828604221344
movi_c_v12_01,spatial_block,2,cosine,0.9858013391494751,927,False,0.9817763566970825
movi_c_v12_01,spatial_block,2,inner_product,0.2285323143005371,272,False,0.8652914762496948
movi_c_v12_01,spatial_block,3,l1,1.3290796279907227,1451,False,0.9850152730941772
movi_c_v12_01,spatial_block,3,l2,1.9000316858291626,1494,False,0.9815230369567871
movi_c_v12_01,spatial_block,3,cosine,2.1300108432769775,1431,False,0.9763718247413635
movi_c_v12_01,spatial_block,3,inner_product,1.724745512008667,953,False,0.9293302297592163
movi_c_v12_01,spatial_block,4,l1,3.0098109245300293,1764,False,0.9682310223579407
movi_c_v12_01,spatial_block,4,l2,3.779977321624756,1760,False,0.9203953742980957
movi_c_v12_01,spatial_block,4,cosine,4.772292137145996,1768,False,0.9234411120414734
movi_c_v12_01,spatial_block,4,inner_product,1.415984034538269,957,False,0.808687150478363
movi_c_v12_01,spatial_block,5,l1,0.25542306900024414,705,False,0.9110143780708313
movi_c_v12_01,spatial_block,5,l2,0.16226570308208466,364,False,0.9142098426818848
movi_c_v12_01,spatial_block,5,cosine,0.2973446249961853,530,False,0.8798790574073792
movi_c_v12_01,spatial_block,5,inner_product,3.269534111022949,1218,False,0.9624075889587402
movi_c_v12_01,spatial_block,6,l1,0.6682025194168091,929,False,0.9594948887825012
movi_c_v12_01,spatial_block,6,l2,1.1039631366729736,894,False,0.9686449766159058
movi_c_v12_01,spatial_block,6,cosine,1.4404693841934204,939,False,0.9615848660469055
movi_c_v12_01,spatial_block,6,inner_product,2.561046838760376,917,False,0.9131276607513428
movi_c_v12_01,spatial_block,7,l1,0.7789279222488403,621,False,0.9942737817764282
movi_c_v12_01,spatial_block,7,l2,1.4769972562789917,739,False,0.993118941783905
movi_c_v12_01,spatial_block,7,cosine,2.0584497451782227,767,False,0.992277979850769
movi_c_v12_01,spatial_block,7,inner_product,9.80513858795166,1520,False,0.9813929200172424
movi_c_v12_01,spatial_block,8,l1,0.7525430917739868,1246,False,0.9668485522270203
movi_c_v12_01,spatial_block,8,l2,0.804304838180542,822,False,0.9761106371879578
movi_c_v12_01,spatial_block,8,cosine,1.2210674285888672,1007,False,0.9715474843978882
movi_c_v12_01,spatial_block,8,inner_product,8.28665542602539,1469,False,0.9888802766799927
movi_c_v12_01,spatial_block,9,l1,1.1578682661056519,1345,False,0.973246693611145
movi_c_v12_01,spatial_block,9,l2,2.289393424987793,1425,False,0.9804079532623291
movi_c_v12_01,spatial_block,9,cosine,3.9794061183929443,1504,False,0.9824841022491455
movi_c_v12_01,spatial_block,9,inner_product,13.886191368103027,1693,False,0.9820948839187622
movi_c_v12_01,spatial_block,10,l1,0.8756600618362427,1363,False,0.9400497078895569
movi_c_v12_01,spatial_block,10,l2,1.1249277591705322,1232,False,0.9466317892074585
movi_c_v12_01,spatial_block,10,cosine,2.3368747234344482,1439,False,0.9664471745491028
movi_c_v12_01,spatial_block,10,inner_product,16.146398544311523,1526,False,0.9947342276573181
movi_c_v12_01,spatial_block,11,l1,1.2583390474319458,1406,False,0.9728652238845825
movi_c_v12_01,spatial_block,11,l2,2.5458269119262695,1592,False,0.9810119867324829
movi_c_v12_01,spatial_block,11,cosine,4.319820404052734,1641,False,0.9835940599441528
movi_c_v12_01,spatial_block,11,inner_product,11.33073902130127,1631,False,0.9835262894630432
movi_c_v12_01,spatial_block,12,l1,1.6676220893859863,1255,False,0.9999999403953552
movi_c_v12_01,spatial_block,12,l2,2.2178192138671875,1216,False,1.0
movi_c_v12_01,spatial_block,12,cosine,4.320272922515869,1391,False,1.0
movi_c_v12_01,spatial_block,12,inner_product,23.830726623535156,1762,False,0.9999999403953552
movi_c_v12_01,spatial_scattered,1,l1,1.3810217380523682,822,False,0.9968937039375305
movi_c_v12_01,spatial_scattered,1,l2,1.6932618618011475,700,False,0.9968127012252808
movi_c_v12_01,spatial_scattered,1,cosine,2.1554698944091797,650,False,0.9968804717063904
movi_c_v12_01,spatial_scattered,1,inner_product,1.666786551475525,729,False,0.9857096672058105
movi_c_v12_01,spatial_scattered,2,l1,0.6170549392700195,631,False,0.9895421862602234
movi_c_v12_01,spatial_scattered,2,l2,0.8366556763648987,699,False,0.9794549345970154
movi_c_v12_01,spatial_scattered,2,cosine,0.9781185388565063,644,False,0.9790797233581543
movi_c_v12_01,spatial_scattered,2,inner_product,0.463334858417511,375,False,0.9567592144012451
movi_c_v12_01,spatial_scattered,3,l1,1.688997507095337,1377,False,0.9801214337348938
movi_c_v12_01,spatial_scattered,3,l2,3.5510480403900146,1410,False,0.984431803226471
movi_c_v12_01,spatial_scattered,3,cosine,4.7289228439331055,1381,False,0.9828956127166748
movi_c_v12_01,spatial_scattered,3,inner_product,1.2410402297973633,919,False,0.895829439163208
movi_c_v12_01,spatial_scattered,4,l1,4.852217674255371,1559,False,0.9795401692390442
movi_c_v12_01,spatial_scattered,4,l2,9.587003707885742,1636,False,0.9570038914680481
movi_c_v12_01,spatial_scattered,4,cosine,11.20872974395752,1606,False,0.9533078670501709
movi_c_v12_01,spatial_scattered,4,inner_product,0.19729317724704742,172,False,0.7018997073173523
movi_c_v12_01,spatial_scattered,5,l1,1.8227765560150146,1132,False,0.9700868129730225
movi_c_v12_01,spatial_scattered,5,l2,2.636540651321411,1124,False,0.9548519253730774
movi_c_v12_01,spatial_scattered,5,cosine,3.4420559406280518,1103,False,0.9500336647033691
movi_c_v12_01,spatial_scattered,5,inner_product,1.4984827041625977,737,False,0.9308796525001526
movi_c_v12_01,spatial_scattered,6,l1,2.795651435852051,1129,False,0.9938756227493286
movi_c_v12_01,spatial_scattered,6,l2,4.9110307693481445,1181,False,0.9952959418296814
movi_c_v12_01,spatial_scattered,6,cosine,6.498174667358398,1163,False,0.994198203086853
movi_c_v12_01,spatial_scattered,6,inner_product,2.96893310546875,843,False,0.946089506149292
movi_c_v12_01,spatial_scattered,7,l1,1.5351243019104004,704,False,0.9964340925216675
movi_c_v12_01,spatial_scattered,7,l2,3.1372859477996826,769,False,0.9972213506698608
movi_c_v12_01,spatial_scattered,7,cosine,4.561158180236816,805,False,0.9967837929725647
movi_c_v12_01,spatial_scattered,7,inner_product,8.221649169921875,1567,False,0.9712539315223694
movi_c_v12_01,spatial_scattered,8,l1,1.1613659858703613,943,False,0.9918913245201111
movi_c_v12_01,spatial_scattered,8,l2,1.8611359596252441,959,False,0.9894838929176331
movi_c_v12_01,spatial_scattered,8,cosine,3.0179123878479004,1049,False,0.9903432726860046
movi_c_v12_01,spatial_scattered,8,inner_product,6.248624324798584,1330,False,0.9879572987556458
movi_c_v12_01,spatial_scattered,9,l1,1.8448505401611328,1358,False,0.9876076579093933
movi_c_v12_01,spatial_scattered,9,l2,4.11161470413208,1468,False,0.9920169711112976
movi_c_v12_01,spatial_scattered,9,cosine,7.60333251953125,1640,False,0.9914791584014893
movi_c_v12_01,spatial_scattered,9,inner_product,15.559900283813477,1761,False,0.985826849937439
movi_c_v12_01,spatial_scattered,10,l1,2.6642959117889404,1238,False,0.9939851760864258
movi_c_v12_01,spatial_scattered,10,l2,4.535556793212891,1329,False,0.9940706491470337
movi_c_v12_01,spatial_scattered,10,cosine,8.004022598266602,1441,False,0.9953812956809998
movi_c_v12_01,spatial_scattered,10,inner_product,19.801755905151367,1601,False,0.995606541633606
movi_c_v12_01,spatial_scattered,11,l1,1.343126893043518,1059,False,0.9880892038345337
movi_c_v12_01,spatial_scattered,11,l2,3.0605900287628174,1461,False,0.9863525032997131
movi_c_v12_01,spatial_scattered,11,cosine,5.87703800201416,1640,False,0.9880877137184143
movi_c_v12_01,spatial_scattered,11,inner_product,11.844985961914062,1715,False,0.9849681258201599
movi_c_v12_01,spatial_scattered,12,l1,1.5684335231781006,1018,False,1.0
movi_c_v12_01,spatial_scattered,12,l2,2.6872966289520264,1081,False,1.0
movi_c_v12_01,spatial_scattered,12,cosine,6.363994598388672,1342,False,1.0
movi_c_v12_01,spatial_scattered,12,inner_product,24.047956466674805,1761,False,1.0
movi_c_v12_01,temporal_back,1,l1,0.7202364802360535,469,False,0.9979760646820068
movi_c_v12_01,temporal_back,1,l2,1.0110572576522827,484,False,0.9972054958343506
movi_c_v12_01,temporal_back,1,cosine,1.4924511909484863,477,False,0.9968419671058655
movi_c_v12_01,temporal_back,1,inner_product,0.7320351600646973,310,False,0.9813514947891235
movi_c_v12_01,temporal_back,2,l1,0.5229802131652832,725,False,0.9836748242378235
movi_c_v12_01,temporal_back,2,l2,0.9656493067741394,852,False,0.9795567989349365
movi_c_v12_01,temporal_back,2,cosine,1.4450329542160034,831,False,0.9810194969177246
movi_c_v12_01,temporal_back,2,inner_product,1.0595149993896484,631,False,0.9691556096076965
movi_c_v12_01,temporal_back,3,l1,1.1185193061828613,927,False,0.9945687651634216
movi_c_v12_01,temporal_back,3,l2,2.131603240966797,1067,False,0.9924418330192566
movi_c_v12_01,temporal_back,3,cosine,3.321878671646118,1065,False,0.9920899271965027
movi_c_v12_01,temporal_back,3,inner_product,2.6761345863342285,872,False,0.9716734886169434
movi_c_v12_01,temporal_back,4,l1,1.2791454792022705,1131,False,0.8062681555747986
movi_c_v12_01,temporal_back,4,l2,4.756938934326172,1609,False,0.724024772644043
movi_c_v12_01,temporal_back,4,cosine,7.282517433166504,1618,False,0.7229145169258118
movi_c_v12_01,temporal_back,4,inner_product,0.7616915702819824,511,False,0.8874657154083252
movi_c_v12_01,temporal_back,5,l1,1.286417841911316,1143,False,0.9609029293060303
movi_c_v12_01,temporal_back,5,l2,2.3815860748291016,1281,False,0.9684783816337585
movi_c_v12_01,temporal_back,5,cosine,3.513361930847168,1246,False,0.9622380137443542
movi_c_v12_01,temporal_back,5,inner_product,1.6935415267944336,856,False,0.8964042663574219
movi_c_v12_01,temporal_back,6,l1,2.3049449920654297,1311,False,0.9958524107933044
movi_c_v12_01,temporal_back,6,l2,4.11423397064209,1386,False,0.9962169528007507
movi_c_v12_01,temporal_back,6,cosine,6.496435165405273,1381,False,0.9959853291511536
movi_c_v12_01,temporal_back,6,inner_product,3.659416437149048,1071,False,0.9621237516403198
movi_c_v12_01,temporal_back,7,l1,1.5581520795822144,989,False,0.9933465719223022
movi_c_v12_01,temporal_back,7,l2,3.5939583778381348,1074,False,0.991481602191925
movi_c_v12_01,temporal_back,7,cosine,6.069680690765381,1136,False,0.9903256297111511
movi_c_v12_01,temporal_back,7,inner_product,10.03773307800293,1499,False,0.97806316614151
movi_c_v12_01,temporal_back,8,l1,1.4494843482971191,1371,False,0.9844731092453003
movi_c_v12_01,temporal_back,8,l2,3.0601720809936523,1376,False,0.9886208772659302
movi_c_v12_01,temporal_back,8,cosine,5.07180118560791,1389,False,0.9891688227653503
movi_c_v12_01,temporal_back,8,inner_product,5.724471569061279,1330,False,0.9800599813461304
movi_c_v12_01,temporal_back,9,l1,1.4551467895507812,1136,False,0.9870330691337585
movi_c_v12_01,temporal_back,9,l2,4.483181953430176,1318,False,0.9901717901229858
movi_c_v12_01,temporal_back,9,cosine,7.806972980499268,1370,False,0.9899482727050781
movi_c_v12_01,temporal_back,9,inner_product,14.581365585327148,1661,False,0.9830546975135803
movi_c_v12_01,temporal_back,10,l1,1.890820026397705,1565,False,0.977724015712738
movi_c_v12_01,temporal_back,10,l2,4.720504283905029,1648,False,0.9857739210128784
movi_c_v12_01,temporal_back,10,cosine,8.306622505187988,1667,False,0.9888947606086731
movi_c_v12_01,temporal_back,10,inner_product,16.142154693603516,1615,False,0.9936766624450684
movi_c_v12_01,temporal_back,11,l1,2.605936050415039,1615,False,0.9784192442893982
movi_c_v12_01,temporal_back,11,l2,4.614731311798096,1585,False,0.984318196773529
movi_c_v12_01,temporal_back,11,cosine,8.201786041259766,1622,False,0.9856745600700378
movi_c_v12_01,temporal_back,11,inner_product,14.797382354736328,1718,False,0.9874390959739685
movi_c_v12_01,temporal_back,12,l1,3.0137217044830322,1359,False,1.0000001192092896
movi_c_v12_01,temporal_back,12,l2,4.731259346008301,1292,False,1.0000001192092896
movi_c_v12_01,temporal_back,12,cosine,8.990883827209473,1397,False,0.9999999403953552
movi_c_v12_01,temporal_back,12,inner_product,26.997543334960938,1733,False,1.0
movi_c_v12_01,temporal_front,1,l1,1.8889013528823853,526,False,0.9981722831726074
movi_c_v12_01,temporal_front,1,l2,2.579498529434204,510,False,0.998127818107605
movi_c_v12_01,temporal_front,1,cosine,4.6146392822265625,531,False,0.9984015822410583
movi_c_v12_01,temporal_front,1,inner_product,7.535450458526611,710,False,0.9986326098442078
movi_c_v12_01,temporal_front,2,l1,4.263947010040283,1124,False,0.999039888381958
movi_c_v12_01,temporal_front,2,l2,5.660060882568359,1083,False,0.9988364577293396
movi_c_v12_01,temporal_front,2,cosine,8.897821426391602,1075,False,0.9988936185836792
movi_c_v12_01,temporal_front,2,inner_product,6.925209999084473,1065,False,0.99711012840271
movi_c_v12_01,temporal_front,3,l1,1.3252174854278564,624,False,0.9914326667785645
movi_c_v12_01,temporal_front,3,l2,1.8546154499053955,590,False,0.9924629926681519
movi_c_v12_01,temporal_front,3,cosine,2.9559738636016846,593,False,0.9927797317504883
movi_c_v12_01,temporal_front,3,inner_product,2.3787221908569336,597,False,0.9763351678848267
movi_c_v12_01,temporal_front,4,l1,14.65294361114502,1782,False,0.9902202486991882
movi_c_v12_01,temporal_front,4,l2,28.62091636657715,1791,False,0.99656742811203
movi_c_v12_01,temporal_front,4,cosine,43.56536865234375,1791,False,0.9954689145088196
movi_c_v12_01,temporal_front,4,inner_product,2.6691160202026367,773,False,0.8601131439208984
movi_c_v12_01,temporal_front,5,l1,0.8871110081672668,599,False,0.9677718877792358
movi_c_v12_01,temporal_front,5,l2,1.0327701568603516,532,False,0.9589753150939941
movi_c_v12_01,temporal_front,5,cosine,1.604634165763855,502,False,0.9622582197189331
movi_c_v12_01,temporal_front,5,inner_product,0.7465394735336304,309,False,0.8548994064331055
movi_c_v12_01,temporal_front,6,l1,2.2760348320007324,1031,False,0.9936538934707642
movi_c_v12_01,temporal_front,6,l2,3.440603017807007,1006,False,0.9954262971878052
movi_c_v12_01,temporal_front,6,cosine,4.987085342407227,990,False,0.9941354990005493
movi_c_v12_01,temporal_front,6,inner_product,3.079911708831787,726,False,0.9607793688774109
movi_c_v12_01,temporal_front,7,l1,1.7922730445861816,1025,False,0.9934468269348145
movi_c_v12_01,temporal_front,7,l2,3.654843330383301,1220,False,0.9946104288101196
movi_c_v12_01,temporal_front,7,cosine,6.52565860748291,1262,False,0.9949516654014587
movi_c_v12_01,temporal_front,7,inner_product,11.17065715789795,1370,False,0.9908930659294128
movi_c_v12_01,temporal_front,8,l1,0.4248366355895996,479,False,0.9721155762672424
movi_c_v12_01,temporal_front,8,l2,0.7747400999069214,560,False,0.9792687892913818
movi_c_v12_01,temporal_front,8,cosine,1.313953161239624,601,False,0.9760875105857849
movi_c_v12_01,temporal_front,8,inner_product,2.4019739627838135,928,False,0.9515780806541443
movi_c_v12_01,temporal_front,9,l1,1.740351676940918,1273,False,0.9834853410720825
movi_c_v12_01,temporal_front,9,l2,3.2852964401245117,1497,False,0.9863584041595459
movi_c_v12_01,temporal_front,9,cosine,6.3036956787109375,1592,False,0.9874200224876404
movi_c_v12_01,temporal_front,9,inner_product,15.388164520263672,1732,False,0.9862852096557617
movi_c_v12_01,temporal_front,10,l1,0.785657525062561,803,False,0.9152502417564392
movi_c_v12_01,temporal_front,10,l2,1.20833158493042,894,False,0.9372298121452332
movi_c_v12_01,temporal_front,10,cosine,2.5479514598846436,1058,False,0.963876485824585
movi_c_v12_01,temporal_front,10,inner_product,13.131938934326172,1489,False,0.9909704923629761
movi_c_v12_01,temporal_front,11,l1,0.8843945264816284,904,False,0.97368985414505
movi_c_v12_01,temporal_front,11,l2,1.3251051902770996,925,False,0.9800267219543457
movi_c_v12_01,temporal_front,11,cosine,2.8844268321990967,1048,False,0.9828044772148132
movi_c_v12_01,temporal_front,11,inner_product,11.976919174194336,1658,False,0.9836827516555786
movi_c_v12_01,temporal_front,12,l1,2.1713831424713135,1016,False,0.9999998807907104
movi_c_v12_01,temporal_front,12,l2,3.269838809967041,1145,False,1.0
movi_c_v12_01,temporal_front,12,cosine,6.913613319396973,1417,False,1.0
movi_c_v12_01,temporal_front,12,inner_product,27.596542358398438,1751,False,1.0000001192092896
movi_c_v12_01,temporal_middle,1,l1,0.7265793681144714,338,False,0.9967057108879089
movi_c_v12_01,temporal_middle,1,l2,1.0518946647644043,366,False,0.9973905086517334
movi_c_v12_01,temporal_middle,1,cosine,1.6390924453735352,364,False,0.9974033236503601
movi_c_v12_01,temporal_middle,1,inner_product,1.6782082319259644,368,False,0.9945105314254761
movi_c_v12_01,temporal_middle,2,l1,2.6323840618133545,885,False,0.9987701177597046
movi_c_v12_01,temporal_middle,2,l2,3.5943453311920166,911,False,0.9985865950584412
movi_c_v12_01,temporal_middle,2,cosine,5.541736602783203,904,False,0.9985631108283997
movi_c_v12_01,temporal_middle,2,inner_product,3.394960880279541,758,False,0.9939889907836914
movi_c_v12_01,temporal_middle,3,l1,1.3923240900039673,716,False,0.9971179366111755
movi_c_v12_01,temporal_middle,3,l2,2.001467227935791,729,False,0.9968414306640625
movi_c_v12_01,temporal_middle,3,cosine,3.1133670806884766,723,False,0.9968579411506653
movi_c_v12_01,temporal_middle,3,inner_product,3.2281384468078613,787,False,0.9813380837440491
movi_c_v12_01,temporal_middle,4,l1,5.490732192993164,1614,False,0.9930837154388428
movi_c_v12_01,temporal_middle,4,l2,8.604164123535156,1651,False,0.9935436844825745
movi_c_v12_01,temporal_middle,4,cosine,14.003731727600098,1660,False,0.9938751459121704
movi_c_v12_01,temporal_middle,4,inner_product,1.8756093978881836,712,False,0.8544589281082153
movi_c_v12_01,temporal_middle,5,l1,1.3864467144012451,1118,False,0.9881543517112732
movi_c_v12_01,temporal_middle,5,l2,1.850282907485962,1055,False,0.9876982569694519
movi_c_v12_01,temporal_middle,5,cosine,2.743744134902954,1032,False,0.985581636428833
movi_c_v12_01,temporal_middle,5,inner_product,1.180171251296997,572,False,0.9120768904685974
movi_c_v12_01,temporal_middle,6,l1,1.9796202182769775,1314,False,0.9941872358322144
movi_c_v12_01,temporal_middle,6,l2,3.16721773147583,1361,False,0.9961606860160828
movi_c_v12_01,temporal_middle,6,cosine,4.739530563354492,1344,False,0.9955548048019409
movi_c_v12_01,temporal_middle,6,inner_product,2.376565933227539,783,False,0.9408586621284485
movi_c_v12_01,temporal_middle,7,l1,1.3809596300125122,1232,False,0.9932152628898621
movi_c_v12_01,temporal_middle,7,l2,2.8239874839782715,1424,False,0.9923267364501953
movi_c_v12_01,temporal_middle,7,cosine,5.059103012084961,1488,False,0.9924817085266113
movi_c_v12_01,temporal_middle,7,inner_product,11.341073036193848,1523,False,0.988202691078186
movi_c_v12_01,temporal_middle,8,l1,0.7037191390991211,1028,False,0.9752945303916931
movi_c_v12_01,temporal_middle,8,l2,1.213593602180481,1093,False,0.9769600033760071
movi_c_v12_01,temporal_middle,8,cosine,2.016042470932007,1087,False,0.9779333472251892
movi_c_v12_01,temporal_middle,8,inner_product,3.660142421722412,1158,False,0.9687033295631409
movi_c_v12_01,temporal_middle,9,l1,1.0412884950637817,1170,False,0.975431501865387
movi_c_v12_01,temporal_middle,9,l2,2.2811920642852783,1414,False,0.9788311719894409
movi_c_v12_01,temporal_middle,9,cosine,4.155058860778809,1478,False,0.9803153872489929
movi_c_v12_01,temporal_middle,9,inner_product,13.18241024017334,1721,False,0.9832519888877869
movi_c_v12_01,temporal_middle,10,l1,0.7090471982955933,1067,False,0.9585692882537842
movi_c_v12_01,temporal_middle,10,l2,1.292769432067871,1281,False,0.9450886845588684
movi_c_v12_01,temporal_middle,10,cosine,2.428283214569092,1368,False,0.9512300491333008
movi_c_v12_01,temporal_middle,10,inner_product,11.62556266784668,1429,False,0.9855722188949585
movi_c_v12_01,temporal_middle,11,l1,1.0174353122711182,1319,False,0.9688982963562012
movi_c_v12_01,temporal_middle,11,l2,1.6442844867706299,1359,False,0.9735320210456848
movi_c_v12_01,temporal_middle,11,cosine,3.2169198989868164,1442,False,0.976839005947113
movi_c_v12_01,temporal_middle,11,inner_product,12.50459098815918,1721,False,0.9845269918441772
movi_c_v12_01,temporal_middle,12,l1,1.8870713710784912,1235,False,0.9999998807907104
movi_c_v12_01,temporal_middle,12,l2,2.760676860809326,1267,False,1.0000001192092896
movi_c_v12_01,temporal_middle,12,cosine,5.531291961669922,1362,False,1.0
movi_c_v12_01,temporal_middle,12,inner_product,26.627777099609375,1745,False,0.9999998807907104
movi_c_v12_02,spatial_block,1,l1,0.8207945823669434,987,False,0.9955095052719116
movi_c_v12_02,spatial_block,1,l2,1.5222396850585938,1128,False,0.9966844916343689
movi_c_v12_02,spatial_block,1,cosine,1.7912044525146484,1129,False,0.9968070387840271
movi_c_v12_02,spatial_block,1,inner_product,1.6862711906433105,835,False,0.9597979784011841
movi_c_v12_02,spatial_block,2,l1,1.1309210062026978,1269,False,0.9965944886207581
movi_c_v12_02,spatial_block,2,l2,1.3560160398483276,1265,False,0.9954213500022888
movi_c_v12_02,spatial_block,2,cosine,1.548040747642517,1231,False,0.9945703744888306
movi_c_v12_02,spatial_block,2,inner_product,1.0500166416168213,791,False,0.9063059091567993
movi_c_v12_02,spatial_block,3,l1,0.6904407739639282,939,False,0.9912320971488953
movi_c_v12_02,spatial_block,3,l2,0.9430115222930908,992,False,0.9838878512382507
movi_c_v12_02,spatial_block,3,cosine,1.0420732498168945,946,False,0.983416736125946
movi_c_v12_02,spatial_block,3,inner_product,1.4159599542617798,742,False,0.9194526076316833
movi_c_v12_02,spatial_block,4,l1,5.330418586730957,1761,False,0.991652250289917
movi_c_v12_02,spatial_block,4,l2,8.870502471923828,1785,False,0.9942454099655151
movi_c_v12_02,spatial_block,4,cosine,10.514925003051758,1779,False,0.993722140789032
movi_c_v12_02,spatial_block,4,inner_product,0.17268189787864685,163,False,0.6134907007217407
movi_c_v12_02,spatial_block,5,l1,0.499848872423172,934,False,0.955529510974884
movi_c_v12_02,spatial_block,5,l2,0.29485660791397095,458,False,0.9523688554763794
movi_c_v12_02,spatial_block,5,cosine,0.5467925071716309,661,False,0.9472575187683105
movi_c_v12_02,spatial_block,5,inner_product,5.110900402069092,1382,False,0.9672561883926392
movi_c_v12_02,spatial_block,6,l1,1.0402345657348633,1017,False,0.9828651547431946
movi_c_v12_02,spatial_block,6,l2,1.3711942434310913,870,False,0.9803987741470337
movi_c_v12_02,spatial_block,6,cosine,1.652966856956482,912,False,0.9769818782806396
movi_c_v12_02,spatial_block,6,inner_product,4.81674337387085,1046,False,0.9637990593910217
movi_c_v12_02,spatial_block,7,l1,0.9008285999298096,714,False,0.9943701028823853
movi_c_v12_02,spatial_block,7,l2,1.601977825164795,830,False,0.9929318428039551
movi_c_v12_02,spatial_block,7,cosine,2.096721887588501,818,False,0.9910140037536621
movi_c_v12_02,spatial_block,7,inner_product,8.148350715637207,1367,False,0.9783126711845398
movi_c_v12_02,spatial_block,8,l1,1.1696407794952393,1504,False,0.9881415963172913
movi_c_v12_02,spatial_block,8,l2,0.9666351675987244,1054,False,0.9835904836654663
movi_c_v12_02,spatial_block,8,cosine,1.545415997505188,1311,False,0.9781270623207092
movi_c_v12_02,spatial_block,8,inner_product,9.536771774291992,1512,False,0.9904137849807739
movi_c_v12_02,spatial_block,9,l1,0.6172635555267334,900,False,0.9667496085166931
movi_c_v12_02,spatial_block,9,l2,1.5947279930114746,1204,False,0.9790164828300476
movi_c_v12_02,spatial_block,9,cosine,2.659740924835205,1330,False,0.9803063869476318
movi_c_v12_02,spatial_block,9,inner_product,10.67180061340332,1603,False,0.9774656891822815
movi_c_v12_02,spatial_block,10,l1,0.7193175554275513,1183,False,0.9497562050819397
movi_c_v12_02,spatial_block,10,l2,0.7186150550842285,943,False,0.9401083588600159
movi_c_v12_02,spatial_block,10,cosine,1.8460118770599365,1371,False,0.9589346647262573
movi_c_v12_02,spatial_block,10,inner_product,20.93843650817871,1601,False,0.9951783418655396
movi_c_v12_02,spatial_block,11,l1,2.127917528152466,1524,False,0.9840189814567566
movi_c_v12_02,spatial_block,11,l2,3.5851492881774902,1699,False,0.9873496890068054
movi_c_v12_02,spatial_block,11,cosine,5.918737411499023,1738,False,0.9894900321960449
movi_c_v12_02,spatial_block,11,inner_product,17.575326919555664,1757,False,0.9914507865905762
movi_c_v12_02,spatial_block,12,l1,2.558793544769287,1416,False,0.9999999403953552
movi_c_v12_02,spatial_block,12,l2,3.456476926803589,1410,False,0.9999999403953552
movi_c_v12_02,spatial_block,12,cosine,5.895040512084961,1539,False,1.0
movi_c_v12_02,spatial_block,12,inner_product,24.576032638549805,1738,False,1.0000001192092896
movi_c_v12_02,spatial_scattered,1,l1,1.1701589822769165,889,False,0.9962735772132874
movi_c_v12_02,spatial_scattered,1,l2,1.540055513381958,878,False,0.9933319091796875
movi_c_v12_02,spatial_scattered,1,cosine,1.91775643825531,846,False,0.994389533996582
movi_c_v12_02,spatial_scattered,1,inner_product,1.90044367313385,792,False,0.9846300482749939
movi_c_v12_02,spatial_scattered,2,l1,0.8867019414901733,732,False,0.9967597126960754
movi_c_v12_02,spatial_scattered,2,l2,1.57221257686615,896,False,0.9966087341308594
movi_c_v12_02,spatial_scattered,2,cosine,2.1086583137512207,912,False,0.997474193572998
movi_c_v12_02,spatial_scattered,2,inner_product,0.775802731513977,530,False,0.9532687664031982
movi_c_v12_02,spatial_scattered,3,l1,1.5358431339263916,1049,False,0.9960377812385559
movi_c_v12_02,spatial_scattered,3,l2,2.9151177406311035,1117,False,0.9957393407821655
movi_c_v12_02,spatial_scattered,3,cosine,3.8334579467773438,1109,False,0.9952450394630432
movi_c_v12_02,spatial_scattered,3,inner_product,1.073448657989502,705,False,0.9073244333267212
movi_c_v12_02,spatial_scattered,4,l1,12.843279838562012,1785,False,0.9965460300445557
movi_c_v12_02,spatial_scattered,4,l2,20.015113830566406,1786,False,0.9931361675262451
movi_c_v12_02,spatial_scattered,4,cosine,24.575990676879883,1784,False,0.993493378162384
movi_c_v12_02,spatial_scattered,4,inner_product,4.8316426277160645,1042,False,0.9868011474609375
movi_c_v12_02,spatial_scattered,5,l1,1.7007834911346436,1298,False,0.9624172449111938
movi_c_v12_02,spatial_scattered,5,l2,2.1894240379333496,1141,False,0.9507243037223816
movi_c_v12_02,spatial_scattered,5,cosine,2.7506449222564697,1105,False,0.9394968748092651
movi_c_v12_02,spatial_scattered,5,inner_product,2.1056838035583496,1012,False,0.924085795879364
movi_c_v12_02,spatial_scattered,6,l1,2.6125006675720215,1078,False,0.996488630771637
movi_c_v12_02,spatial_scattered,6,l2,4.378032684326172,1131,False,0.9970593452453613
movi_c_v12_02,spatial_scattered,6,cosine,5.493327617645264,1105,False,0.9957112669944763
movi_c_v12_02,spatial_scattered,6,inner_product,3.3249154090881348,938,False,0.952639639377594
movi_c_v12_02,spatial_scattered,7,l1,1.695558786392212,801,False,0.9964089393615723
movi_c_v12_02,spatial_scattered,7,l2,3.150622606277466,845,False,0.9971502423286438
movi_c_v12_02,spatial_scattered,7,cosine,4.555057048797607,886,False,0.9969561696052551
movi_c_v12_02,spatial_scattered,7,inner_product,6.869852066040039,1451,False,0.966597318649292
movi_c_v12_02,spatial_scattered,8,l1,0.90114426612854,948,False,0.9900194406509399
movi_c_v12_02,spatial_scattered,8,l2,1.681386947631836,1004,False,0.9939979314804077
movi_c_v12_02,spatial_scattered,8,cosine,2.8327431678771973,1156,False,0.9937270879745483
movi_c_v12_02,spatial_scattered,8,inner_product,6.468515396118164,1428,False,0.9872404336929321
movi_c_v12_02,spatial_scattered,9,l1,1.2598421573638916,1315,False,0.9750791788101196
movi_c_v12_02,spatial_scattered,9,l2,3.147003173828125,1386,False,0.9907655119895935
movi_c_v12_02,spatial_scattered,9,cosine,5.731578350067139,1560,False,0.9906752109527588
movi_c_v12_02,spatial_scattered,9,inner_product,12.037866592407227,1710,False,0.9795446395874023
movi_c_v12_02,spatial_scattered,10,l1,1.6628767251968384,1136,False,0.9853285551071167
movi_c_v12_02,spatial_scattered,10,l2,3.2023463249206543,1267,False,0.9897804260253906
movi_c_v12_02,spatial_scattered,10,cosine,6.613064765930176,1505,False,0.9932844638824463
movi_c_v12_02,spatial_scattered,10,inner_product,21.830881118774414,1657,False,0.9953362941741943
movi_c_v12_02,spatial_scattered,11,l1,1.6575355529785156,1132,False,0.9935620427131653
movi_c_v12_02,spatial_scattered,11,l2,3.377220392227173,1539,False,0.9929476380348206
movi_c_v12_02,spatial_scattered,11,cosine,7.305208683013916,1733,False,0.9946027994155884
movi_c_v12_02,spatial_scattered,11,inner_product,17.686006546020508,1771,False,0.9919916391372681
movi_c_v12_02,spatial_scattered,12,l1,1.9967925548553467,1162,False,1.0
movi_c_v12_02,spatial_scattered,12,l2,2.569117307662964,1123,False,1.0
movi_c_v12_02,spatial_scattered,12,cosine,6.5055952072143555,1442,False,0.9999998807907104
movi_c_v12_02,spatial_scattered,12,inner_product,25.304933547973633,1727,False,1.0
movi_c_v12_02,temporal_back,1,l1,0.6811462044715881,408,False,0.9980508685112
movi_c_v12_02,temporal_back,1,l2,1.0320401191711426,486,False,0.9979817867279053
movi_c_v12_02,temporal_back,1,cosine,1.2220957279205322,435,False,0.99737548828125
movi_c_v12_02,temporal_back,1,inner_product,1.2779479026794434,422,False,0.9867627620697021
movi_c_v12_02,temporal_back,2,l1,0.45470139384269714,477,False,0.9925147891044617
movi_c_v12_02,temporal_back,2,l2,0.8328576683998108,649,False,0.9849825501441956
movi_c_v12_02,temporal_back,2,cosine,1.2288310527801514,643,False,0.9845153093338013
movi_c_v12_02,temporal_back,2,inner_product,1.158513069152832,565,False,0.9762280583381653
movi_c_v12_02,temporal_back,3,l1,2.154604434967041,1013,False,0.9987139105796814
movi_c_v12_02,temporal_back,3,l2,2.9439759254455566,1015,False,0.9978063702583313
movi_c_v12_02,temporal_back,3,cosine,3.9752039909362793,997,False,0.9973123669624329
movi_c_v12_02,temporal_back,3,inner_product,3.872401714324951,1017,False,0.9827339053153992
movi_c_v12_02,temporal_back,4,l1,4.132475852966309,1667,False,0.9286494851112366
movi_c_v12_02,temporal_back,4,l2,10.974201202392578,1774,False,0.9625531435012817
movi_c_v12_02,temporal_back,4,cosine,16.70137596130371,1777,False,0.9649626016616821
movi_c_v12_02,temporal_back,4,inner_product,0.8193890452384949,472,False,0.8869507908821106
movi_c_v12_02,temporal_back,5,l1,1.1159014701843262,1170,False,0.9357614517211914
movi_c_v12_02,temporal_back,5,l2,1.721224069595337,1210,False,0.9434150457382202
movi_c_v12_02,temporal_back,5,cosine,2.616563558578491,1209,False,0.9415342211723328
movi_c_v12_02,temporal_back,5,inner_product,2.6686558723449707,946,False,0.93619704246521
movi_c_v12_02,temporal_back,6,l1,2.342562437057495,1245,False,0.996323823928833
movi_c_v12_02,temporal_back,6,l2,3.9095730781555176,1272,False,0.9960204362869263
movi_c_v12_02,temporal_back,6,cosine,5.901148796081543,1274,False,0.9958884716033936
movi_c_v12_02,temporal_back,6,inner_product,3.6012043952941895,1021,False,0.9625794291496277
movi_c_v12_02,temporal_back,7,l1,1.5570110082626343,960,False,0.9922120571136475
movi_c_v12_02,temporal_back,7,l2,3.2891249656677246,1047,False,0.9926249384880066
movi_c_v12_02,temporal_back,7,cosine,5.21113395690918,1073,False,0.9920218586921692
movi_c_v12_02,temporal_back,7,inner_product,8.623395919799805,1389,False,0.9727737307548523
movi_c_v12_02,temporal_back,8,l1,2.1236748695373535,1547,False,0.9901801943778992
movi_c_v12_02,temporal_back,8,l2,3.9628703594207764,1544,False,0.992097795009613
movi_c_v12_02,temporal_back,8,cosine,6.277619361877441,1550,False,0.9927021861076355
movi_c_v12_02,temporal_back,8,inner_product,8.442434310913086,1483,False,0.9884606599807739
movi_c_v12_02,temporal_back,9,l1,1.836228847503662,1205,False,0.9891492128372192
movi_c_v12_02,temporal_back,9,l2,4.804469585418701,1295,False,0.9945427179336548
movi_c_v12_02,temporal_back,9,cosine,7.662834167480469,1320,False,0.9944277405738831
movi_c_v12_02,temporal_back,9,inner_product,11.943340301513672,1609,False,0.9804412722587585
movi_c_v12_02,temporal_back,10,l1,3.166691780090332,1694,False,0.9924124479293823
movi_c_v12_02,temporal_back,10,l2,5.898351669311523,1715,False,0.9933065176010132
movi_c_v12_02,temporal_back,10,cosine,9.7908296585083,1729,False,0.9942201972007751
movi_c_v12_02,temporal_back,10,inner_product,22.33761978149414,1650,False,0.995120644569397
movi_c_v12_02,temporal_back,11,l1,3.2846012115478516,1713,False,0.9892525672912598
movi_c_v12_02,temporal_back,11,l2,5.611084461212158,1702,False,0.9892849922180176
movi_c_v12_02,temporal_back,11,cosine,9.402496337890625,1724,False,0.9899767637252808
movi_c_v12_02,temporal_back,11,inner_product,20.291622161865234,1780,False,0.9924454689025879
movi_c_v12_02,temporal_back,12,l1,2.7166099548339844,1411,False,1.0
movi_c_v12_02,temporal_back,12,l2,4.173165321350098,1373,False,0.9999998807907104
movi_c_v12_02,temporal_back,12,cosine,7.367630958557129,1452,False,1.0
movi_c_v12_02,temporal_back,12,inner_product,27.475223541259766,1683,False,1.0
movi_c_v12_02,temporal_front,1,l1,1.220947504043579,610,False,0.9958328604698181
movi_c_v12_02,temporal_front,1,l2,1.4309306144714355,557,False,0.9943722486495972
movi_c_v12_02,temporal_front,1,cosine,2.398223400115967,592,False,0.9958965182304382
movi_c_v12_02,temporal_front,1,inner_product,4.172102928161621,787,False,0.9964904189109802
movi_c_v12_02,temporal_front,2,l1,3.738478183746338,1623,False,0.9981495141983032
movi_c_v12_02,temporal_front,2,l2,4.555869102478027,1570,False,0.9973030686378479
movi_c_v12_02,temporal_front,2,cosine,6.6004462242126465,1571,False,0.9973776936531067
movi_c_v12_02,temporal_front,2,inner_product,4.702547073364258,1436,False,0.9898409843444824
movi_c_v12_02,temporal_front,3,l1,2.0528671741485596,912,False,0.9954065084457397
movi_c_v12_02,temporal_front,3,l2,2.5077109336853027,871,False,0.9956619739532471
movi_c_v12_02,temporal_front,3,cosine,3.9648804664611816,898,False,0.9966630935668945
movi_c_v12_02,temporal_front,3,inner_product,3.851940155029297,936,False,0.9864038228988647
movi_c_v12_02,temporal_front,4,l1,0.026998216286301613,43,False,0.9359471201896667
movi_c_v12_02,temporal_front,4,l2,0.2396179735660553,178,False,0.9593853950500488
movi_c_v12_02,temporal_front,4,cosine,0.2017839401960373,115,False,0.9575172066688538
movi_c_v12_02,temporal_front,4,inner_product,0.0040124994702637196,3,False,0.9654145240783691
movi_c_v12_02,temporal_front,5,l1,1.3668842315673828,861,False,0.9893983006477356
movi_c_v12_02,temporal_front,5,l2,1.6689773797988892,794,False,0.9905887842178345
movi_c_v12_02,temporal_front,5,cosine,2.7564454078674316,829,False,0.9874104261398315
movi_c_v12_02,temporal_front,5,inner_product,2.599119186401367,779,False,0.9417812824249268
movi_c_v12_02,temporal_front,6,l1,4.132473945617676,1315,False,0.9956928491592407
movi_c_v12_02,temporal_front,6,l2,6.684088230133057,1365,False,0.9979206919670105
movi_c_v12_02,temporal_front,6,cosine,9.00545883178711,1361,False,0.9979769587516785
movi_c_v12_02,temporal_front,6,inner_product,3.714682102203369,917,False,0.9698669910430908
movi_c_v12_02,temporal_front,7,l1,1.8548705577850342,841,False,0.9965874552726746
movi_c_v12_02,temporal_front,7,l2,2.853109359741211,902,False,0.9969994425773621
movi_c_v12_02,temporal_front,7,cosine,4.68167781829834,966,False,0.9964579343795776
movi_c_v12_02,temporal_front,7,inner_product,7.2300705909729,1263,False,0.9827762842178345
movi_c_v12_02,temporal_front,8,l1,0.6588436961174011,623,False,0.9836852550506592
movi_c_v12_02,temporal_front,8,l2,1.2633541822433472,767,False,0.9873717427253723
movi_c_v12_02,temporal_front,8,cosine,2.220740795135498,847,False,0.9872094988822937
movi_c_v12_02,temporal_front,8,inner_product,4.555980205535889,1256,False,0.9785086512565613
movi_c_v12_02,temporal_front,9,l1,2.1254403591156006,1266,False,0.9889193773269653
movi_c_v12_02,temporal_front,9,l2,3.825958490371704,1390,False,0.9921000599861145
movi_c_v12_02,temporal_front,9,cosine,7.2274250984191895,1540,False,0.9916000366210938
movi_c_v12_02,temporal_front,9,inner_product,13.781188011169434,1737,False,0.9825137853622437
movi_c_v12_02,temporal_front,10,l1,1.0915582180023193,1011,False,0.9616970419883728
movi_c_v12_02,temporal_front,10,l2,1.8938994407653809,1195,False,0.9674980044364929
movi_c_v12_02,temporal_front,10,cosine,4.476625442504883,1442,False,0.9803915023803711
movi_c_v12_02,temporal_front,10,inner_product,16.90865707397461,1581,False,0.9923301339149475
movi_c_v12_02,temporal_front,11,l1,1.5115139484405518,1140,False,0.9823485016822815
movi_c_v12_02,temporal_front,11,l2,2.711258888244629,1357,False,0.9852667450904846
movi_c_v12_02,temporal_front,11,cosine,6.122398853302002,1556,False,0.9861299991607666
movi_c_v12_02,temporal_front,11,inner_product,18.770097732543945,1768,False,0.9903342127799988
movi_c_v12_02,temporal_front,12,l1,2.3854823112487793,1140,False,1.0
movi_c_v12_02,temporal_front,12,l2,3.3809926509857178,1297,False,1.0
movi_c_v12_02,temporal_front,12,cosine,8.286321640014648,1562,False,1.0
movi_c_v12_02,temporal_front,12,inner_product,29.248210906982422,1727,False,1.0
movi_c_v12_02,temporal_middle,1,l1,1.6692062616348267,550,False,0.9971670508384705
movi_c_v12_02,temporal_middle,1,l2,2.5198569297790527,625,False,0.9979838728904724
movi_c_v12_02,temporal_middle,1,cosine,3.746471881866455,611,False,0.9977660179138184
movi_c_v12_02,temporal_middle,1,inner_product,0.9633970856666565,213,False,0.9927489161491394
movi_c_v12_02,temporal_middle,2,l1,4.1153483390808105,1049,False,0.9991114735603333
movi_c_v12_02,temporal_middle,2,l2,5.262783050537109,1111,False,0.9986968040466309
movi_c_v12_02,temporal_middle,2,cosine,8.081918716430664,1095,False,0.9987697005271912
movi_c_v12_02,temporal_middle,2,inner_product,6.946559429168701,864,False,0.9976272583007812
movi_c_v12_02,temporal_middle,3,l1,1.1429486274719238,701,False,0.994924783706665
movi_c_v12_02,temporal_middle,3,l2,1.4979231357574463,726,False,0.992808997631073
movi_c_v12_02,temporal_middle,3,cosine,2.5259876251220703,740,False,0.9937925934791565
movi_c_v12_02,temporal_middle,3,inner_product,4.101325988769531,743,False,0.9890685677528381
movi_c_v12_02,temporal_middle,4,l1,1.56778883934021,958,False,0.9766629934310913
movi_c_v12_02,temporal_middle,4,l2,2.6734344959259033,1047,False,0.9552743434906006
movi_c_v12_02,temporal_middle,4,cosine,4.834040641784668,1179,False,0.9619399309158325
movi_c_v12_02,temporal_middle,4,inner_product,8.229236602783203,1492,False,0.9580689668655396
movi_c_v12_02,temporal_middle,5,l1,1.1552538871765137,903,False,0.9846628904342651
movi_c_v12_02,temporal_middle,5,l2,1.6694066524505615,868,False,0.9878801107406616
movi_c_v12_02,temporal_middle,5,cosine,2.6146414279937744,866,False,0.9864011406898499
movi_c_v12_02,temporal_middle,5,inner_product,2.114579677581787,692,False,0.9483695030212402
movi_c_v12_02,temporal_middle,6,l1,2.1705360412597656,997,False,0.9960831999778748
movi_c_v12_02,temporal_middle,6,l2,3.5640358924865723,1054,False,0.9974200129508972
movi_c_v12_02,temporal_middle,6,cosine,5.045745849609375,1026,False,0.9965119957923889
movi_c_v12_02,temporal_middle,6,inner_product,2.0261738300323486,675,False,0.9338785409927368
movi_c_v12_02,temporal_middle,7,l1,1.121211290359497,905,False,0.9906975626945496
movi_c_v12_02,temporal_middle,7,l2,2.3785743713378906,1156,False,0.9913623332977295
movi_c_v12_02,temporal_middle,7,cosine,4.206723213195801,1218,False,0.9913886189460754
movi_c_v12_02,temporal_middle,7,inner_product,8.43391227722168,1306,False,0.9836683869361877
movi_c_v12_02,temporal_middle,8,l1,0.5624496936798096,695,False,0.9773419499397278
movi_c_v12_02,temporal_middle,8,l2,1.2094089984893799,867,False,0.9832783937454224
movi_c_v12_02,temporal_middle,8,cosine,2.110783576965332,933,False,0.9841349124908447
movi_c_v12_02,temporal_middle,8,inner_product,4.468810081481934,1259,False,0.9784424901008606
movi_c_v12_02,temporal_middle,9,l1,1.8631898164749146,1419,False,0.9831773638725281
movi_c_v12_02,temporal_middle,9,l2,3.4663822650909424,1542,False,0.9893699288368225
movi_c_v12_02,temporal_middle,9,cosine,6.2738800048828125,1614,False,0.990272045135498
movi_c_v12_02,temporal_middle,9,inner_product,12.226946830749512,1701,False,0.9817774295806885
movi_c_v12_02,temporal_middle,10,l1,0.5808911323547363,705,False,0.9743208289146423
movi_c_v12_02,temporal_middle,10,l2,1.5078940391540527,1074,False,0.9817416667938232
movi_c_v12_02,temporal_middle,10,cosine,3.1421639919281006,1209,False,0.9830915927886963
movi_c_v12_02,temporal_middle,10,inner_product,14.52365493774414,1509,False,0.9888632297515869
movi_c_v12_02,temporal_middle,11,l1,1.9912068843841553,1569,False,0.9712654948234558
movi_c_v12_02,temporal_middle,11,l2,3.3814778327941895,1639,False,0.9814220070838928
movi_c_v12_02,temporal_middle,11,cosine,6.488765239715576,1707,False,0.9831531047821045
movi_c_v12_02,temporal_middle,11,inner_product,18.63319969177246,1767,False,0.9925339221954346
movi_c_v12_02,temporal_middle,12,l1,4.803558349609375,1702,False,0.9999998807907104
movi_c_v12_02,temporal_middle,12,l2,5.257452011108398,1636,False,0.9999999403953552
movi_c_v12_02,temporal_middle,12,cosine,10.139663696289062,1686,False,1.0
movi_c_v12_02,temporal_middle,12,inner_product,29.969345092773438,1720,False,1.0
movi_c_v12_03,spatial_block,1,l1,1.0810376405715942,912,False,0.9949279427528381
movi_c_v12_03,spatial_block,1,l2,1.4245779514312744,1133,False,0.9947287440299988
movi_c_v12_03,spatial_block,1,cosine,1.4061698913574219,986,False,0.9945586919784546
movi_c_v12_03,spatial_block,1,inner_product,1.9363313913345337,948,False,0.9656321406364441
movi_c_v12_03,spatial_block,2,l1,1.188442349433899,1055,False,0.9927347302436829
movi_c_v12_03,spatial_block,2,l2,1.2661044597625732,1062,False,0.9899612069129944
movi_c_v12_03,spatial_block,2,cosine,1.1942145824432373,972,False,0.989139199256897
movi_c_v12_03,spatial_block,2,inner_product,2.199910879135132,926,False,0.9710012078285217
movi_c_v12_03,spatial_block,3,l1,0.6225841045379639,818,False,0.9804085493087769
movi_c_v12_03,spatial_block,3,l2,1.2836017608642578,1058,False,0.9828075766563416
movi_c_v12_03,spatial_block,3,cosine,1.2266966104507446,958,False,0.9770727753639221
movi_c_v12_03,spatial_block,3,inner_product,0.6455211043357849,519,False,0.8743894100189209
movi_c_v12_03,spatial_block,4,l1,3.05621600151062,1630,False,0.9889922738075256
movi_c_v12_03,spatial_block,4,l2,5.701831817626953,1763,False,0.9924394488334656
movi_c_v12_03,spatial_block,4,cosine,6.245994567871094,1757,False,0.9908105731010437
movi_c_v12_03,spatial_block,4,inner_product,0.816196084022522,407,False,0.867983877658844
movi_c_v12_03,spatial_block,5,l1,0.7231918573379517,923,False,0.9713044166564941
movi_c_v12_03,spatial_block,5,l2,0.6129204034805298,685,False,0.9696822166442871
movi_c_v12_03,spatial_block,5,cosine,1.131831407546997,849,False,0.9771667122840881
movi_c_v12_03,spatial_block,5,inner_product,4.596436500549316,1368,False,0.9564063549041748
movi_c_v12_03,spatial_block,6,l1,1.036763072013855,971,False,0.9865645170211792
movi_c_v12_03,spatial_block,6,l2,1.3700432777404785,836,False,0.987159013748169
movi_c_v12_03,spatial_block,6,cosine,1.6137275695800781,867,False,0.9804816842079163
movi_c_v12_03,spatial_block,6,inner_product,3.0868589878082275,928,False,0.9234681725502014
movi_c_v12_03,spatial_block,7,l1,0.7038512229919434,682,False,0.9837484955787659
movi_c_v12_03,spatial_block,7,l2,1.259966492652893,681,False,0.9922360777854919
movi_c_v12_03,spatial_block,7,cosine,1.65273916721344,734,False,0.9880211353302002
movi_c_v12_03,spatial_block,7,inner_product,8.706480979919434,1394,False,0.9779109358787537
movi_c_v12_03,spatial_block,8,l1,0.5649030804634094,983,False,0.9717733860015869
movi_c_v12_03,spatial_block,8,l2,0.6393100023269653,802,False,0.977825939655304
movi_c_v12_03,spatial_block,8,cosine,1.0966763496398926,1049,False,0.9757985472679138
movi_c_v12_03,spatial_block,8,inner_product,8.37016773223877,1415,False,0.9849804043769836
movi_c_v12_03,spatial_block,9,l1,1.6099317073822021,1454,False,0.9819563627243042
movi_c_v12_03,spatial_block,9,l2,2.478626012802124,1541,False,0.9828947186470032
movi_c_v12_03,spatial_block,9,cosine,3.9219484329223633,1589,False,0.9849837422370911
movi_c_v12_03,spatial_block,9,inner_product,11.295994758605957,1584,False,0.9766543507575989
movi_c_v12_03,spatial_block,10,l1,0.4959099590778351,759,False,0.9499937891960144
movi_c_v12_03,spatial_block,10,l2,0.46879106760025024,566,False,0.9559234976768494
movi_c_v12_03,spatial_block,10,cosine,1.3903217315673828,986,False,0.9637405276298523
movi_c_v12_03,spatial_block,10,inner_product,22.211444854736328,1655,False,0.9931429028511047
movi_c_v12_03,spatial_block,11,l1,2.7734203338623047,1641,False,0.9870267510414124
movi_c_v12_03,spatial_block,11,l2,3.7606983184814453,1676,False,0.9881104230880737
movi_c_v12_03,spatial_block,11,cosine,5.930398941040039,1717,False,0.989972710609436
movi_c_v12_03,spatial_block,11,inner_product,15.79489517211914,1755,False,0.9900205731391907
movi_c_v12_03,spatial_block,12,l1,3.006503105163574,1416,False,1.0
movi_c_v12_03,spatial_block,12,l2,3.583613872528076,1401,False,1.0
movi_c_v12_03,spatial_block,12,cosine,6.257349967956543,1558,False,0.9999998807907104
movi_c_v12_03,spatial_block,12,inner_product,24.43715476989746,1734,False,1.0
movi_c_v12_03,spatial_scattered,1,l1,1.5048542022705078,702,False,0.9945096969604492
movi_c_v12_03,spatial_scattered,1,l2,1.8720903396606445,690,False,0.996838390827179
movi_c_v12_03,spatial_scattered,1,cosine,2.371316909790039,689,False,0.997299313545227
movi_c_v12_03,spatial_scattered,1,inner_product,2.353118419647217,719,False,0.9889870882034302
movi_c_v12_03,spatial_scattered,2,l1,1.225511074066162,835,False,0.9956151843070984
movi_c_v12_03,spatial_scattered,2,l2,1.8188823461532593,959,False,0.9951430559158325
movi_c_v12_03,spatial_scattered,2,cosine,2.1421585083007812,870,False,0.9960094690322876
movi_c_v12_03,spatial_scattered,2,inner_product,1.0985369682312012,564,False,0.9700973629951477
movi_c_v12_03,spatial_scattered,3,l1,0.7867822647094727,840,False,0.9819715619087219
movi_c_v12_03,spatial_scattered,3,l2,1.801141381263733,1031,False,0.9844914078712463
movi_c_v12_03,spatial_scattered,3,cosine,2.072293996810913,961,False,0.9824773669242859
movi_c_v12_03,spatial_scattered,3,inner_product,0.6419814825057983,482,False,0.8962101936340332
movi_c_v12_03,spatial_scattered,4,l1,10.174259185791016,1778,False,0.9950938820838928
movi_c_v12_03,spatial_scattered,4,l2,17.838424682617188,1786,False,0.9936463832855225
movi_c_v12_03,spatial_scattered,4,cosine,21.92481803894043,1785,False,0.994667112827301
movi_c_v12_03,spatial_scattered,4,inner_product,3.6627302169799805,1032,False,0.9652802348136902
movi_c_v12_03,spatial_scattered,5,l1,2.1304399967193604,1285,False,0.978516697883606
movi_c_v12_03,spatial_scattered,5,l2,2.462790012359619,1195,False,0.965427041053772
movi_c_v12_03,spatial_scattered,5,cosine,3.075493335723877,1146,False,0.9562696218490601
movi_c_v12_03,spatial_scattered,5,inner_product,3.0464556217193604,1063,False,0.9406437277793884
movi_c_v12_03,spatial_scattered,6,l1,1.4228579998016357,724,False,0.9962072372436523
movi_c_v12_03,spatial_scattered,6,l2,2.6590189933776855,809,False,0.9956769347190857
movi_c_v12_03,spatial_scattered,6,cosine,3.2480485439300537,775,False,0.9955928325653076
movi_c_v12_03,spatial_scattered,6,inner_product,2.2410175800323486,593,False,0.9611050486564636
movi_c_v12_03,spatial_scattered,7,l1,1.5511325597763062,784,False,0.9971671104431152
movi_c_v12_03,spatial_scattered,7,l2,2.8736186027526855,806,False,0.9975993037223816
movi_c_v12_03,spatial_scattered,7,cosine,4.044591903686523,863,False,0.9965437054634094
movi_c_v12_03,spatial_scattered,7,inner_product,6.985053539276123,1407,False,0.9711698889732361
movi_c_v12_03,spatial_scattered,8,l1,0.9227937459945679,825,False,0.9930738210678101
movi_c_v12_03,spatial_scattered,8,l2,1.489842414855957,917,False,0.9932369589805603
movi_c_v12_03,spatial_scattered,8,cosine,2.446742534637451,1018,False,0.9926412105560303
movi_c_v12_03,spatial_scattered,8,inner_product,5.445913791656494,1272,False,0.9810117483139038
movi_c_v12_03,spatial_scattered,9,l1,1.1596468687057495,1129,False,0.9770055413246155
movi_c_v12_03,spatial_scattered,9,l2,3.4256205558776855,1394,False,0.9895731210708618
movi_c_v12_03,spatial_scattered,9,cosine,5.850592613220215,1542,False,0.9881740212440491
movi_c_v12_03,spatial_scattered,9,inner_product,10.34548568725586,1638,False,0.9707034826278687
movi_c_v12_03,spatial_scattered,10,l1,1.3183393478393555,992,False,0.9830713272094727
movi_c_v12_03,spatial_scattered,10,l2,2.2127089500427246,1152,False,0.9811510443687439
movi_c_v12_03,spatial_scattered,10,cosine,5.585287570953369,1496,False,0.9894058108329773
movi_c_v12_03,spatial_scattered,10,inner_product,23.565181732177734,1695,False,0.9939758777618408
movi_c_v12_03,spatial_scattered,11,l1,0.8657580614089966,926,False,0.981911301612854
movi_c_v12_03,spatial_scattered,11,l2,2.153218984603882,1361,False,0.9856071472167969
movi_c_v12_03,spatial_scattered,11,cosine,5.1896867752075195,1668,False,0.9878783822059631
movi_c_v12_03,spatial_scattered,11,inner_product,15.208038330078125,1777,False,0.9897017478942871
movi_c_v12_03,spatial_scattered,12,l1,2.2190921306610107,1246,False,1.0
movi_c_v12_03,spatial_scattered,12,l2,3.1616311073303223,1232,False,1.0000001192092896
movi_c_v12_03,spatial_scattered,12,cosine,8.20760726928711,1559,False,1.0
movi_c_v12_03,spatial_scattered,12,inner_product,26.646690368652344,1749,False,1.0
movi_c_v12_03,temporal_back,1,l1,3.3494389057159424,1094,False,0.9988141059875488
movi_c_v12_03,temporal_back,1,l2,5.452790260314941,1214,False,0.9985638856887817
movi_c_v12_03,temporal_back,1,cosine,7.655961513519287,1227,False,0.9984402656555176
movi_c_v12_03,temporal_back,1,inner_product,4.640265464782715,1105,False,0.9901779890060425
movi_c_v12_03,temporal_back,2,l1,2.013044834136963,1364,False,0.9948123693466187
movi_c_v12_03,temporal_back,2,l2,3.1384050846099854,1393,False,0.9948609471321106
movi_c_v12_03,temporal_back,2,cosine,4.477813243865967,1360,False,0.9948984384536743
movi_c_v12_03,temporal_back,2,inner_product,2.6926279067993164,994,False,0.9831080436706543
movi_c_v12_03,temporal_back,3,l1,2.1198368072509766,1253,False,0.9957129955291748
movi_c_v12_03,temporal_back,3,l2,3.208909273147583,1296,False,0.9935341477394104
movi_c_v12_03,temporal_back,3,cosine,4.457262992858887,1283,False,0.9927826523780823
movi_c_v12_03,temporal_back,3,inner_product,4.898848533630371,1202,False,0.9867411255836487
movi_c_v12_03,temporal_back,4,l1,0.5165494680404663,471,False,0.9112374782562256
movi_c_v12_03,temporal_back,4,l2,3.507715940475464,1373,False,0.8416240215301514
movi_c_v12_03,temporal_back,4,cosine,5.566227912902832,1426,False,0.84657222032547
movi_c_v12_03,temporal_back,4,inner_product,0.01759885810315609,13,False,0.8858996629714966
movi_c_v12_03,temporal_back,5,l1,2.418867349624634,1343,False,0.9815693497657776
movi_c_v12_03,temporal_back,5,l2,3.4362592697143555,1306,False,0.9791986346244812
movi_c_v12_03,temporal_back,5,cosine,5.056832313537598,1297,False,0.9771374464035034
movi_c_v12_03,temporal_back,5,inner_product,4.785642623901367,1171,False,0.9580624103546143
movi_c_v12_03,temporal_back,6,l1,2.1858651638031006,976,False,0.9969462156295776
movi_c_v12_03,temporal_back,6,l2,3.6060614585876465,1050,False,0.9965697526931763
movi_c_v12_03,temporal_back,6,cosine,5.4124956130981445,1061,False,0.996553897857666
movi_c_v12_03,temporal_back,6,inner_product,3.6461727619171143,819,False,0.9701478481292725
movi_c_v12_03,temporal_back,7,l1,1.4699997901916504,880,False,0.9939602613449097
movi_c_v12_03,temporal_back,7,l2,3.2514901161193848,965,False,0.9925186038017273
movi_c_v12_03,temporal_back,7,cosine,5.143609046936035,986,False,0.9926483035087585
movi_c_v12_03,temporal_back,7,inner_product,7.045361518859863,1312,False,0.9648301005363464
movi_c_v12_03,temporal_back,8,l1,2.6160898208618164,1462,False,0.9933483004570007
movi_c_v12_03,temporal_back,8,l2,4.466906547546387,1507,False,0.9912309646606445
movi_c_v12_03,temporal_back,8,cosine,6.901378631591797,1513,False,0.9913854002952576
movi_c_v12_03,temporal_back,8,inner_product,7.251856803894043,1354,False,0.982275664806366
movi_c_v12_03,temporal_back,9,l1,2.028563976287842,1108,False,0.9947506189346313
movi_c_v12_03,temporal_back,9,l2,5.706711769104004,1339,False,0.9951417446136475
movi_c_v12_03,temporal_back,9,cosine,9.020101547241211,1370,False,0.9947699308395386
movi_c_v12_03,temporal_back,9,inner_product,12.271737098693848,1571,False,0.9773467779159546
movi_c_v12_03,temporal_back,10,l1,3.2478244304656982,1622,False,0.9846587181091309
movi_c_v12_03,temporal_back,10,l2,6.040647506713867,1699,False,0.9865427017211914
movi_c_v12_03,temporal_back,10,cosine,10.03708553314209,1713,False,0.9894489049911499
movi_c_v12_03,temporal_back,10,inner_product,23.342992782592773,1691,False,0.9935718774795532
movi_c_v12_03,temporal_back,11,l1,1.6608855724334717,1305,False,0.9809499382972717
movi_c_v12_03,temporal_back,11,l2,4.533647537231445,1574,False,0.9875532388687134
movi_c_v12_03,temporal_back,11,cosine,7.730657577514648,1616,False,0.9885735511779785
movi_c_v12_03,temporal_back,11,inner_product,17.328222274780273,1764,False,0.992141604423523
movi_c_v12_03,temporal_back,12,l1,2.000767469406128,1127,False,1.0
movi_c_v12_03,temporal_back,12,l2,3.1764488220214844,1170,False,1.0
movi_c_v12_03,temporal_back,12,cosine,6.112452030181885,1323,False,1.0000001192092896
movi_c_v12_03,temporal_back,12,inner_product,28.438339233398438,1716,False,1.0
movi_c_v12_03,temporal_front,1,l1,1.1717709302902222,459,False,0.995103120803833
movi_c_v12_03,temporal_front,1,l2,1.780935287475586,464,False,0.9955313205718994
movi_c_v12_03,temporal_front,1,cosine,3.286970615386963,479,False,0.996056079864502
movi_c_v12_03,temporal_front,1,inner_product,4.156591415405273,560,False,0.9966957569122314
movi_c_v12_03,temporal_front,2,l1,4.5057477951049805,1083,False,0.9991732239723206
movi_c_v12_03,temporal_front,2,l2,6.376837730407715,1054,False,0.999069333076477
movi_c_v12_03,temporal_front,2,cosine,9.531947135925293,1021,False,0.999049723148346
movi_c_v12_03,temporal_front,2,inner_product,5.131835460662842,907,False,0.9953663945198059
movi_c_v12_03,temporal_front,3,l1,2.1397600173950195,720,False,0.9951648116111755
movi_c_v12_03,temporal_front,3,l2,2.8479769229888916,667,False,0.9943917989730835
movi_c_v12_03,temporal_front,3,cosine,4.433088302612305,661,False,0.9947049021720886
movi_c_v12_03,temporal_front,3,inner_product,2.9820075035095215,701,False,0.9856120944023132
movi_c_v12_03,temporal_front,4,l1,6.141716003417969,1463,False,0.9579959511756897
movi_c_v12_03,temporal_front,4,l2,13.533574104309082,1678,False,0.9818180799484253
movi_c_v12_03,temporal_front,4,cosine,18.750354766845703,1645,False,0.9720857739448547
movi_c_v12_03,temporal_front,4,inner_product,0.40482407808303833,172,False,0.8987936973571777
movi_c_v12_03,temporal_front,5,l1,1.5344257354736328,755,False,0.9895968437194824
movi_c_v12_03,temporal_front,5,l2,1.8473941087722778,718,False,0.9889170527458191
movi_c_v12_03,temporal_front,5,cosine,2.8692965507507324,688,False,0.9856489896774292
movi_c_v12_03,temporal_front,5,inner_product,2.121854543685913,587,False,0.928156852722168
movi_c_v12_03,temporal_front,6,l1,2.3902394771575928,1057,False,0.9914010167121887
movi_c_v12_03,temporal_front,6,l2,3.7062435150146484,1071,False,0.9935863018035889
movi_c_v12_03,temporal_front,6,cosine,5.215523719787598,1038,False,0.9935901761054993
movi_c_v12_03,temporal_front,6,inner_product,2.9645326137542725,739,False,0.9598143696784973
movi_c_v12_03,temporal_front,7,l1,2.2493019104003906,1037,False,0.9959957003593445
movi_c_v12_03,temporal_front,7,l2,3.2840280532836914,1084,False,0.9956016540527344
movi_c_v12_03,temporal_front,7,cosine,5.792745113372803,1146,False,0.9951579570770264
movi_c_v12_03,temporal_front,7,inner_product,8.930008888244629,1248,False,0.9860243201255798
movi_c_v12_03,temporal_front,8,l1,0.5116682648658752,486,False,0.9774095416069031
movi_c_v12_03,temporal_front,8,l2,0.8330078125,547,False,0.9782585501670837
movi_c_v12_03,temporal_front,8,cosine,1.3205814361572266,563,False,0.9760318398475647
movi_c_v12_03,temporal_front,8,inner_product,2.558987855911255,873,False,0.9616243243217468
movi_c_v12_03,temporal_front,9,l1,2.3331174850463867,1468,False,0.9650580286979675
movi_c_v12_03,temporal_front,9,l2,4.1268157958984375,1616,False,0.9796858429908752
movi_c_v12_03,temporal_front,9,cosine,7.37831449508667,1655,False,0.9814956784248352
movi_c_v12_03,temporal_front,9,inner_product,11.013872146606445,1657,False,0.9745393395423889
movi_c_v12_03,temporal_front,10,l1,0.4687856435775757,677,False,0.9424085021018982
movi_c_v12_03,temporal_front,10,l2,0.7058016061782837,727,False,0.9259504675865173
movi_c_v12_03,temporal_front,10,cosine,2.2761850357055664,1179,False,0.9587486386299133
movi_c_v12_03,temporal_front,10,inner_product,16.500011444091797,1663,False,0.9871717095375061
movi_c_v12_03,temporal_front,11,l1,0.8776594996452332,796,False,0.9586698412895203
movi_c_v12_03,temporal_front,11,l2,1.805112361907959,1027,False,0.968849778175354
movi_c_v12_03,temporal_front,11,cosine,4.480700969696045,1268,False,0.9759091734886169
movi_c_v12_03,temporal_front,11,inner_product,17.405317306518555,1765,False,0.9872391819953918
movi_c_v12_03,temporal_front,12,l1,2.041879177093506,896,False,1.0
movi_c_v12_03,temporal_front,12,l2,2.483060836791992,818,False,1.0000001192092896
movi_c_v12_03,temporal_front,12,cosine,6.265190124511719,1214,False,1.0
movi_c_v12_03,temporal_front,12,inner_product,29.967390060424805,1753,False,0.9999999403953552
movi_c_v12_03,temporal_middle,1,l1,2.0158286094665527,515,False,0.9976093769073486
movi_c_v12_03,temporal_middle,1,l2,2.734748125076294,509,False,0.9975748062133789
movi_c_v12_03,temporal_middle,1,cosine,3.6936545372009277,463,False,0.9972152709960938
movi_c_v12_03,temporal_middle,1,inner_product,1.90360426902771,317,False,0.9948654770851135
movi_c_v12_03,temporal_middle,2,l1,3.3936989307403564,1051,False,0.9987256526947021
movi_c_v12_03,temporal_middle,2,l2,4.777355670928955,1071,False,0.9986157417297363
movi_c_v12_03,temporal_middle,2,cosine,7.110738754272461,1034,False,0.9987988471984863
movi_c_v12_03,temporal_middle,2,inner_product,3.3838694095611572,717,False,0.9935524463653564
movi_c_v12_03,temporal_middle,3,l1,0.8189313411712646,516,False,0.9922663569450378
movi_c_v12_03,temporal_middle,3,l2,1.0755789279937744,486,False,0.9906812310218811
movi_c_v12_03,temporal_middle,3,cosine,1.7559958696365356,481,False,0.9937726259231567
movi_c_v12_03,temporal_middle,3,inner_product,2.444586753845215,667,False,0.9872444868087769
movi_c_v12_03,temporal_middle,4,l1,3.990450859069824,1517,False,0.9790551066398621
movi_c_v12_03,temporal_middle,4,l2,9.084430694580078,1699,False,0.9862846732139587
movi_c_v12_03,temporal_middle,4,cosine,13.530752182006836,1693,False,0.9882497787475586
movi_c_v12_03,temporal_middle,4,inner_product,1.1435251235961914,366,False,0.9643999934196472
movi_c_v12_03,temporal_middle,5,l1,1.2779819965362549,872,False,0.9858083128929138
movi_c_v12_03,temporal_middle,5,l2,1.622550129890442,821,False,0.9847488403320312
movi_c_v12_03,temporal_middle,5,cosine,2.4194090366363525,783,False,0.985562801361084
movi_c_v12_03,temporal_middle,5,inner_product,1.5630853176116943,640,False,0.9180812239646912
movi_c_v12_03,temporal_middle,6,l1,1.1174755096435547,852,False,0.9919756054878235
movi_c_v12_03,temporal_middle,6,l2,1.9492440223693848,946,False,0.9922112226486206
movi_c_v12_03,temporal_middle,6,cosine,2.6243033409118652,896,False,0.9918715953826904
movi_c_v12_03,temporal_middle,6,inner_product,2.0006003379821777,614,False,0.9436360597610474
movi_c_v12_03,temporal_middle,7,l1,1.4656448364257812,1188,False,0.9915611147880554
movi_c_v12_03,temporal_middle,7,l2,2.694591760635376,1352,False,0.9895511269569397
movi_c_v12_03,temporal_middle,7,cosine,4.844559192657471,1410,False,0.989885151386261
movi_c_v12_03,temporal_middle,7,inner_product,8.244980812072754,1314,False,0.9831016063690186
movi_c_v12_03,temporal_middle,8,l1,0.4058382511138916,528,False,0.984172523021698
movi_c_v12_03,temporal_middle,8,l2,0.606797456741333,564,False,0.9831016659736633
movi_c_v12_03,temporal_middle,8,cosine,0.986400842666626,602,False,0.9802539944648743
movi_c_v12_03,temporal_middle,8,inner_product,2.313347816467285,975,False,0.9581409692764282
movi_c_v12_03,temporal_middle,9,l1,1.417957067489624,1438,False,0.9711077809333801
movi_c_v12_03,temporal_middle,9,l2,2.954460859298706,1641,False,0.9773277640342712
movi_c_v12_03,temporal_middle,9,cosine,5.312313079833984,1693,False,0.9769378900527954
movi_c_v12_03,temporal_middle,9,inner_product,9.132589340209961,1606,False,0.9698024392127991
movi_c_v12_03,temporal_middle,10,l1,0.15384072065353394,332,False,0.9147679805755615
movi_c_v12_03,temporal_middle,10,l2,0.4387078583240509,599,False,0.913628101348877
movi_c_v12_03,temporal_middle,10,cosine,1.4275096654891968,1078,False,0.927590012550354
movi_c_v12_03,temporal_middle,10,inner_product,14.40077018737793,1634,False,0.982009768486023
movi_c_v12_03,temporal_middle,11,l1,1.7761011123657227,1575,False,0.9800879955291748
movi_c_v12_03,temporal_middle,11,l2,2.771207094192505,1595,False,0.9847336411476135
movi_c_v12_03,temporal_middle,11,cosine,6.161592960357666,1713,False,0.9880458116531372
movi_c_v12_03,temporal_middle,11,inner_product,17.49230194091797,1783,False,0.9916700124740601
movi_c_v12_03,temporal_middle,12,l1,2.68198299407959,1392,False,0.9999998807907104
movi_c_v12_03,temporal_middle,12,l2,3.1599433422088623,1277,False,1.0000001192092896
movi_c_v12_03,temporal_middle,12,cosine,7.967752456665039,1579,False,0.9999998807907104
movi_c_v12_03,temporal_middle,12,inner_product,30.595298767089844,1754,False,1.0
movi_c_v13_00,spatial_block,1,l1,1.2431213855743408,838,False,0.9972878098487854
movi_c_v13_00,spatial_block,1,l2,1.3357644081115723,841,False,0.9982825517654419
movi_c_v13_00,spatial_block,1,cosine,1.5012669563293457,748,False,0.9979422688484192
movi_c_v13_00,spatial_block,1,inner_product,1.1596643924713135,636,False,0.9696198105812073
movi_c_v13_00,spatial_block,2,l1,1.7682464122772217,1111,False,0.9971165657043457
movi_c_v13_00,spatial_block,2,l2,2.41603684425354,1242,False,0.996814489364624
movi_c_v13_00,spatial_block,2,cosine,3.0097670555114746,1218,False,0.997004508972168
movi_c_v13_00,spatial_block,2,inner_product,2.454221248626709,944,False,0.9825714826583862
movi_c_v13_00,spatial_block,3,l1,1.446932315826416,870,False,0.9967776536941528
movi_c_v13_00,spatial_block,3,l2,1.8255681991577148,897,False,0.9951445460319519
movi_c_v13_00,spatial_block,3,cosine,2.4151716232299805,871,False,0.9953269362449646
movi_c_v13_00,spatial_block,3,inner_product,1.7091492414474487,666,False,0.9418073296546936
movi_c_v13_00,spatial_block,4,l1,3.389469861984253,1328,False,0.9799275994300842
movi_c_v13_00,spatial_block,4,l2,3.1007418632507324,1091,False,0.9748754501342773
movi_c_v13_00,spatial_block,4,cosine,3.5206799507141113,982,False,0.9704855680465698
movi_c_v13_00,spatial_block,4,inner_product,0.5250295400619507,298,False,0.8880195021629333
movi_c_v13_00,spatial_block,5,l1,1.680551528930664,1390,False,0.9773499369621277
movi_c_v13_00,spatial_block,5,l2,1.4567674398422241,1214,False,0.9601342082023621
movi_c_v13_00,spatial_block,5,cosine,2.421304702758789,1356,False,0.963009238243103
movi_c_v13_00,spatial_block,5,inner_product,6.668350696563721,1613,False,0.9778647422790527
movi_c_v13_00,spatial_block,6,l1,1.1583271026611328,926,False,0.9904001355171204
movi_c_v13_00,spatial_block,6,l2,1.5142436027526855,878,False,0.9877330660820007
movi_c_v13_00,spatial_block,6,cosine,2.0028586387634277,881,False,0.9855245351791382
movi_c_v13_00,spatial_block,6,inner_product,4.310880661010742,949,False,0.9630947113037109
movi_c_v13_00,spatial_block,7,l1,0.9458845853805542,749,False,0.9919965863227844
movi_c_v13_00,spatial_block,7,l2,1.5000231266021729,771,False,0.9928815960884094
movi_c_v13_00,spatial_block,7,cosine,2.117020606994629,799,False,0.9913091659545898
movi_c_v13_00,spatial_block,7,inner_product,9.084535598754883,1409,False,0.9809116125106812
movi_c_v13_00,spatial_block,8,l1,0.9456068873405457,1107,False,0.9876829385757446
movi_c_v13_00,spatial_block,8,l2,0.8204129338264465,886,False,0.980847954750061
movi_c_v13_00,spatial_block,8,cosine,1.4213541746139526,1105,False,0.9795536398887634
movi_c_v13_00,spatial_block,8,inner_product,10.274402618408203,1472,False,0.9929624795913696
movi_c_v13_00,spatial_block,9,l1,0.6653205752372742,999,False,0.957743763923645
movi_c_v13_00,spatial_block,9,l2,1.375441312789917,1214,False,0.9741081595420837
movi_c_v13_00,spatial_block,9,cosine,2.4236340522766113,1367,False,0.9769641160964966
movi_c_v13_00,spatial_block,9,inner_product,13.458486557006836,1668,False,0.9872900247573853
movi_c_v13_00,spatial_block,10,l1,1.0861055850982666,1218,False,0.9826623201370239
movi_c_v13_00,spatial_block,10,l2,1.1281225681304932,1097,False,0.9753268361091614
movi_c_v13_00,spatial_block,10,cosine,2.375389814376831,1341,False,0.9822031855583191
movi_c_v13_00,spatial_block,10,inner_product,19.528799057006836,1594,False,0.9966789484024048
movi_c_v13_00,spatial_block,11,l1,1.5006310939788818,1412,False,0.9789467453956604
movi_c_v13_00,spatial_block,11,l2,2.560303211212158,1610,False,0.9840562343597412
movi_c_v13_00,spatial_block,11,cosine,4.286370277404785,1698,False,0.9853909015655518
movi_c_v13_00,spatial_block,11,inner_product,14.173704147338867,1716,False,0.986275315284729
movi_c_v13_00,spatial_block,12,l1,3.4245376586914062,1597,False,0.9999998807907104
movi_c_v13_00,spatial_block,12,l2,4.210139274597168,1549,False,1.0
movi_c_v13_00,spatial_block,12,cosine,7.050426006317139,1630,False,1.0
movi_c_v13_00,spatial_block,12,inner_product,26.35308837890625,1757,False,0.9999999403953552
movi_c_v13_00,spatial_scattered,1,l1,0.8843661546707153,490,False,0.9958541393280029
movi_c_v13_00,spatial_scattered,1,l2,0.8764145374298096,412,False,0.9965202808380127
movi_c_v13_00,spatial_scattered,1,cosine,1.2597815990447998,442,False,0.9969582557678223
movi_c_v13_00,spatial_scattered,1,inner_product,1.867748737335205,616,False,0.9894970655441284
movi_c_v13_00,spatial_scattered,2,l1,1.4937140941619873,891,False,0.997282087802887
movi_c_v13_00,spatial_scattered,2,l2,2.407543182373047,955,False,0.997574508190155
movi_c_v13_00,spatial_scattered,2,cosine,2.943671464920044,925,False,0.9976779222488403
movi_c_v13_00,spatial_scattered,2,inner_product,1.1124752759933472,624,False,0.9636473655700684
movi_c_v13_00,spatial_scattered,3,l1,1.712252140045166,1049,False,0.9918096661567688
movi_c_v13_00,spatial_scattered,3,l2,2.8314528465270996,1056,False,0.9934021830558777
movi_c_v13_00,spatial_scattered,3,cosine,3.5719194412231445,1034,False,0.9912772178649902
movi_c_v13_00,spatial_scattered,3,inner_product,1.4179216623306274,782,False,0.9148401618003845
movi_c_v13_00,spatial_scattered,4,l1,20.079078674316406,1791,False,0.9984384179115295
movi_c_v13_00,spatial_scattered,4,l2,27.67246437072754,1789,False,0.9966675043106079
movi_c_v13_00,spatial_scattered,4,cosine,34.55119705200195,1779,False,0.9968159198760986
movi_c_v13_00,spatial_scattered,4,inner_product,9.77975845336914,1459,False,0.9948615431785583
movi_c_v13_00,spatial_scattered,5,l1,3.0264995098114014,1354,False,0.980819582939148
movi_c_v13_00,spatial_scattered,5,l2,3.779061794281006,1239,False,0.9692782759666443
movi_c_v13_00,spatial_scattered,5,cosine,4.864380359649658,1235,False,0.9649884700775146
movi_c_v13_00,spatial_scattered,5,inner_product,2.7483973503112793,1112,False,0.947157621383667
movi_c_v13_00,spatial_scattered,6,l1,2.237166404724121,808,False,0.9969179630279541
movi_c_v13_00,spatial_scattered,6,l2,3.750243902206421,835,False,0.997412383556366
movi_c_v13_00,spatial_scattered,6,cosine,4.625958442687988,803,False,0.996298611164093
movi_c_v13_00,spatial_scattered,6,inner_product,2.5756568908691406,637,False,0.9561750888824463
movi_c_v13_00,spatial_scattered,7,l1,2.6799683570861816,866,False,0.9972481727600098
movi_c_v13_00,spatial_scattered,7,l2,4.7384867668151855,882,False,0.9981129765510559
movi_c_v13_00,spatial_scattered,7,cosine,6.558905124664307,917,False,0.9976218342781067
movi_c_v13_00,spatial_scattered,7,inner_product,8.001485824584961,1592,False,0.9706180691719055
movi_c_v13_00,spatial_scattered,8,l1,1.7145991325378418,1077,False,0.9949050545692444
movi_c_v13_00,spatial_scattered,8,l2,2.6729767322540283,1045,False,0.9958173036575317
movi_c_v13_00,spatial_scattered,8,cosine,3.8769888877868652,1082,False,0.99538254737854
movi_c_v13_00,spatial_scattered,8,inner_product,6.7714524269104,1337,False,0.9905978441238403
movi_c_v13_00,spatial_scattered,9,l1,0.5277472734451294,742,False,0.9611018896102905
movi_c_v13_00,spatial_scattered,9,l2,2.2016444206237793,1160,False,0.9868995547294617
movi_c_v13_00,spatial_scattered,9,cosine,4.234737873077393,1408,False,0.9889395833015442
movi_c_v13_00,spatial_scattered,9,inner_product,13.407488822937012,1744,False,0.987862229347229
movi_c_v13_00,spatial_scattered,10,l1,3.3415212631225586,1351,False,0.9939102530479431
movi_c_v13_00,spatial_scattered,10,l2,5.330732345581055,1409,False,0.9956362247467041
movi_c_v13_00,spatial_scattered,10,cosine,9.501653671264648,1553,False,0.9971479773521423
movi_c_v13_00,spatial_scattered,10,inner_product,25.436857223510742,1685,False,0.997594952583313
movi_c_v13_00,spatial_scattered,11,l1,1.7041277885437012,1042,False,0.9919850826263428
movi_c_v13_00,spatial_scattered,11,l2,3.1607112884521484,1451,False,0.9921911358833313
movi_c_v13_00,spatial_scattered,11,cosine,6.016319274902344,1623,False,0.9936038255691528
movi_c_v13_00,spatial_scattered,11,inner_product,14.503643035888672,1749,False,0.9890866875648499
movi_c_v13_00,spatial_scattered,12,l1,3.183734893798828,1428,False,0.9999998807907104
movi_c_v13_00,spatial_scattered,12,l2,4.97285270690918,1497,False,1.0000001192092896
movi_c_v13_00,spatial_scattered,12,cosine,10.53997802734375,1664,False,0.9999999403953552
movi_c_v13_00,spatial_scattered,12,inner_product,29.64963150024414,1775,False,1.0
movi_c_v13_00,temporal_back,1,l1,3.441401481628418,1408,False,0.9987910389900208
movi_c_v13_00,temporal_back,1,l2,5.7924065589904785,1542,False,0.9990113973617554
movi_c_v13_00,temporal_back,1,cosine,8.843502044677734,1571,False,0.9989072680473328
movi_c_v13_00,temporal_back,1,inner_product,5.522979259490967,1219,False,0.9933642148971558
movi_c_v13_00,temporal_back,2,l1,1.2478647232055664,1024,False,0.9944360852241516
movi_c_v13_00,temporal_back,2,l2,2.2648427486419678,1163,False,0.9946876764297485
movi_c_v13_00,temporal_back,2,cosine,3.4079694747924805,1182,False,0.9952636361122131
movi_c_v13_00,temporal_back,2,inner_product,1.979060173034668,965,False,0.9651033282279968
movi_c_v13_00,temporal_back,3,l1,1.6762363910675049,1150,False,0.9940248727798462
movi_c_v13_00,temporal_back,3,l2,2.694150447845459,1226,False,0.9939677715301514
movi_c_v13_00,temporal_back,3,cosine,3.774308204650879,1202,False,0.9922551512718201
movi_c_v13_00,temporal_back,3,inner_product,2.061316728591919,1006,False,0.9206217527389526
movi_c_v13_00,temporal_back,4,l1,10.086578369140625,1755,False,0.9967965483665466
movi_c_v13_00,temporal_back,4,l2,19.30295753479004,1783,False,0.9950067400932312
movi_c_v13_00,temporal_back,4,cosine,27.571128845214844,1782,False,0.9949045181274414
movi_c_v13_00,temporal_back,4,inner_product,0.3131832480430603,173,False,0.9325962662696838
movi_c_v13_00,temporal_back,5,l1,2.4137351512908936,1356,False,0.9794145822525024
movi_c_v13_00,temporal_back,5,l2,3.871835708618164,1320,False,0.9863511323928833
movi_c_v13_00,temporal_back,5,cosine,5.764366149902344,1297,False,0.9870842695236206
movi_c_v13_00,temporal_back,5,inner_product,5.001821517944336,1054,False,0.9836885333061218
movi_c_v13_00,temporal_back,6,l1,1.3591867685317993,854,False,0.9931328892707825
movi_c_v13_00,temporal_back,6,l2,2.3281636238098145,930,False,0.9921635985374451
movi_c_v13_00,temporal_back,6,cosine,3.442115306854248,925,False,0.99131840467453
movi_c_v13_00,temporal_back,6,inner_product,3.6456398963928223,912,False,0.9634104371070862
movi_c_v13_00,temporal_back,7,l1,2.0181407928466797,1048,False,0.9971651434898376
movi_c_v13_00,temporal_back,7,l2,4.1409010887146,1139,False,0.9962902069091797
movi_c_v13_00,temporal_back,7,cosine,6.608261585235596,1173,False,0.9957675933837891
movi_c_v13_00,temporal_back,7,inner_product,9.763778686523438,1457,False,0.9811275601387024
movi_c_v13_00,temporal_back,8,l1,1.6620697975158691,1410,False,0.9912803173065186
movi_c_v13_00,temporal_back,8,l2,3.082728147506714,1427,False,0.9913212060928345
movi_c_v13_00,temporal_back,8,cosine,4.7926344871521,1452,False,0.9916620850563049
movi_c_v13_00,temporal_back,8,inner_product,6.655179023742676,1402,False,0.9847714304924011
movi_c_v13_00,temporal_back,9,l1,2.0986685752868652,1369,False,0.991339385509491
movi_c_v13_00,temporal_back,9,l2,5.1216535568237305,1428,False,0.9943336248397827
movi_c_v13_00,temporal_back,9,cosine,8.444864273071289,1510,False,0.9942038655281067
movi_c_v13_00,temporal_back,9,inner_product,15.610919952392578,1717,False,0.9895704984664917
movi_c_v13_00,temporal_back,10,l1,3.1202774047851562,1717,False,0.977794349193573
movi_c_v13_00,temporal_back,10,l2,5.6110358238220215,1733,False,0.9875184893608093
movi_c_v13_00,temporal_back,10,cosine,9.574209213256836,1741,False,0.9920794367790222
movi_c_v13_00,temporal_back,10,inner_product,23.11246681213379,1665,False,0.9968549013137817
movi_c_v13_00,temporal_back,11,l1,4.101448059082031,1706,False,0.9870347380638123
movi_c_v13_00,temporal_back,11,l2,6.3519368171691895,1653,False,0.9891122579574585
movi_c_v13_00,temporal_back,11,cosine,10.691983222961426,1698,False,0.9886704683303833
movi_c_v13_00,temporal_back,11,inner_product,19.818111419677734,1774,False,0.9902898073196411
movi_c_v13_00,temporal_back,12,l1,4.46373176574707,1558,False,0.9999998807907104
movi_c_v13_00,temporal_back,12,l2,6.217411041259766,1537,False,1.0
movi_c_v13_00,temporal_back,12,cosine,11.965547561645508,1623,False,0.9999998807907104
movi_c_v13_00,temporal_back,12,inner_product,35.820133209228516,1764,False,1.0000001192092896
movi_c_v13_00,temporal_front,1,l1,0.07343512028455734,67,False,0.984512209892273
movi_c_v13_00,temporal_front,1,l2,0.13944219052791595,86,False,0.9865858554840088
movi_c_v13_00,temporal_front,1,cosine,0.27021723985671997,105,False,0.9857917428016663
movi_c_v13_00,temporal_front,1,inner_product,0.7999337911605835,217,False,0.9887450337409973
movi_c_v13_00,temporal_front,2,l1,2.000941276550293,1033,False,0.995642900466919
movi_c_v13_00,temporal_front,2,l2,2.3657026290893555,943,False,0.9951142072677612
movi_c_v13_00,temporal_front,2,cosine,3.467924118041992,913,False,0.9956053495407104
movi_c_v13_00,temporal_front,2,inner_product,2.185821056365967,667,False,0.9861792325973511
movi_c_v13_00,temporal_front,3,l1,1.887258529663086,930,False,0.991054356098175
movi_c_v13_00,temporal_front,3,l2,2.253706455230713,873,False,0.9902287721633911
movi_c_v13_00,temporal_front,3,cosine,3.4771974086761475,889,False,0.9916029572486877
movi_c_v13_00,temporal_front,3,inner_product,3.17228364944458,840,False,0.9773422479629517
movi_c_v13_00,temporal_front,4,l1,5.786395072937012,1431,False,0.9724538326263428
movi_c_v13_00,temporal_front,4,l2,8.789712905883789,1499,False,0.984717845916748
movi_c_v13_00,temporal_front,4,cosine,12.903074264526367,1497,False,0.9813207387924194
movi_c_v13_00,temporal_front,4,inner_product,0.2330101728439331,123,False,0.9382943511009216
movi_c_v13_00,temporal_front,5,l1,0.8426558971405029,516,False,0.9576730132102966
movi_c_v13_00,temporal_front,5,l2,1.1023836135864258,509,False,0.9683631062507629
movi_c_v13_00,temporal_front,5,cosine,1.551924228668213,491,False,0.9643407464027405
movi_c_v13_00,temporal_front,5,inner_product,1.150386929512024,448,False,0.9405255317687988
movi_c_v13_00,temporal_front,6,l1,2.8246631622314453,957,False,0.9966877102851868
movi_c_v13_00,temporal_front,6,l2,3.89560604095459,963,False,0.9968792796134949
movi_c_v13_00,temporal_front,6,cosine,5.544159412384033,937,False,0.9971080422401428
movi_c_v13_00,temporal_front,6,inner_product,2.588484048843384,674,False,0.9633418321609497
movi_c_v13_00,temporal_front,7,l1,2.070577383041382,853,False,0.9969666600227356
movi_c_v13_00,temporal_front,7,l2,3.3224165439605713,957,False,0.996823787689209
movi_c_v13_00,temporal_front,7,cosine,5.427606582641602,1026,False,0.9965014457702637
movi_c_v13_00,temporal_front,7,inner_product,9.082901954650879,1445,False,0.986343502998352
movi_c_v13_00,temporal_front,8,l1,0.7173824310302734,654,False,0.9858801364898682
movi_c_v13_00,temporal_front,8,l2,1.0994131565093994,723,False,0.9858800172805786
movi_c_v13_00,temporal_front,8,cosine,1.8430627584457397,777,False,0.9848955869674683
movi_c_v13_00,temporal_front,8,inner_product,3.901017665863037,1113,False,0.9777659177780151
movi_c_v13_00,temporal_front,9,l1,1.1441686153411865,1046,False,0.9615801572799683
movi_c_v13_00,temporal_front,9,l2,2.1172828674316406,1274,False,0.973874032497406
movi_c_v13_00,temporal_front,9,cosine,4.249817848205566,1414,False,0.9806609749794006
movi_c_v13_00,temporal_front,9,inner_product,13.687431335449219,1737,False,0.9895269274711609
movi_c_v13_00,temporal_front,10,l1,1.2269928455352783,912,False,0.9525599479675293
movi_c_v13_00,temporal_front,10,l2,1.9310948848724365,1097,False,0.9530389904975891
movi_c_v13_00,temporal_front,10,cosine,3.927795886993408,1301,False,0.9677650928497314
movi_c_v13_00,temporal_front,10,inner_product,17.542724609375,1600,False,0.9937606453895569
movi_c_v13_00,temporal_front,11,l1,0.48821911215782166,698,False,0.9539331793785095
movi_c_v13_00,temporal_front,11,l2,0.9211305975914001,930,False,0.9657562375068665
movi_c_v13_00,temporal_front,11,cosine,2.252068519592285,1182,False,0.9723222255706787
movi_c_v13_00,temporal_front,11,inner_product,14.835775375366211,1732,False,0.9878014326095581
movi_c_v13_00,temporal_front,12,l1,2.068361759185791,1056,False,1.0
movi_c_v13_00,temporal_front,12,l2,2.8275599479675293,1159,False,1.0
movi_c_v13_00,temporal_front,12,cosine,6.4981608390808105,1458,False,1.0
movi_c_v13_00,temporal_front,12,inner_product,31.914531707763672,1765,False,1.0
movi_c_v13_00,temporal_middle,1,l1,1.3716990947723389,357,False,0.9985398650169373
movi_c_v13_00,temporal_middle,1,l2,2.0024614334106445,334,False,0.9983247518539429
movi_c_v13_00,temporal_middle,1,cosine,2.6822729110717773,312,False,0.9982171058654785
movi_c_v13_00,temporal_middle,1,inner_product,0.7667006254196167,158,False,0.9963842630386353
movi_c_v13_00,temporal_middle,2,l1,2.5176830291748047,788,False,0.9989133477210999
movi_c_v13_00,temporal_middle,2,l2,3.652078628540039,769,False,0.9986337423324585
movi_c_v13_00,temporal_middle,2,cosine,5.396912574768066,750,False,0.9988730549812317
movi_c_v13_00,temporal_middle,2,inner_product,2.7339632511138916,697,False,0.9924119710922241
movi_c_v13_00,temporal_middle,3,l1,0.8456698656082153,561,False,0.9933352470397949
movi_c_v13_00,temporal_middle,3,l2,1.365044116973877,592,False,0.9911208152770996
movi_c_v13_00,temporal_middle,3,cosine,1.971121907234192,569,False,0.9940586090087891
movi_c_v13_00,temporal_middle,3,inner_product,1.392967700958252,576,False,0.9497791528701782
movi_c_v13_00,temporal_middle,4,l1,14.388975143432617,1787,False,0.9978752136230469
movi_c_v13_00,temporal_middle,4,l2,22.492919921875,1788,False,0.9972999095916748
movi_c_v13_00,temporal_middle,4,cosine,29.92142105102539,1788,False,0.9974512457847595
movi_c_v13_00,temporal_middle,4,inner_product,11.015520095825195,1707,False,0.9785632491111755
movi_c_v13_00,temporal_middle,5,l1,0.7716044187545776,818,False,0.966461181640625
movi_c_v13_00,temporal_middle,5,l2,1.1659343242645264,797,False,0.9604215025901794
movi_c_v13_00,temporal_middle,5,cosine,1.6952115297317505,797,False,0.9612366557121277
movi_c_v13_00,temporal_middle,5,inner_product,1.584378957748413,689,False,0.9424920678138733
movi_c_v13_00,temporal_middle,6,l1,0.9523111581802368,646,False,0.9912453293800354
movi_c_v13_00,temporal_middle,6,l2,1.7603785991668701,679,False,0.9918423295021057
movi_c_v13_00,temporal_middle,6,cosine,2.2692670822143555,643,False,0.98736172914505
movi_c_v13_00,temporal_middle,6,inner_product,1.4011369943618774,540,False,0.918057382106781
movi_c_v13_00,temporal_middle,7,l1,1.3843555450439453,989,False,0.987127959728241
movi_c_v13_00,temporal_middle,7,l2,2.848141670227051,1063,False,0.9919078946113586
movi_c_v13_00,temporal_middle,7,cosine,4.98502254486084,1120,False,0.9921941161155701
movi_c_v13_00,temporal_middle,7,inner_product,8.818283081054688,1389,False,0.9851341843605042
movi_c_v13_00,temporal_middle,8,l1,0.5701223015785217,655,False,0.977675199508667
movi_c_v13_00,temporal_middle,8,l2,1.1048023700714111,752,False,0.9797428846359253
movi_c_v13_00,temporal_middle,8,cosine,1.814926266670227,844,False,0.9803032279014587
movi_c_v13_00,temporal_middle,8,inner_product,3.0913095474243164,1177,False,0.9729489684104919
movi_c_v13_00,temporal_middle,9,l1,0.860135555267334,949,False,0.948859453201294
movi_c_v13_00,temporal_middle,9,l2,1.5602974891662598,1115,False,0.9617524147033691
movi_c_v13_00,temporal_middle,9,cosine,3.7798690795898438,1363,False,0.9741930365562439
movi_c_v13_00,temporal_middle,9,inner_product,12.145174026489258,1671,False,0.9885562062263489
movi_c_v13_00,temporal_middle,10,l1,0.2157568633556366,291,False,0.9583557844161987
movi_c_v13_00,temporal_middle,10,l2,0.46203914284706116,436,False,0.9517657160758972
movi_c_v13_00,temporal_middle,10,cosine,1.1944224834442139,825,False,0.9548582434654236
movi_c_v13_00,temporal_middle,10,inner_product,13.681619644165039,1507,False,0.9910147786140442
movi_c_v13_00,temporal_middle,11,l1,2.816168785095215,1566,False,0.9880092740058899
movi_c_v13_00,temporal_middle,11,l2,3.408280849456787,1531,False,0.9841026067733765
movi_c_v13_00,temporal_middle,11,cosine,7.516416549682617,1685,False,0.9865286946296692
movi_c_v13_00,temporal_middle,11,inner_product,17.598896026611328,1776,False,0.9896363019943237
movi_c_v13_00,temporal_middle,12,l1,4.659985065460205,1625,False,0.9999999403953552
movi_c_v13_00,temporal_middle,12,l2,5.6689887046813965,1520,False,1.0
movi_c_v13_00,temporal_middle,12,cosine,13.772594451904297,1706,False,1.0
movi_c_v13_00,temporal_middle,12,inner_product,36.177711486816406,1784,False,1.0
movi_c_v13_01,spatial_block,1,l1,1.8632701635360718,1047,False,0.9982153177261353
movi_c_v13_01,spatial_block,1,l2,2.2481935024261475,1022,False,0.9982425570487976
movi_c_v13_01,spatial_block,1,cosine,2.6891746520996094,954,False,0.998255729675293
movi_c_v13_01,spatial_block,1,inner_product,1.8590915203094482,826,False,0.9761234521865845
movi_c_v13_01,spatial_block,2,l1,1.302899956703186,1105,False,0.9908947944641113
movi_c_v13_01,spatial_block,2,l2,1.9682682752609253,1125,False,0.9904361963272095
movi_c_v13_01,spatial_block,2,cosine,2.4298455715179443,1131,False,0.9893421530723572
movi_c_v13_01,spatial_block,2,inner_product,0.8528088331222534,597,False,0.9388062953948975
movi_c_v13_01,spatial_block,3,l1,0.48453161120414734,724,False,0.9757577180862427
movi_c_v13_01,spatial_block,3,l2,0.7279297113418579,770,False,0.9675900340080261
movi_c_v13_01,spatial_block,3,cosine,0.8590635061264038,720,False,0.963248074054718
movi_c_v13_01,spatial_block,3,inner_product,0.5389246940612793,438,False,0.8537418842315674
movi_c_v13_01,spatial_block,4,l1,0.9176741242408752,552,False,0.8565604090690613
movi_c_v13_01,spatial_block,4,l2,1.802393913269043,714,False,0.8465012907981873
movi_c_v13_01,spatial_block,4,cosine,2.548041820526123,739,False,0.8526990413665771
movi_c_v13_01,spatial_block,4,inner_product,0.27125924825668335,192,False,0.7857888340950012
movi_c_v13_01,spatial_block,5,l1,2.1379294395446777,1212,False,0.9813754558563232
movi_c_v13_01,spatial_block,5,l2,2.828275203704834,1190,False,0.9768916964530945
movi_c_v13_01,spatial_block,5,cosine,4.380786895751953,1264,False,0.9752285480499268
movi_c_v13_01,spatial_block,5,inner_product,5.678906440734863,1314,False,0.9628534913063049
movi_c_v13_01,spatial_block,6,l1,1.4761385917663574,785,False,0.9920263886451721
movi_c_v13_01,spatial_block,6,l2,2.121729850769043,789,False,0.9894038438796997
movi_c_v13_01,spatial_block,6,cosine,2.9817728996276855,792,False,0.9877008199691772
movi_c_v13_01,spatial_block,6,inner_product,4.877918720245361,1039,False,0.9579344987869263
movi_c_v13_01,spatial_block,7,l1,1.1933220624923706,709,False,0.9931528568267822
movi_c_v13_01,spatial_block,7,l2,2.0895304679870605,738,False,0.9925568699836731
movi_c_v13_01,spatial_block,7,cosine,2.9571375846862793,765,False,0.9894885420799255
movi_c_v13_01,spatial_block,7,inner_product,5.778005599975586,1207,False,0.9696472883224487
movi_c_v13_01,spatial_block,8,l1,1.2043461799621582,1077,False,0.9901593923568726
movi_c_v13_01,spatial_block,8,l2,1.76670503616333,1081,False,0.988252580165863
movi_c_v13_01,spatial_block,8,cosine,3.00500750541687,1264,False,0.9880176186561584
movi_c_v13_01,spatial_block,8,inner_product,9.479595184326172,1501,False,0.9894755482673645
movi_c_v13_01,spatial_block,9,l1,0.913343608379364,935,False,0.9630435705184937
movi_c_v13_01,spatial_block,9,l2,2.076730728149414,1136,False,0.9727089405059814
movi_c_v13_01,spatial_block,9,cosine,3.566349983215332,1244,False,0.9710397720336914
movi_c_v13_01,spatial_block,9,inner_product,12.195764541625977,1612,False,0.9747148752212524
movi_c_v13_01,spatial_block,10,l1,0.5087541341781616,733,False,0.9298003911972046
movi_c_v13_01,spatial_block,10,l2,1.0543537139892578,1016,False,0.9516993761062622
movi_c_v13_01,spatial_block,10,cosine,2.8641984462738037,1340,False,0.9792218208312988
movi_c_v13_01,spatial_block,10,inner_product,20.39933204650879,1639,False,0.9962239861488342
movi_c_v13_01,spatial_block,11,l1,1.4809820652008057,1400,False,0.9725028872489929
movi_c_v13_01,spatial_block,11,l2,2.6532068252563477,1536,False,0.9771261811256409
movi_c_v13_01,spatial_block,11,cosine,5.279378890991211,1669,False,0.9830203056335449
movi_c_v13_01,spatial_block,11,inner_product,18.36675453186035,1775,False,0.9902940988540649
movi_c_v13_01,spatial_block,12,l1,1.793946623802185,1211,False,0.9999999403953552
movi_c_v13_01,spatial_block,12,l2,2.2323150634765625,1114,False,0.9999999403953552
movi_c_v13_01,spatial_block,12,cosine,4.80128288269043,1353,False,1.0
movi_c_v13_01,spatial_block,12,inner_product,23.47382164001465,1735,False,1.0000001192092896
movi_c_v13_01,spatial_scattered,1,l1,1.7188750505447388,752,False,0.9978996515274048
movi_c_v13_01,spatial_scattered,1,l2,2.8406083583831787,803,False,0.9975641369819641
movi_c_v13_01,spatial_scattered,1,cosine,3.5030856132507324,794,False,0.997993528842926
movi_c_v13_01,spatial_scattered,1,inner_product,1.7319915294647217,644,False,0.9887050986289978
movi_c_v13_01,spatial_scattered,2,l1,1.7265300750732422,1098,False,0.9901512861251831
movi_c_v13_01,spatial_scattered,2,l2,2.820136547088623,1198,False,0.991288423538208
movi_c_v13_01,spatial_scattered,2,cosine,3.4851183891296387,1161,False,0.9908753633499146
movi_c_v13_01,spatial_scattered,2,inner_product,1.1500778198242188,674,False,0.957403302192688
movi_c_v13_01,spatial_scattered,3,l1,1.3690580129623413,1022,False,0.980071485042572
movi_c_v13_01,spatial_scattered,3,l2,2.6079649925231934,1122,False,0.979983389377594
movi_c_v13_01,spatial_scattered,3,cosine,3.0866236686706543,1065,False,0.9749211072921753
movi_c_v13_01,spatial_scattered,3,inner_product,0.9063555002212524,688,False,0.885147750377655
movi_c_v13_01,spatial_scattered,4,l1,21.54218292236328,1788,False,0.9976369142532349
movi_c_v13_01,spatial_scattered,4,l2,32.33600997924805,1787,False,0.9962471723556519
movi_c_v13_01,spatial_scattered,4,cosine,40.02678680419922,1787,False,0.9965009689331055
movi_c_v13_01,spatial_scattered,4,inner_product,7.673786640167236,1637,False,0.988569438457489
movi_c_v13_01,spatial_scattered,5,l1,2.0625033378601074,1170,False,0.9455564618110657
movi_c_v13_01,spatial_scattered,5,l2,3.1361119747161865,1125,False,0.9384913444519043
movi_c_v13_01,spatial_scattered,5,cosine,4.254199504852295,1187,False,0.9332964420318604
movi_c_v13_01,spatial_scattered,5,inner_product,3.3868703842163086,1192,False,0.9432011246681213
movi_c_v13_01,spatial_scattered,6,l1,2.928424835205078,910,False,0.9972893595695496
movi_c_v13_01,spatial_scattered,6,l2,4.740779399871826,916,False,0.9976086020469666
movi_c_v13_01,spatial_scattered,6,cosine,6.004606246948242,894,False,0.9963176846504211
movi_c_v13_01,spatial_scattered,6,inner_product,4.002033233642578,755,False,0.9710589051246643
movi_c_v13_01,spatial_scattered,7,l1,2.7859530448913574,863,False,0.9976194500923157
movi_c_v13_01,spatial_scattered,7,l2,4.911316394805908,891,False,0.997992753982544
movi_c_v13_01,spatial_scattered,7,cosine,6.536994934082031,904,False,0.997199535369873
movi_c_v13_01,spatial_scattered,7,inner_product,5.381986618041992,1306,False,0.9513530135154724
movi_c_v13_01,spatial_scattered,8,l1,1.4619905948638916,969,False,0.9908925294876099
movi_c_v13_01,spatial_scattered,8,l2,2.645448684692383,1022,False,0.9941611886024475
movi_c_v13_01,spatial_scattered,8,cosine,4.037229061126709,1142,False,0.9937528967857361
movi_c_v13_01,spatial_scattered,8,inner_product,6.909637928009033,1352,False,0.9897451996803284
movi_c_v13_01,spatial_scattered,9,l1,0.8797370195388794,916,False,0.9725894331932068
movi_c_v13_01,spatial_scattered,9,l2,2.9366817474365234,1211,False,0.9901944398880005
movi_c_v13_01,spatial_scattered,9,cosine,5.351173400878906,1414,False,0.9898555278778076
movi_c_v13_01,spatial_scattered,9,inner_product,11.933305740356445,1722,False,0.9758535623550415
movi_c_v13_01,spatial_scattered,10,l1,2.0120928287506104,987,False,0.9925935864448547
movi_c_v13_01,spatial_scattered,10,l2,3.4122202396392822,1087,False,0.9936653971672058
movi_c_v13_01,spatial_scattered,10,cosine,7.083909034729004,1330,False,0.9932531118392944
movi_c_v13_01,spatial_scattered,10,inner_product,23.297531127929688,1678,False,0.9941883087158203
movi_c_v13_01,spatial_scattered,11,l1,1.531042456626892,923,False,0.9932053685188293
movi_c_v13_01,spatial_scattered,11,l2,2.700549602508545,1272,False,0.9903197288513184
movi_c_v13_01,spatial_scattered,11,cosine,6.190666675567627,1611,False,0.9916998147964478
movi_c_v13_01,spatial_scattered,11,inner_product,18.261011123657227,1777,False,0.9922615885734558
movi_c_v13_01,spatial_scattered,12,l1,2.383833408355713,1190,False,1.0
movi_c_v13_01,spatial_scattered,12,l2,3.7988061904907227,1247,False,1.0
movi_c_v13_01,spatial_scattered,12,cosine,8.924016952514648,1564,False,0.9999998807907104
movi_c_v13_01,spatial_scattered,12,inner_product,27.3314266204834,1758,False,1.0
movi_c_v13_01,temporal_back,1,l1,0.11370076984167099,63,False,0.9970360398292542
movi_c_v13_01,temporal_back,1,l2,0.1574958711862564,68,False,0.9975186586380005
movi_c_v13_01,temporal_back,1,cosine,0.2296297550201416,62,False,0.9976667165756226
movi_c_v13_01,temporal_back,1,inner_product,0.3371524512767792,102,False,0.9873366951942444
movi_c_v13_01,temporal_back,2,l1,1.2940081357955933,677,False,0.9981851577758789
movi_c_v13_01,temporal_back,2,l2,1.7192559242248535,746,False,0.9972755908966064
movi_c_v13_01,temporal_back,2,cosine,2.641414165496826,744,False,0.9973397254943848
movi_c_v13_01,temporal_back,2,inner_product,2.2213687896728516,645,False,0.9918909668922424
movi_c_v13_01,temporal_back,3,l1,0.803197979927063,709,False,0.990468442440033
movi_c_v13_01,temporal_back,3,l2,1.4217686653137207,824,False,0.9896700382232666
movi_c_v13_01,temporal_back,3,cosine,2.0903382301330566,815,False,0.9887872338294983
movi_c_v13_01,temporal_back,3,inner_product,1.3311587572097778,632,False,0.9565559029579163
movi_c_v13_01,temporal_back,4,l1,5.136378288269043,1679,False,0.9484035968780518
movi_c_v13_01,temporal_back,4,l2,12.951568603515625,1783,False,0.9622177481651306
movi_c_v13_01,temporal_back,4,cosine,19.693984985351562,1785,False,0.9598444104194641
movi_c_v13_01,temporal_back,4,inner_product,0.7224182486534119,278,False,0.9632049202919006
movi_c_v13_01,temporal_back,5,l1,1.5193288326263428,1223,False,0.9597705006599426
movi_c_v13_01,temporal_back,5,l2,2.5434958934783936,1338,False,0.9608929753303528
movi_c_v13_01,temporal_back,5,cosine,3.8540401458740234,1335,False,0.9600164294242859
movi_c_v13_01,temporal_back,5,inner_product,3.015165090560913,1011,False,0.9647634029388428
movi_c_v13_01,temporal_back,6,l1,2.145697593688965,1073,False,0.9967984557151794
movi_c_v13_01,temporal_back,6,l2,3.6544342041015625,1149,False,0.9958606362342834
movi_c_v13_01,temporal_back,6,cosine,5.5269246101379395,1141,False,0.9956535696983337
movi_c_v13_01,temporal_back,6,inner_product,3.173860549926758,971,False,0.9498059749603271
movi_c_v13_01,temporal_back,7,l1,1.8054685592651367,1053,False,0.995730996131897
movi_c_v13_01,temporal_back,7,l2,3.5752477645874023,1160,False,0.9930437803268433
movi_c_v13_01,temporal_back,7,cosine,5.612358093261719,1156,False,0.9930905699729919
movi_c_v13_01,temporal_back,7,inner_product,7.010236740112305,1300,False,0.9754974842071533
movi_c_v13_01,temporal_back,8,l1,2.7362258434295654,1497,False,0.9947119355201721
movi_c_v13_01,temporal_back,8,l2,4.834870338439941,1537,False,0.9936731457710266
movi_c_v13_01,temporal_back,8,cosine,7.584526062011719,1539,False,0.9939427375793457
movi_c_v13_01,temporal_back,8,inner_product,7.514669418334961,1446,False,0.9885150194168091
movi_c_v13_01,temporal_back,9,l1,1.6787725687026978,1020,False,0.9928508996963501
movi_c_v13_01,temporal_back,9,l2,4.418094635009766,1201,False,0.9936970472335815
movi_c_v13_01,temporal_back,9,cosine,6.942766189575195,1202,False,0.9936802983283997
movi_c_v13_01,temporal_back,9,inner_product,12.284538269042969,1567,False,0.981191873550415
movi_c_v13_01,temporal_back,10,l1,3.060983896255493,1620,False,0.9939208030700684
movi_c_v13_01,temporal_back,10,l2,5.314489364624023,1666,False,0.9938682913780212
movi_c_v13_01,temporal_back,10,cosine,8.30531120300293,1663,False,0.9939044713973999
movi_c_v13_01,temporal_back,10,inner_product,21.72760772705078,1677,False,0.9923582673072815
movi_c_v13_01,temporal_back,11,l1,2.144491672515869,1537,False,0.9733780026435852
movi_c_v13_01,temporal_back,11,l2,5.073155879974365,1627,False,0.9881630539894104
movi_c_v13_01,temporal_back,11,cosine,8.096409797668457,1630,False,0.9882158637046814
movi_c_v13_01,temporal_back,11,inner_product,21.2043514251709,1779,False,0.9925904870033264
movi_c_v13_01,temporal_back,12,l1,2.867588996887207,1403,False,1.0
movi_c_v13_01,temporal_back,12,l2,4.546014785766602,1372,False,0.9999999403953552
movi_c_v13_01,temporal_back,12,cosine,7.423262596130371,1386,False,1.0
movi_c_v13_01,temporal_back,12,inner_product,31.213029861450195,1730,False,1.0
movi_c_v13_01,temporal_front,1,l1,0.7210674285888672,436,False,0.9925950765609741
movi_c_v13_01,temporal_front,1,l2,1.1773420572280884,426,False,0.9956130385398865
movi_c_v13_01,temporal_front,1,cosine,2.1855921745300293,487,False,0.9961013197898865
movi_c_v13_01,temporal_front,1,inner_product,3.7892045974731445,806,False,0.9949712753295898
movi_c_v13_01,temporal_front,2,l1,3.631822347640991,1392,False,0.9971008896827698
movi_c_v13_01,temporal_front,2,l2,5.323851585388184,1367,False,0.9966228604316711
movi_c_v13_01,temporal_front,2,cosine,7.8827948570251465,1373,False,0.9967496991157532
movi_c_v13_01,temporal_front,2,inner_product,4.036105632781982,1387,False,0.9866361618041992
movi_c_v13_01,temporal_front,3,l1,2.5378687381744385,951,False,0.9910364151000977
movi_c_v13_01,temporal_front,3,l2,3.3498878479003906,901,False,0.9887694716453552
movi_c_v13_01,temporal_front,3,cosine,5.378724098205566,929,False,0.9902647733688354
movi_c_v13_01,temporal_front,3,inner_product,3.643885612487793,982,False,0.9838359355926514
movi_c_v13_01,temporal_front,4,l1,16.339582443237305,1770,False,0.9907635450363159
movi_c_v13_01,temporal_front,4,l2,30.440921783447266,1784,False,0.9952365756034851
movi_c_v13_01,temporal_front,4,cosine,41.645965576171875,1781,False,0.9933563470840454
movi_c_v13_01,temporal_front,4,inner_product,0.7966509461402893,268,False,0.9637724757194519
movi_c_v13_01,temporal_front,5,l1,1.5143115520477295,701,False,0.9693199396133423
movi_c_v13_01,temporal_front,5,l2,1.8532832860946655,610,False,0.9678400158882141
movi_c_v13_01,temporal_front,5,cosine,3.0144569873809814,618,False,0.974340558052063
movi_c_v13_01,temporal_front,5,inner_product,3.261759042739868,706,False,0.972990870475769
movi_c_v13_01,temporal_front,6,l1,5.337320327758789,1135,False,0.9968336820602417
movi_c_v13_01,temporal_front,6,l2,8.538307189941406,1142,False,0.9975892901420593
movi_c_v13_01,temporal_front,6,cosine,12.007071495056152,1129,False,0.9973238706588745
movi_c_v13_01,temporal_front,6,inner_product,3.661449909210205,793,False,0.9698386192321777
movi_c_v13_01,temporal_front,7,l1,2.285120964050293,911,False,0.9966120719909668
movi_c_v13_01,temporal_front,7,l2,3.837368965148926,1011,False,0.9945789575576782
movi_c_v13_01,temporal_front,7,cosine,6.015111923217773,1025,False,0.9938570261001587
movi_c_v13_01,temporal_front,7,inner_product,6.002764701843262,1169,False,0.9786264896392822
movi_c_v13_01,temporal_front,8,l1,1.1466398239135742,827,False,0.9755823612213135
movi_c_v13_01,temporal_front,8,l2,1.8554787635803223,888,False,0.9752838611602783
movi_c_v13_01,temporal_front,8,cosine,3.069035053253174,942,False,0.9747327566146851
movi_c_v13_01,temporal_front,8,inner_product,3.7599854469299316,1140,False,0.9724631309509277
movi_c_v13_01,temporal_front,9,l1,1.2617058753967285,944,False,0.9758140444755554
movi_c_v13_01,temporal_front,9,l2,2.5792641639709473,1219,False,0.9761542081832886
movi_c_v13_01,temporal_front,9,cosine,5.161823272705078,1382,False,0.9771735072135925
movi_c_v13_01,temporal_front,9,inner_product,11.745382308959961,1679,False,0.9738360643386841
movi_c_v13_01,temporal_front,10,l1,1.250704050064087,939,False,0.9412777423858643
movi_c_v13_01,temporal_front,10,l2,2.008495807647705,1060,False,0.9301902055740356
movi_c_v13_01,temporal_front,10,cosine,5.056232452392578,1327,False,0.9710443615913391
movi_c_v13_01,temporal_front,10,inner_product,18.801673889160156,1654,False,0.993722140789032
movi_c_v13_01,temporal_front,11,l1,1.2355690002441406,1098,False,0.9689164757728577
movi_c_v13_01,temporal_front,11,l2,2.9183335304260254,1408,False,0.9736193418502808
movi_c_v13_01,temporal_front,11,cosine,7.2279133796691895,1630,False,0.9826160669326782
movi_c_v13_01,temporal_front,11,inner_product,20.587322235107422,1778,False,0.99165940284729
movi_c_v13_01,temporal_front,12,l1,2.39530611038208,1093,False,1.0
movi_c_v13_01,temporal_front,12,l2,3.6412811279296875,1122,False,0.9999999403953552
movi_c_v13_01,temporal_front,12,cosine,8.92098617553711,1466,False,1.0000001192092896
movi_c_v13_01,temporal_front,12,inner_product,30.933639526367188,1760,False,1.0
movi_c_v13_01,temporal_middle,1,l1,0.6817965507507324,213,False,0.9956309795379639
movi_c_v13_01,temporal_middle,1,l2,0.8798474073410034,187,False,0.9956163763999939
movi_c_v13_01,temporal_middle,1,cosine,1.1481781005859375,151,False,0.9947984218597412
movi_c_v13_01,temporal_middle,1,inner_product,0.6269110441207886,114,False,0.9899263978004456
movi_c_v13_01,temporal_middle,2,l1,2.6745476722717285,663,False,0.9994080066680908
movi_c_v13_01,temporal_middle,2,l2,3.5972869396209717,627,False,0.9991360902786255
movi_c_v13_01,temporal_middle,2,cosine,5.356175899505615,595,False,0.9990338683128357
movi_c_v13_01,temporal_middle,2,inner_product,3.633512496948242,496,False,0.9969817399978638
movi_c_v13_01,temporal_middle,3,l1,1.0774381160736084,476,False,0.9965590834617615
movi_c_v13_01,temporal_middle,3,l2,1.6241509914398193,467,False,0.9960596561431885
movi_c_v13_01,temporal_middle,3,cosine,2.901153564453125,475,False,0.9968840479850769
movi_c_v13_01,temporal_middle,3,inner_product,3.6095800399780273,544,False,0.9938227534294128
movi_c_v13_01,temporal_middle,4,l1,17.66168212890625,1785,False,0.9969133138656616
movi_c_v13_01,temporal_middle,4,l2,30.53908920288086,1786,False,0.9972808361053467
movi_c_v13_01,temporal_middle,4,cosine,49.131290435791016,1787,False,0.9976174235343933
movi_c_v13_01,temporal_middle,4,inner_product,25.507572174072266,1745,False,0.9927994608879089
movi_c_v13_01,temporal_middle,5,l1,1.2332234382629395,921,False,0.9625566601753235
movi_c_v13_01,temporal_middle,5,l2,1.6336373090744019,840,False,0.9597465991973877
movi_c_v13_01,temporal_middle,5,cosine,2.3930344581604004,796,False,0.9545066952705383
movi_c_v13_01,temporal_middle,5,inner_product,1.8541533946990967,656,False,0.9179564118385315
movi_c_v13_01,temporal_middle,6,l1,2.28652286529541,977,False,0.9958685636520386
movi_c_v13_01,temporal_middle,6,l2,3.5739054679870605,977,False,0.9956210851669312
movi_c_v13_01,temporal_middle,6,cosine,5.227805137634277,954,False,0.9946976900100708
movi_c_v13_01,temporal_middle,6,inner_product,2.419454574584961,602,False,0.956746518611908
movi_c_v13_01,temporal_middle,7,l1,2.4699907302856445,1275,False,0.9925141930580139
movi_c_v13_01,temporal_middle,7,l2,4.11195707321167,1290,False,0.9938632845878601
movi_c_v13_01,temporal_middle,7,cosine,6.954500675201416,1318,False,0.9943181872367859
movi_c_v13_01,temporal_middle,7,inner_product,8.712409973144531,1295,False,0.9883885979652405
movi_c_v13_01,temporal_middle,8,l1,0.7510895133018494,869,False,0.9686736464500427
movi_c_v13_01,temporal_middle,8,l2,1.4938664436340332,1005,False,0.971490740776062
movi_c_v13_01,temporal_middle,8,cosine,2.502242088317871,1027,False,0.973361074924469
movi_c_v13_01,temporal_middle,8,inner_product,3.393731117248535,1125,False,0.9718382358551025
movi_c_v13_01,temporal_middle,9,l1,0.9728782176971436,1039,False,0.954168975353241
movi_c_v13_01,temporal_middle,9,l2,1.9114090204238892,1198,False,0.9605879187583923
movi_c_v13_01,temporal_middle,9,cosine,3.738347291946411,1321,False,0.9618390202522278
movi_c_v13_01,temporal_middle,9,inner_product,10.147605895996094,1644,False,0.9725035429000854
movi_c_v13_01,temporal_middle,10,l1,0.6298079490661621,787,False,0.922939121723175
movi_c_v13_01,temporal_middle,10,l2,1.162782907485962,915,False,0.9412402510643005
movi_c_v13_01,temporal_middle,10,cosine,2.8901944160461426,1150,False,0.9675575494766235
movi_c_v13_01,temporal_middle,10,inner_product,14.781587600708008,1563,False,0.9889715313911438
movi_c_v13_01,temporal_middle,11,l1,1.3296444416046143,1136,False,0.9731331467628479
movi_c_v13_01,temporal_middle,11,l2,2.4731006622314453,1338,False,0.9764955043792725
movi_c_v13_01,temporal_middle,11,cosine,5.605658531188965,1555,False,0.9829318523406982
movi_c_v13_01,temporal_middle,11,inner_product,18.456058502197266,1788,False,0.9916019439697266
movi_c_v13_01,temporal_middle,12,l1,3.3883919715881348,1309,False,0.9999998807907104
movi_c_v13_01,temporal_middle,12,l2,4.299703598022461,1216,False,0.9999999403953552
movi_c_v13_01,temporal_middle,12,cosine,9.342199325561523,1439,False,1.0
movi_c_v13_01,temporal_middle,12,inner_product,30.874439239501953,1750,False,1.0000001192092896
movi_c_v13_02,spatial_block,1,l1,1.0091979503631592,651,False,0.9983890652656555
movi_c_v13_02,spatial_block,1,l2,1.2819719314575195,650,False,0.9983600378036499
movi_c_v13_02,spatial_block,1,cosine,1.6419267654418945,611,False,0.998054027557373
movi_c_v13_02,spatial_block,1,inner_product,1.3831374645233154,551,False,0.9851537346839905
movi_c_v13_02,spatial_block,2,l1,0.5114586353302002,639,False,0.9894117712974548
movi_c_v13_02,spatial_block,2,l2,0.9140257835388184,803,False,0.9890214800834656
movi_c_v13_02,spatial_block,2,cosine,1.271536946296692,749,False,0.9919200539588928
movi_c_v13_02,spatial_block,2,inner_product,1.021163821220398,483,False,0.9751229286193848
movi_c_v13_02,spatial_block,3,l1,0.9120087623596191,941,False,0.9880001544952393
movi_c_v13_02,spatial_block,3,l2,1.0594700574874878,869,False,0.9851143956184387
movi_c_v13_02,spatial_block,3,cosine,1.29276442527771,788,False,0.9824416041374207
movi_c_v13_02,spatial_block,3,inner_product,0.5441916584968567,419,False,0.7773782014846802
movi_c_v13_02,spatial_block,4,l1,3.9569337368011475,963,False,0.9933213591575623
movi_c_v13_02,spatial_block,4,l2,6.852624893188477,948,False,0.9922407865524292
movi_c_v13_02,spatial_block,4,cosine,8.958516120910645,900,False,0.9919193983078003
movi_c_v13_02,spatial_block,4,inner_product,1.7405648231506348,470,False,0.9651427865028381
movi_c_v13_02,spatial_block,5,l1,1.7100739479064941,1283,False,0.9721459150314331
movi_c_v13_02,spatial_block,5,l2,2.0785841941833496,1162,False,0.9667792916297913
movi_c_v13_02,spatial_block,5,cosine,3.0908541679382324,1177,False,0.9659667611122131
movi_c_v13_02,spatial_block,5,inner_product,4.996790885925293,1100,False,0.9671962857246399
movi_c_v13_02,spatial_block,6,l1,1.7509955167770386,1022,False,0.9958711266517639
movi_c_v13_02,spatial_block,6,l2,2.413245916366577,986,False,0.9960319995880127
movi_c_v13_02,spatial_block,6,cosine,3.4688217639923096,1010,False,0.9943321347236633
movi_c_v13_02,spatial_block,6,inner_product,6.170184135437012,1049,False,0.9734698534011841
movi_c_v13_02,spatial_block,7,l1,1.4201912879943848,848,False,0.9951522350311279
movi_c_v13_02,spatial_block,7,l2,2.5042030811309814,880,False,0.9968026876449585
movi_c_v13_02,spatial_block,7,cosine,3.6147384643554688,905,False,0.9957759976387024
movi_c_v13_02,spatial_block,7,inner_product,7.274973392486572,1127,False,0.9745857119560242
movi_c_v13_02,spatial_block,8,l1,1.5055357217788696,1290,False,0.993442177772522
movi_c_v13_02,spatial_block,8,l2,2.218996286392212,1379,False,0.9923505783081055
movi_c_v13_02,spatial_block,8,cosine,3.519826889038086,1450,False,0.9924984574317932
movi_c_v13_02,spatial_block,8,inner_product,8.32138729095459,1409,False,0.9894989728927612
movi_c_v13_02,spatial_block,9,l1,0.8096413016319275,1023,False,0.9710227847099304
movi_c_v13_02,spatial_block,9,l2,2.047791004180908,1249,False,0.9868084192276001
movi_c_v13_02,spatial_block,9,cosine,3.465336322784424,1340,False,0.9874311685562134
movi_c_v13_02,spatial_block,9,inner_product,12.373174667358398,1500,False,0.9896789789199829
movi_c_v13_02,spatial_block,10,l1,1.4597949981689453,1183,False,0.9370525479316711
movi_c_v13_02,spatial_block,10,l2,1.9724093675613403,1231,False,0.9538252949714661
movi_c_v13_02,spatial_block,10,cosine,3.944046974182129,1448,False,0.9744791388511658
movi_c_v13_02,spatial_block,10,inner_product,23.664119720458984,1698,False,0.9971405863761902
movi_c_v13_02,spatial_block,11,l1,0.7452002167701721,874,False,0.9663412570953369
movi_c_v13_02,spatial_block,11,l2,1.8821717500686646,1269,False,0.9796496629714966
movi_c_v13_02,spatial_block,11,cosine,3.665520668029785,1468,False,0.9842995405197144
movi_c_v13_02,spatial_block,11,inner_product,18.659273147583008,1760,False,0.9917401671409607
movi_c_v13_02,spatial_block,12,l1,1.4381709098815918,1021,False,1.0
movi_c_v13_02,spatial_block,12,l2,2.003009796142578,1069,False,0.9999999403953552
movi_c_v13_02,spatial_block,12,cosine,4.21699333190918,1339,False,0.9999998807907104
movi_c_v13_02,spatial_block,12,inner_product,29.246305465698242,1759,False,1.0
movi_c_v13_02,spatial_scattered,1,l1,1.270850419998169,809,False,0.993993878364563
movi_c_v13_02,spatial_scattered,1,l2,1.8701362609863281,848,False,0.9944107532501221
movi_c_v13_02,spatial_scattered,1,cosine,2.3262674808502197,808,False,0.9963659644126892
movi_c_v13_02,spatial_scattered,1,inner_product,2.1917452812194824,630,False,0.9937061667442322
movi_c_v13_02,spatial_scattered,2,l1,1.338987946510315,923,False,0.9963569045066833
movi_c_v13_02,spatial_scattered,2,l2,2.260200023651123,1043,False,0.9956656098365784
movi_c_v13_02,spatial_scattered,2,cosine,2.643160581588745,961,False,0.9947675466537476
movi_c_v13_02,spatial_scattered,2,inner_product,1.086327075958252,630,False,0.9642574191093445
movi_c_v13_02,spatial_scattered,3,l1,0.9742076992988586,932,False,0.9878134727478027
movi_c_v13_02,spatial_scattered,3,l2,1.7667899131774902,1012,False,0.9821771383285522
movi_c_v13_02,spatial_scattered,3,cosine,2.1209325790405273,977,False,0.972229540348053
movi_c_v13_02,spatial_scattered,3,inner_product,0.3757174015045166,403,False,0.7413048148155212
movi_c_v13_02,spatial_scattered,4,l1,14.813858032226562,1780,False,0.9965332746505737
movi_c_v13_02,spatial_scattered,4,l2,24.837448120117188,1786,False,0.9953463077545166
movi_c_v13_02,spatial_scattered,4,cosine,27.816707611083984,1778,False,0.9956226348876953
movi_c_v13_02,spatial_scattered,4,inner_product,5.976807117462158,1249,False,0.9801970720291138
movi_c_v13_02,spatial_scattered,5,l1,2.396498203277588,1232,False,0.9740510582923889
movi_c_v13_02,spatial_scattered,5,l2,3.4878501892089844,1226,False,0.9724044799804688
movi_c_v13_02,spatial_scattered,5,cosine,4.4725565910339355,1184,False,0.9679957628250122
movi_c_v13_02,spatial_scattered,5,inner_product,2.8922171592712402,895,False,0.9569075703620911
movi_c_v13_02,spatial_scattered,6,l1,3.1010217666625977,1051,False,0.9986993074417114
movi_c_v13_02,spatial_scattered,6,l2,5.134297847747803,1048,False,0.9984273314476013
movi_c_v13_02,spatial_scattered,6,cosine,6.332040786743164,1060,False,0.9974243640899658
movi_c_v13_02,spatial_scattered,6,inner_product,4.64716100692749,918,False,0.9677642583847046
movi_c_v13_02,spatial_scattered,7,l1,2.3115062713623047,883,False,0.9982820153236389
movi_c_v13_02,spatial_scattered,7,l2,4.303266525268555,939,False,0.9980842471122742
movi_c_v13_02,spatial_scattered,7,cosine,5.861639022827148,951,False,0.9969658255577087
movi_c_v13_02,spatial_scattered,7,inner_product,6.044466495513916,1218,False,0.962801456451416
movi_c_v13_02,spatial_scattered,8,l1,1.6524077653884888,1026,False,0.9968734383583069
movi_c_v13_02,spatial_scattered,8,l2,2.795022964477539,1101,False,0.9968655109405518
movi_c_v13_02,spatial_scattered,8,cosine,4.311214447021484,1244,False,0.9961053729057312
movi_c_v13_02,spatial_scattered,8,inner_product,6.25496768951416,1395,False,0.9884819388389587
movi_c_v13_02,spatial_scattered,9,l1,0.6839128136634827,911,False,0.9586201906204224
movi_c_v13_02,spatial_scattered,9,l2,2.3817343711853027,1238,False,0.9862889051437378
movi_c_v13_02,spatial_scattered,9,cosine,4.832281112670898,1483,False,0.9887232184410095
movi_c_v13_02,spatial_scattered,9,inner_product,11.691896438598633,1684,False,0.9867528080940247
movi_c_v13_02,spatial_scattered,10,l1,1.7731255292892456,913,False,0.9938870668411255
movi_c_v13_02,spatial_scattered,10,l2,2.8940634727478027,1010,False,0.9937581419944763
movi_c_v13_02,spatial_scattered,10,cosine,7.039962291717529,1453,False,0.9957587122917175
movi_c_v13_02,spatial_scattered,10,inner_product,25.661651611328125,1737,False,0.9962413907051086
movi_c_v13_02,spatial_scattered,11,l1,1.0988256931304932,874,False,0.9782679080963135
movi_c_v13_02,spatial_scattered,11,l2,2.475224018096924,1253,False,0.9817934036254883
movi_c_v13_02,spatial_scattered,11,cosine,6.309711456298828,1614,False,0.9907476902008057
movi_c_v13_02,spatial_scattered,11,inner_product,18.235694885253906,1775,False,0.993102490901947
movi_c_v13_02,spatial_scattered,12,l1,1.5879377126693726,1048,False,0.9999999403953552
movi_c_v13_02,spatial_scattered,12,l2,2.7783093452453613,1125,False,0.9999998807907104
movi_c_v13_02,spatial_scattered,12,cosine,7.992692947387695,1553,False,0.9999999403953552
movi_c_v13_02,spatial_scattered,12,inner_product,29.088863372802734,1762,False,1.0
movi_c_v13_02,temporal_back,1,l1,4.522754669189453,1243,False,0.9987677931785583
movi_c_v13_02,temporal_back,1,l2,7.420124053955078,1291,False,0.9985929727554321
movi_c_v13_02,temporal_back,1,cosine,10.869626998901367,1309,False,0.9985313415527344
movi_c_v13_02,temporal_back,1,inner_product,5.759039402008057,1179,False,0.9938241243362427
movi_c_v13_02,temporal_back,2,l1,2.7996277809143066,1387,False,0.9971866011619568
movi_c_v13_02,temporal_back,2,l2,4.935349941253662,1493,False,0.9973558187484741
movi_c_v13_02,temporal_back,2,cosine,7.15226936340332,1489,False,0.9972689151763916
movi_c_v13_02,temporal_back,2,inner_product,2.7495439052581787,1094,False,0.9723784923553467
movi_c_v13_02,temporal_back,3,l1,1.6473270654678345,1046,False,0.9923365116119385
movi_c_v13_02,temporal_back,3,l2,2.624408483505249,1106,False,0.9929693341255188
movi_c_v13_02,temporal_back,3,cosine,3.700446844100952,1097,False,0.9917293787002563
movi_c_v13_02,temporal_back,3,inner_product,1.5274637937545776,770,False,0.9157903790473938
movi_c_v13_02,temporal_back,4,l1,23.50192642211914,1786,False,0.9993230104446411
movi_c_v13_02,temporal_back,4,l2,40.74192810058594,1789,False,0.9991830587387085
movi_c_v13_02,temporal_back,4,cosine,59.02885818481445,1787,False,0.9992052912712097
movi_c_v13_02,temporal_back,4,inner_product,21.406230926513672,1681,False,0.9973933100700378
movi_c_v13_02,temporal_back,5,l1,3.7057723999023438,1256,False,0.9943884015083313
movi_c_v13_02,temporal_back,5,l2,5.622298717498779,1286,False,0.9938129782676697
movi_c_v13_02,temporal_back,5,cosine,8.328455924987793,1264,False,0.9932965636253357
movi_c_v13_02,temporal_back,5,inner_product,6.635416030883789,977,False,0.9867040514945984
movi_c_v13_02,temporal_back,6,l1,3.2375473976135254,1248,False,0.9967612028121948
movi_c_v13_02,temporal_back,6,l2,5.111228942871094,1253,False,0.9969953894615173
movi_c_v13_02,temporal_back,6,cosine,7.5239458084106445,1266,False,0.996152400970459
movi_c_v13_02,temporal_back,6,inner_product,5.125977516174316,1013,False,0.9696259498596191
movi_c_v13_02,temporal_back,7,l1,2.5535526275634766,1180,False,0.9950807690620422
movi_c_v13_02,temporal_back,7,l2,5.081626892089844,1200,False,0.9961749911308289
movi_c_v13_02,temporal_back,7,cosine,7.823776721954346,1227,False,0.9959549903869629
movi_c_v13_02,temporal_back,7,inner_product,9.002574920654297,1310,False,0.9772198796272278
movi_c_v13_02,temporal_back,8,l1,2.337231159210205,1527,False,0.9929030537605286
movi_c_v13_02,temporal_back,8,l2,4.616329193115234,1576,False,0.9948675632476807
movi_c_v13_02,temporal_back,8,cosine,7.098647594451904,1591,False,0.9951289892196655
movi_c_v13_02,temporal_back,8,inner_product,6.409580230712891,1494,False,0.982897162437439
movi_c_v13_02,temporal_back,9,l1,1.6998698711395264,1235,False,0.985271692276001
movi_c_v13_02,temporal_back,9,l2,5.359332084655762,1411,False,0.9958467483520508
movi_c_v13_02,temporal_back,9,cosine,8.625005722045898,1471,False,0.9953663349151611
movi_c_v13_02,temporal_back,9,inner_product,13.900839805603027,1696,False,0.9872869253158569
movi_c_v13_02,temporal_back,10,l1,2.9356741905212402,1594,False,0.9909620881080627
movi_c_v13_02,temporal_back,10,l2,5.372441291809082,1639,False,0.9935201406478882
movi_c_v13_02,temporal_back,10,cosine,9.254018783569336,1677,False,0.9944627285003662
movi_c_v13_02,temporal_back,10,inner_product,23.850868225097656,1699,False,0.9922280311584473
movi_c_v13_02,temporal_back,11,l1,2.674443244934082,1572,False,0.9792485237121582
movi_c_v13_02,temporal_back,11,l2,5.340580463409424,1696,False,0.9874822497367859
movi_c_v13_02,temporal_back,11,cosine,9.30410099029541,1729,False,0.9893824458122253
movi_c_v13_02,temporal_back,11,inner_product,20.42397689819336,1771,False,0.9938039183616638
movi_c_v13_02,temporal_back,12,l1,2.7210545539855957,1155,False,0.9999998807907104
movi_c_v13_02,temporal_back,12,l2,4.159683704376221,1255,False,1.0000001192092896
movi_c_v13_02,temporal_back,12,cosine,8.289031982421875,1392,False,1.0
movi_c_v13_02,temporal_back,12,inner_product,33.07638931274414,1716,False,1.0
movi_c_v13_02,temporal_front,1,l1,0.6464710235595703,404,False,0.9886130094528198
movi_c_v13_02,temporal_front,1,l2,0.8157323598861694,331,False,0.9914297461509705
movi_c_v13_02,temporal_front,1,cosine,1.596015453338623,394,False,0.9929272532463074
movi_c_v13_02,temporal_front,1,inner_product,6.447065830230713,988,False,0.9972524642944336
movi_c_v13_02,temporal_front,2,l1,3.4283173084259033,1242,False,0.9978621006011963
movi_c_v13_02,temporal_front,2,l2,4.76946496963501,1170,False,0.9977467060089111
movi_c_v13_02,temporal_front,2,cosine,7.147538185119629,1212,False,0.9982117414474487
movi_c_v13_02,temporal_front,2,inner_product,6.884066581726074,1558,False,0.9947497248649597
movi_c_v13_02,temporal_front,3,l1,2.2965025901794434,961,False,0.9908030033111572
movi_c_v13_02,temporal_front,3,l2,3.1204867362976074,910,False,0.9902105331420898
movi_c_v13_02,temporal_front,3,cosine,4.483217239379883,914,False,0.9920336008071899
movi_c_v13_02,temporal_front,3,inner_product,2.853628158569336,812,False,0.9781410098075867
movi_c_v13_02,temporal_front,4,l1,1.9546537399291992,656,False,0.9802286624908447
movi_c_v13_02,temporal_front,4,l2,4.678834915161133,942,False,0.963006854057312
movi_c_v13_02,temporal_front,4,cosine,4.577141284942627,685,False,0.9737700819969177
movi_c_v13_02,temporal_front,4,inner_product,0.01147371344268322,7,False,0.839173436164856
movi_c_v13_02,temporal_front,5,l1,1.4750679731369019,691,False,0.9897017478942871
movi_c_v13_02,temporal_front,5,l2,2.1339521408081055,658,False,0.9882076978683472
movi_c_v13_02,temporal_front,5,cosine,3.1493964195251465,675,False,0.9890251755714417
movi_c_v13_02,temporal_front,5,inner_product,2.328549385070801,693,False,0.9606870412826538
movi_c_v13_02,temporal_front,6,l1,4.621172904968262,1077,False,0.9979898929595947
movi_c_v13_02,temporal_front,6,l2,7.413482666015625,1092,False,0.998690128326416
movi_c_v13_02,temporal_front,6,cosine,9.826147079467773,1083,False,0.9987064599990845
movi_c_v13_02,temporal_front,6,inner_product,4.234776020050049,983,False,0.9644725918769836
movi_c_v13_02,temporal_front,7,l1,1.8788683414459229,727,False,0.997488260269165
movi_c_v13_02,temporal_front,7,l2,3.4428319931030273,772,False,0.9973031282424927
movi_c_v13_02,temporal_front,7,cosine,5.193214416503906,822,False,0.9967073202133179
movi_c_v13_02,temporal_front,7,inner_product,6.217432975769043,1169,False,0.9773428440093994
movi_c_v13_02,temporal_front,8,l1,1.6448450088500977,984,False,0.9870092272758484
movi_c_v13_02,temporal_front,8,l2,2.713488817214966,1036,False,0.9864915609359741
movi_c_v13_02,temporal_front,8,cosine,4.370922565460205,1085,False,0.988001823425293
movi_c_v13_02,temporal_front,8,inner_product,5.474012851715088,1217,False,0.9872434139251709
movi_c_v13_02,temporal_front,9,l1,2.0605828762054443,1165,False,0.9886705875396729
movi_c_v13_02,temporal_front,9,l2,3.911353826522827,1312,False,0.9931902289390564
movi_c_v13_02,temporal_front,9,cosine,7.324431419372559,1478,False,0.9950855374336243
movi_c_v13_02,temporal_front,9,inner_product,14.200353622436523,1715,False,0.9903662204742432
movi_c_v13_02,temporal_front,10,l1,1.432396650314331,1035,False,0.8901839852333069
movi_c_v13_02,temporal_front,10,l2,2.1320960521698,1051,False,0.8837701678276062
movi_c_v13_02,temporal_front,10,cosine,5.202602863311768,1364,False,0.9532918930053711
movi_c_v13_02,temporal_front,10,inner_product,20.92188262939453,1666,False,0.9962167739868164
movi_c_v13_02,temporal_front,11,l1,0.643600583076477,747,False,0.9581362009048462
movi_c_v13_02,temporal_front,11,l2,1.6722856760025024,1148,False,0.9670300483703613
movi_c_v13_02,temporal_front,11,cosine,4.845724105834961,1551,False,0.9825694561004639
movi_c_v13_02,temporal_front,11,inner_product,18.998279571533203,1766,False,0.9927611351013184
movi_c_v13_02,temporal_front,12,l1,1.9007115364074707,871,False,0.9999999403953552
movi_c_v13_02,temporal_front,12,l2,2.697026491165161,922,False,1.0
movi_c_v13_02,temporal_front,12,cosine,6.814354419708252,1359,False,1.0
movi_c_v13_02,temporal_front,12,inner_product,31.640247344970703,1760,False,1.0000001192092896
movi_c_v13_02,temporal_middle,1,l1,0.12364247441291809,117,False,0.9898913502693176
movi_c_v13_02,temporal_middle,1,l2,0.22885191440582275,142,False,0.992031991481781
movi_c_v13_02,temporal_middle,1,cosine,0.3020138740539551,128,False,0.9938455820083618
movi_c_v13_02,temporal_middle,1,inner_product,0.40167880058288574,149,False,0.9864402413368225
movi_c_v13_02,temporal_middle,2,l1,1.1809602975845337,547,False,0.9982746839523315
movi_c_v13_02,temporal_middle,2,l2,1.6604007482528687,585,False,0.9973824620246887
movi_c_v13_02,temporal_middle,2,cosine,2.387453079223633,524,False,0.9981294870376587
movi_c_v13_02,temporal_middle,2,inner_product,1.843518614768982,431,False,0.9927878975868225
movi_c_v13_02,temporal_middle,3,l1,0.8154577016830444,546,False,0.993074893951416
movi_c_v13_02,temporal_middle,3,l2,1.3318403959274292,587,False,0.9920948147773743
movi_c_v13_02,temporal_middle,3,cosine,2.0601260662078857,578,False,0.9951071739196777
movi_c_v13_02,temporal_middle,3,inner_product,2.1231257915496826,482,False,0.9827693700790405
movi_c_v13_02,temporal_middle,4,l1,3.1759636402130127,1201,False,0.9899460673332214
movi_c_v13_02,temporal_middle,4,l2,11.098433494567871,1625,False,0.9911450147628784
movi_c_v13_02,temporal_middle,4,cosine,18.21706199645996,1676,False,0.9959461092948914
movi_c_v13_02,temporal_middle,4,inner_product,7.036149501800537,1345,False,0.9483473896980286
movi_c_v13_02,temporal_middle,5,l1,2.015111207962036,1227,False,0.9953765273094177
movi_c_v13_02,temporal_middle,5,l2,2.9540205001831055,1171,False,0.995492160320282
movi_c_v13_02,temporal_middle,5,cosine,4.283252239227295,1184,False,0.9944364428520203
movi_c_v13_02,temporal_middle,5,inner_product,3.6678686141967773,859,False,0.9810364246368408
movi_c_v13_02,temporal_middle,6,l1,2.518118381500244,990,False,0.9971969127655029
movi_c_v13_02,temporal_middle,6,l2,4.331915855407715,1004,False,0.998276948928833
movi_c_v13_02,temporal_middle,6,cosine,5.521228790283203,993,False,0.9979929327964783
movi_c_v13_02,temporal_middle,6,inner_product,2.555385112762451,818,False,0.9418894648551941
movi_c_v13_02,temporal_middle,7,l1,1.2672171592712402,791,False,0.9921002388000488
movi_c_v13_02,temporal_middle,7,l2,2.446092128753662,866,False,0.9945347309112549
movi_c_v13_02,temporal_middle,7,cosine,3.722759246826172,961,False,0.9937549829483032
movi_c_v13_02,temporal_middle,7,inner_product,6.437943935394287,1185,False,0.980692446231842
movi_c_v13_02,temporal_middle,8,l1,0.9101914763450623,948,False,0.9843130111694336
movi_c_v13_02,temporal_middle,8,l2,1.8269041776657104,1044,False,0.9887437224388123
movi_c_v13_02,temporal_middle,8,cosine,2.828089714050293,1114,False,0.9887986183166504
movi_c_v13_02,temporal_middle,8,inner_product,4.140494346618652,1263,False,0.9776888489723206
movi_c_v13_02,temporal_middle,9,l1,1.6790833473205566,1231,False,0.984849750995636
movi_c_v13_02,temporal_middle,9,l2,3.1079866886138916,1390,False,0.9902629256248474
movi_c_v13_02,temporal_middle,9,cosine,5.868712425231934,1549,False,0.9918922185897827
movi_c_v13_02,temporal_middle,9,inner_product,12.163799285888672,1707,False,0.9873712658882141
movi_c_v13_02,temporal_middle,10,l1,0.5644362568855286,715,False,0.9508644938468933
movi_c_v13_02,temporal_middle,10,l2,1.5598773956298828,1001,False,0.9770834445953369
movi_c_v13_02,temporal_middle,10,cosine,3.850745677947998,1372,False,0.9876354336738586
movi_c_v13_02,temporal_middle,10,inner_product,19.46703338623047,1656,False,0.9930499196052551
movi_c_v13_02,temporal_middle,11,l1,0.8528617024421692,1051,False,0.9687724709510803
movi_c_v13_02,temporal_middle,11,l2,1.8536573648452759,1355,False,0.972886860370636
movi_c_v13_02,temporal_middle,11,cosine,5.05079460144043,1671,False,0.9856522679328918
movi_c_v13_02,temporal_middle,11,inner_product,19.579753875732422,1773,False,0.9938482046127319
movi_c_v13_02,temporal_middle,12,l1,2.3190817832946777,1311,False,0.9999999403953552
movi_c_v13_02,temporal_middle,12,l2,2.9657342433929443,1297,False,1.0
movi_c_v13_02,temporal_middle,12,cosine,8.14458179473877,1623,False,0.9999999403953552
movi_c_v13_02,temporal_middle,12,inner_product,31.573280334472656,1731,False,1.0
movi_c_v13_03,spatial_block,1,l1,1.68760347366333,976,False,0.9988707900047302
movi_c_v13_03,spatial_block,1,l2,1.995004415512085,988,False,0.998483419418335
movi_c_v13_03,spatial_block,1,cosine,2.550930976867676,999,False,0.9986678957939148
movi_c_v13_03,spatial_block,1,inner_product,1.2091096639633179,702,False,0.9551337957382202
movi_c_v13_03,spatial_block,2,l1,0.8063846826553345,887,False,0.993285596370697
movi_c_v13_03,spatial_block,2,l2,0.9454260468482971,907,False,0.9921021461486816
movi_c_v13_03,spatial_block,2,cosine,1.1316077709197998,851,False,0.9919770359992981
movi_c_v13_03,spatial_block,2,inner_product,0.7256172299385071,454,False,0.943315863609314
movi_c_v13_03,spatial_block,3,l1,0.2338331639766693,460,False,0.9811007380485535
movi_c_v13_03,spatial_block,3,l2,0.39366406202316284,600,False,0.977774977684021
movi_c_v13_03,spatial_block,3,cosine,0.4421401619911194,552,False,0.9750426411628723
movi_c_v13_03,spatial_block,3,inner_product,0.33373570442199707,331,False,0.7841460704803467
movi_c_v13_03,spatial_block,4,l1,0.30120620131492615,524,False,0.9537519812583923
movi_c_v13_03,spatial_block,4,l2,0.7988640069961548,896,False,0.9624996781349182
movi_c_v13_03,spatial_block,4,cosine,0.8574261665344238,788,False,0.9671156406402588
movi_c_v13_03,spatial_block,4,inner_product,0.08041684329509735,57,False,0.8273606896400452
movi_c_v13_03,spatial_block,5,l1,0.590457022190094,1048,False,0.9760779142379761
movi_c_v13_03,spatial_block,5,l2,0.3909751772880554,730,False,0.9560637474060059
movi_c_v13_03,spatial_block,5,cosine,0.637171745300293,825,False,0.9566495418548584
movi_c_v13_03,spatial_block,5,inner_product,4.498888969421387,1449,False,0.9646092057228088
movi_c_v13_03,spatial_block,6,l1,0.5049830079078674,710,False,0.9645792245864868
movi_c_v13_03,spatial_block,6,l2,0.7087106108665466,719,False,0.9656326174736023
movi_c_v13_03,spatial_block,6,cosine,0.8485655784606934,721,False,0.953974723815918
movi_c_v13_03,spatial_block,6,inner_product,3.796947479248047,1097,False,0.942820131778717
movi_c_v13_03,spatial_block,7,l1,0.7441723346710205,855,False,0.9791722297668457
movi_c_v13_03,spatial_block,7,l2,1.3763937950134277,911,False,0.9860146045684814
movi_c_v13_03,spatial_block,7,cosine,1.9372868537902832,1031,False,0.9789866805076599
movi_c_v13_03,spatial_block,7,inner_product,11.623589515686035,1493,False,0.9898989796638489
movi_c_v13_03,spatial_block,8,l1,1.071500539779663,1206,False,0.9925895929336548
movi_c_v13_03,spatial_block,8,l2,1.1748861074447632,1181,False,0.9891959428787231
movi_c_v13_03,spatial_block,8,cosine,1.9014111757278442,1344,False,0.9889748096466064
movi_c_v13_03,spatial_block,8,inner_product,10.30551528930664,1560,False,0.9904755353927612
movi_c_v13_03,spatial_block,9,l1,1.3341219425201416,1437,False,0.9726978540420532
movi_c_v13_03,spatial_block,9,l2,2.6965034008026123,1611,False,0.9812423586845398
movi_c_v13_03,spatial_block,9,cosine,4.2131876945495605,1649,False,0.9833609461784363
movi_c_v13_03,spatial_block,9,inner_product,12.594891548156738,1673,False,0.9825515747070312
movi_c_v13_03,spatial_block,10,l1,0.5338559150695801,837,False,0.9689220190048218
movi_c_v13_03,spatial_block,10,l2,0.5463995933532715,726,False,0.9613192081451416
movi_c_v13_03,spatial_block,10,cosine,1.4356539249420166,1057,False,0.9771116375923157
movi_c_v13_03,spatial_block,10,inner_product,20.400161743164062,1606,False,0.9957382678985596
movi_c_v13_03,spatial_block,11,l1,1.551292061805725,1433,False,0.9810594916343689
movi_c_v13_03,spatial_block,11,l2,2.5379786491394043,1582,False,0.9815746545791626
movi_c_v13_03,spatial_block,11,cosine,3.9673256874084473,1654,False,0.9834157228469849
movi_c_v13_03,spatial_block,11,inner_product,12.874750137329102,1711,False,0.9852583408355713
movi_c_v13_03,spatial_block,12,l1,2.129136562347412,1422,False,1.0000001192092896
movi_c_v13_03,spatial_block,12,l2,2.4744601249694824,1332,False,1.0000001192092896
movi_c_v13_03,spatial_block,12,cosine,4.590149402618408,1507,False,0.9999998807907104
movi_c_v13_03,spatial_block,12,inner_product,26.73261070251465,1766,False,0.9999999403953552
movi_c_v13_03,spatial_scattered,1,l1,0.9512664079666138,596,False,0.9943132996559143
movi_c_v13_03,spatial_scattered,1,l2,1.7471199035644531,691,False,0.9944226145744324
movi_c_v13_03,spatial_scattered,1,cosine,2.245302438735962,688,False,0.9951719045639038
movi_c_v13_03,spatial_scattered,1,inner_product,2.288487434387207,704,False,0.9899961352348328
movi_c_v13_03,spatial_scattered,2,l1,1.0946080684661865,807,False,0.9962080121040344
movi_c_v13_03,spatial_scattered,2,l2,2.178131103515625,998,False,0.9966211318969727
movi_c_v13_03,spatial_scattered,2,cosine,2.7478442192077637,989,False,0.9965262413024902
movi_c_v13_03,spatial_scattered,2,inner_product,0.7708333134651184,498,False,0.9545465111732483
movi_c_v13_03,spatial_scattered,3,l1,1.8829437494277954,957,False,0.9956004023551941
movi_c_v13_03,spatial_scattered,3,l2,3.61275053024292,1072,False,0.9955573678016663
movi_c_v13_03,spatial_scattered,3,cosine,4.580134868621826,1040,False,0.994316041469574
movi_c_v13_03,spatial_scattered,3,inner_product,1.2013764381408691,645,False,0.9191577434539795
movi_c_v13_03,spatial_scattered,4,l1,8.834620475769043,1719,False,0.9918396472930908
movi_c_v13_03,spatial_scattered,4,l2,15.64136028289795,1733,False,0.9883983135223389
movi_c_v13_03,spatial_scattered,4,cosine,18.788022994995117,1730,False,0.9876786470413208
movi_c_v13_03,spatial_scattered,4,inner_product,1.139953374862671,522,False,0.9441802501678467
movi_c_v13_03,spatial_scattered,5,l1,3.3209962844848633,1299,False,0.9816115498542786
movi_c_v13_03,spatial_scattered,5,l2,4.701549530029297,1198,False,0.9762342572212219
movi_c_v13_03,spatial_scattered,5,cosine,5.943991661071777,1175,False,0.972467839717865
movi_c_v13_03,spatial_scattered,5,inner_product,3.655728340148926,1093,False,0.9657745361328125
movi_c_v13_03,spatial_scattered,6,l1,3.0572509765625,985,False,0.9967495799064636
movi_c_v13_03,spatial_scattered,6,l2,5.0098748207092285,994,False,0.9974387288093567
movi_c_v13_03,spatial_scattered,6,cosine,6.537744998931885,994,False,0.9968658089637756
movi_c_v13_03,spatial_scattered,6,inner_product,4.67680549621582,939,False,0.9664119482040405
movi_c_v13_03,spatial_scattered,7,l1,2.746971845626831,873,False,0.9980591535568237
movi_c_v13_03,spatial_scattered,7,l2,4.785512924194336,902,False,0.9985906481742859
movi_c_v13_03,spatial_scattered,7,cosine,6.588006496429443,927,False,0.9985404014587402
movi_c_v13_03,spatial_scattered,7,inner_product,8.177009582519531,1508,False,0.9732457995414734
movi_c_v13_03,spatial_scattered,8,l1,1.7702248096466064,1072,False,0.9959798455238342
movi_c_v13_03,spatial_scattered,8,l2,2.827366352081299,1071,False,0.9957059621810913
movi_c_v13_03,spatial_scattered,8,cosine,4.163567543029785,1134,False,0.9957860112190247
movi_c_v13_03,spatial_scattered,8,inner_product,8.14413070678711,1471,False,0.9907206296920776
movi_c_v13_03,spatial_scattered,9,l1,1.207735300064087,1134,False,0.9785428643226624
movi_c_v13_03,spatial_scattered,9,l2,3.586916446685791,1443,False,0.9888968467712402
movi_c_v13_03,spatial_scattered,9,cosine,6.226873397827148,1571,False,0.9894998073577881
movi_c_v13_03,spatial_scattered,9,inner_product,13.280631065368652,1736,False,0.9818292856216431
movi_c_v13_03,spatial_scattered,10,l1,2.7461581230163574,1223,False,0.9937050938606262
movi_c_v13_03,spatial_scattered,10,l2,4.6464457511901855,1339,False,0.9950574040412903
movi_c_v13_03,spatial_scattered,10,cosine,8.511383056640625,1514,False,0.9960784912109375
movi_c_v13_03,spatial_scattered,10,inner_product,25.845703125,1680,False,0.9958218336105347
movi_c_v13_03,spatial_scattered,11,l1,1.4938163757324219,1039,False,0.9912330508232117
movi_c_v13_03,spatial_scattered,11,l2,3.1225690841674805,1391,False,0.9918562173843384
movi_c_v13_03,spatial_scattered,11,cosine,5.938406944274902,1595,False,0.9936556816101074
movi_c_v13_03,spatial_scattered,11,inner_product,14.559707641601562,1753,False,0.9896095991134644
movi_c_v13_03,spatial_scattered,12,l1,1.3410561084747314,919,False,1.0000001192092896
movi_c_v13_03,spatial_scattered,12,l2,2.0475144386291504,939,False,1.0
movi_c_v13_03,spatial_scattered,12,cosine,4.914872169494629,1176,False,0.9999999403953552
movi_c_v13_03,spatial_scattered,12,inner_product,26.04962158203125,1752,False,1.0
movi_c_v13_03,temporal_back,1,l1,0.47812744975090027,318,False,0.9974887371063232
movi_c_v13_03,temporal_back,1,l2,0.9226543307304382,408,False,0.9968817830085754
movi_c_v13_03,temporal_back,1,cosine,1.3600945472717285,409,False,0.9967750906944275
movi_c_v13_03,temporal_back,1,inner_product,0.8724937438964844,450,False,0.9804419875144958
movi_c_v13_03,temporal_back,2,l1,0.8431607484817505,843,False,0.9939176440238953
movi_c_v13_03,temporal_back,2,l2,1.4780302047729492,893,False,0.9930095076560974
movi_c_v13_03,temporal_back,2,cosine,2.1754519939422607,861,False,0.9941763281822205
movi_c_v13_03,temporal_back,2,inner_product,1.6074424982070923,812,False,0.9769936800003052
movi_c_v13_03,temporal_back,3,l1,0.8068779110908508,797,False,0.9893813729286194
movi_c_v13_03,temporal_back,3,l2,1.441603183746338,851,False,0.9875087738037109
movi_c_v13_03,temporal_back,3,cosine,2.0113468170166016,794,False,0.9872583746910095
movi_c_v13_03,temporal_back,3,inner_product,1.840245246887207,747,False,0.9497247934341431
movi_c_v13_03,temporal_back,4,l1,3.3306236267089844,1541,False,0.7942429184913635
movi_c_v13_03,temporal_back,4,l2,3.79255747795105,1351,False,0.7587442994117737
movi_c_v13_03,temporal_back,4,cosine,5.020292282104492,1272,False,0.7686035633087158
movi_c_v13_03,temporal_back,4,inner_product,0.8675300478935242,501,False,0.8421148657798767
movi_c_v13_03,temporal_back,5,l1,2.018214702606201,1396,False,0.9760550260543823
movi_c_v13_03,temporal_back,5,l2,3.7425196170806885,1465,False,0.9795573949813843
movi_c_v13_03,temporal_back,5,cosine,5.356322288513184,1448,False,0.9753214716911316
movi_c_v13_03,temporal_back,5,inner_product,2.6627755165100098,1070,False,0.923345148563385
movi_c_v13_03,temporal_back,6,l1,2.7478091716766357,1253,False,0.995110034942627
movi_c_v13_03,temporal_back,6,l2,4.814181804656982,1304,False,0.9974854588508606
movi_c_v13_03,temporal_back,6,cosine,7.183415412902832,1315,False,0.9972782731056213
movi_c_v13_03,temporal_back,6,inner_product,4.251866817474365,1172,False,0.9656476378440857
movi_c_v13_03,temporal_back,7,l1,1.6652053594589233,889,False,0.9960083961486816
movi_c_v13_03,temporal_back,7,l2,3.8713157176971436,1036,False,0.9958915114402771
movi_c_v13_03,temporal_back,7,cosine,6.291235446929932,1094,False,0.9952496886253357
movi_c_v13_03,temporal_back,7,inner_product,10.014537811279297,1495,False,0.9776459336280823
movi_c_v13_03,temporal_back,8,l1,2.8292248249053955,1597,False,0.9937607645988464
movi_c_v13_03,temporal_back,8,l2,5.102713584899902,1559,False,0.9948189854621887
movi_c_v13_03,temporal_back,8,cosine,8.179831504821777,1567,False,0.9951334595680237
movi_c_v13_03,temporal_back,8,inner_product,8.359521865844727,1514,False,0.9886267185211182
movi_c_v13_03,temporal_back,9,l1,1.3436578512191772,965,False,0.9838895201683044
movi_c_v13_03,temporal_back,9,l2,4.853332042694092,1238,False,0.9917380809783936
movi_c_v13_03,temporal_back,9,cosine,8.232400894165039,1313,False,0.9912829399108887
movi_c_v13_03,temporal_back,9,inner_product,13.69202995300293,1632,False,0.9833176136016846
movi_c_v13_03,temporal_back,10,l1,2.7893447875976562,1645,False,0.9861956834793091
movi_c_v13_03,temporal_back,10,l2,6.747681617736816,1720,False,0.9920235276222229
movi_c_v13_03,temporal_back,10,cosine,11.763250350952148,1746,False,0.9934898614883423
movi_c_v13_03,temporal_back,10,inner_product,22.672897338867188,1681,False,0.9934716820716858
movi_c_v13_03,temporal_back,11,l1,0.9618558883666992,867,False,0.9534459710121155
movi_c_v13_03,temporal_back,11,l2,3.3547699451446533,1355,False,0.9746232628822327
movi_c_v13_03,temporal_back,11,cosine,6.358365058898926,1503,False,0.9795781970024109
movi_c_v13_03,temporal_back,11,inner_product,16.389408111572266,1742,False,0.9926091432571411
movi_c_v13_03,temporal_back,12,l1,1.2264549732208252,772,False,1.0
movi_c_v13_03,temporal_back,12,l2,2.3456733226776123,891,False,1.0
movi_c_v13_03,temporal_back,12,cosine,5.176292419433594,1082,False,1.0
movi_c_v13_03,temporal_back,12,inner_product,25.615436553955078,1700,False,1.0000001192092896
movi_c_v13_03,temporal_front,1,l1,0.6365654468536377,411,False,0.9965952038764954
movi_c_v13_03,temporal_front,1,l2,0.6607140302658081,350,False,0.9956580996513367
movi_c_v13_03,temporal_front,1,cosine,0.9965966939926147,368,False,0.995871901512146
movi_c_v13_03,temporal_front,1,inner_product,2.265261173248291,719,False,0.9888993501663208
movi_c_v13_03,temporal_front,2,l1,1.966221570968628,1275,False,0.9958581924438477
movi_c_v13_03,temporal_front,2,l2,2.708503246307373,1255,False,0.9946539998054504
movi_c_v13_03,temporal_front,2,cosine,4.051287651062012,1260,False,0.9951874017715454
movi_c_v13_03,temporal_front,2,inner_product,2.3535265922546387,1162,False,0.9777142405509949
movi_c_v13_03,temporal_front,3,l1,1.833007574081421,981,False,0.9933529496192932
movi_c_v13_03,temporal_front,3,l2,2.4065957069396973,904,False,0.991819441318512
movi_c_v13_03,temporal_front,3,cosine,3.6774888038635254,934,False,0.9926630854606628
movi_c_v13_03,temporal_front,3,inner_product,2.4477791786193848,875,False,0.9662859439849854
movi_c_v13_03,temporal_front,4,l1,3.358339786529541,1263,False,0.9473059773445129
movi_c_v13_03,temporal_front,4,l2,7.676219940185547,1583,False,0.9617196321487427
movi_c_v13_03,temporal_front,4,cosine,10.783485412597656,1546,False,0.9557954668998718
movi_c_v13_03,temporal_front,4,inner_product,0.16106194257736206,73,False,0.9431702494621277
movi_c_v13_03,temporal_front,5,l1,1.7777191400527954,964,False,0.9898101091384888
movi_c_v13_03,temporal_front,5,l2,2.1595568656921387,908,False,0.9892603754997253
movi_c_v13_03,temporal_front,5,cosine,3.505514621734619,918,False,0.9901106357574463
movi_c_v13_03,temporal_front,5,inner_product,3.3407132625579834,810,False,0.9625193476676941
movi_c_v13_03,temporal_front,6,l1,3.15194034576416,1172,False,0.9950682520866394
movi_c_v13_03,temporal_front,6,l2,4.628205299377441,1179,False,0.9966118931770325
movi_c_v13_03,temporal_front,6,cosine,6.231326103210449,1173,False,0.9958910346031189
movi_c_v13_03,temporal_front,6,inner_product,4.544190883636475,895,False,0.9718773365020752
movi_c_v13_03,temporal_front,7,l1,1.8649569749832153,890,False,0.994895339012146
movi_c_v13_03,temporal_front,7,l2,2.960075855255127,1026,False,0.9938011765480042
movi_c_v13_03,temporal_front,7,cosine,4.998597621917725,1095,False,0.9942776560783386
movi_c_v13_03,temporal_front,7,inner_product,9.274542808532715,1323,False,0.9884202480316162
movi_c_v13_03,temporal_front,8,l1,0.9556156396865845,859,False,0.9829489588737488
movi_c_v13_03,temporal_front,8,l2,1.458327054977417,905,False,0.9889426231384277
movi_c_v13_03,temporal_front,8,cosine,2.444794178009033,952,False,0.9884688854217529
movi_c_v13_03,temporal_front,8,inner_product,4.658915042877197,1166,False,0.9783735871315002
movi_c_v13_03,temporal_front,9,l1,2.5148682594299316,1374,False,0.9878686666488647
movi_c_v13_03,temporal_front,9,l2,4.412052154541016,1528,False,0.9908681511878967
movi_c_v13_03,temporal_front,9,cosine,7.90909481048584,1618,False,0.9917797446250916
movi_c_v13_03,temporal_front,9,inner_product,14.995765686035156,1736,False,0.9858042597770691
movi_c_v13_03,temporal_front,10,l1,1.1091952323913574,984,False,0.976767361164093
movi_c_v13_03,temporal_front,10,l2,1.8905000686645508,1156,False,0.9797547459602356
movi_c_v13_03,temporal_front,10,cosine,4.274543762207031,1376,False,0.9851678609848022
movi_c_v13_03,temporal_front,10,inner_product,19.481157302856445,1650,False,0.9911327362060547
movi_c_v13_03,temporal_front,11,l1,1.1187117099761963,1089,False,0.9696882367134094
movi_c_v13_03,temporal_front,11,l2,1.916906714439392,1224,False,0.9798334240913391
movi_c_v13_03,temporal_front,11,cosine,3.97882080078125,1394,False,0.9817729592323303
movi_c_v13_03,temporal_front,11,inner_product,15.694817543029785,1757,False,0.9873964190483093
movi_c_v13_03,temporal_front,12,l1,2.6639437675476074,1211,False,1.0000001192092896
movi_c_v13_03,temporal_front,12,l2,3.3860816955566406,1267,False,1.0
movi_c_v13_03,temporal_front,12,cosine,7.390801906585693,1511,False,1.0000001192092896
movi_c_v13_03,temporal_front,12,inner_product,32.26531982421875,1751,False,1.0
movi_c_v13_03,temporal_middle,1,l1,0.647311806678772,339,False,0.9950555562973022
movi_c_v13_03,temporal_middle,1,l2,1.468462586402893,491,False,0.9973155856132507
movi_c_v13_03,temporal_middle,1,cosine,2.0624866485595703,465,False,0.9974530339241028
movi_c_v13_03,temporal_middle,1,inner_product,0.52004075050354,166,False,0.9907398819923401
movi_c_v13_03,temporal_middle,2,l1,2.1565182209014893,995,False,0.9982878565788269
movi_c_v13_03,temporal_middle,2,l2,2.907578945159912,1024,False,0.9974372386932373
movi_c_v13_03,temporal_middle,2,cosine,4.442264556884766,1012,False,0.9978941679000854
movi_c_v13_03,temporal_middle,2,inner_product,3.1147329807281494,824,False,0.9919396638870239
movi_c_v13_03,temporal_middle,3,l1,1.6505670547485352,773,False,0.9974315166473389
movi_c_v13_03,temporal_middle,3,l2,2.5976390838623047,804,False,0.9969052076339722
movi_c_v13_03,temporal_middle,3,cosine,3.9277114868164062,789,False,0.9972350597381592
movi_c_v13_03,temporal_middle,3,inner_product,2.5243802070617676,591,False,0.9814895987510681
movi_c_v13_03,temporal_middle,4,l1,1.8252451419830322,1090,False,0.9684656262397766
movi_c_v13_03,temporal_middle,4,l2,3.1867566108703613,1167,False,0.9410104155540466
movi_c_v13_03,temporal_middle,4,cosine,5.289269924163818,1256,False,0.9462823271751404
movi_c_v13_03,temporal_middle,4,inner_product,1.6047344207763672,667,False,0.8491908311843872
movi_c_v13_03,temporal_middle,5,l1,0.7217202186584473,724,False,0.9858499765396118
movi_c_v13_03,temporal_middle,5,l2,1.271927833557129,753,False,0.9817968606948853
movi_c_v13_03,temporal_middle,5,cosine,1.8467135429382324,752,False,0.9783335328102112
movi_c_v13_03,temporal_middle,5,inner_product,1.42661714553833,633,False,0.9174551367759705
movi_c_v13_03,temporal_middle,6,l1,2.579253911972046,1213,False,0.9967161417007446
movi_c_v13_03,temporal_middle,6,l2,4.491583824157715,1239,False,0.9983755946159363
movi_c_v13_03,temporal_middle,6,cosine,6.430231094360352,1246,False,0.9980615973472595
movi_c_v13_03,temporal_middle,6,inner_product,3.465301036834717,891,False,0.955081045627594
movi_c_v13_03,temporal_middle,7,l1,0.8445873260498047,816,False,0.9906410574913025
movi_c_v13_03,temporal_middle,7,l2,2.1002635955810547,1021,False,0.9917723536491394
movi_c_v13_03,temporal_middle,7,cosine,3.6404266357421875,1118,False,0.9908579587936401
movi_c_v13_03,temporal_middle,7,inner_product,8.503681182861328,1403,False,0.9843963384628296
movi_c_v13_03,temporal_middle,8,l1,0.960078775882721,1077,False,0.9891942143440247
movi_c_v13_03,temporal_middle,8,l2,2.0158309936523438,1183,False,0.9938908219337463
movi_c_v13_03,temporal_middle,8,cosine,3.3616080284118652,1204,False,0.9943624138832092
movi_c_v13_03,temporal_middle,8,inner_product,4.8297343254089355,1281,False,0.9805721044540405
movi_c_v13_03,temporal_middle,9,l1,1.755834698677063,1410,False,0.9846926927566528
movi_c_v13_03,temporal_middle,9,l2,3.9434659481048584,1574,False,0.9912223219871521
movi_c_v13_03,temporal_middle,9,cosine,7.271302700042725,1654,False,0.9919130802154541
movi_c_v13_03,temporal_middle,9,inner_product,12.827404022216797,1730,False,0.9821292757987976
movi_c_v13_03,temporal_middle,10,l1,0.648999810218811,981,False,0.9534347653388977
movi_c_v13_03,temporal_middle,10,l2,2.2361950874328613,1421,False,0.9792332053184509
movi_c_v13_03,temporal_middle,10,cosine,4.859058856964111,1589,False,0.9861393570899963
movi_c_v13_03,temporal_middle,10,inner_product,16.30820083618164,1607,False,0.9891042709350586
movi_c_v13_03,temporal_middle,11,l1,0.9001529216766357,1036,False,0.958308219909668
movi_c_v13_03,temporal_middle,11,l2,2.0329599380493164,1299,False,0.9787490963935852
movi_c_v13_03,temporal_middle,11,cosine,4.353716850280762,1485,False,0.9802473783493042
movi_c_v13_03,temporal_middle,11,inner_product,15.081892967224121,1753,False,0.9880865216255188
movi_c_v13_03,temporal_middle,12,l1,3.4369451999664307,1556,False,1.0
movi_c_v13_03,temporal_middle,12,l2,3.654958724975586,1405,False,1.0
movi_c_v13_03,temporal_middle,12,cosine,8.370081901550293,1563,False,1.0000001192092896
movi_c_v13_03,temporal_middle,12,inner_product,32.304473876953125,1766,False,1.0
movi_c_v14_00,spatial_block,1,l1,0.7883437275886536,927,False,0.9972624182701111
movi_c_v14_00,spatial_block,1,l2,1.2350102663040161,1071,False,0.9970245957374573
movi_c_v14_00,spatial_block,1,cosine,1.334928035736084,1004,False,0.9955269694328308
movi_c_v14_00,spatial_block,1,inner_product,0.11918117105960846,186,False,0.6977015137672424
movi_c_v14_00,spatial_block,2,l1,0.9294133186340332,1135,False,0.9887944459915161
movi_c_v14_00,spatial_block,2,l2,1.2290451526641846,1194,False,0.9889920949935913
movi_c_v14_00,spatial_block,2,cosine,1.6218668222427368,1155,False,0.9879868030548096
movi_c_v14_00,spatial_block,2,inner_product,0.7318953275680542,690,False,0.8806944489479065
movi_c_v14_00,spatial_block,3,l1,0.6093056201934814,1052,False,0.9864182472229004
movi_c_v14_00,spatial_block,3,l2,0.7035295963287354,1068,False,0.9835318922996521
movi_c_v14_00,spatial_block,3,cosine,0.8627453446388245,949,False,0.9805148839950562
movi_c_v14_00,spatial_block,3,inner_product,0.8335894346237183,608,False,0.8836444616317749
movi_c_v14_00,spatial_block,4,l1,2.205995559692383,814,False,0.9939620494842529
movi_c_v14_00,spatial_block,4,l2,3.3204331398010254,808,False,0.9938995242118835
movi_c_v14_00,spatial_block,4,cosine,4.488974571228027,760,False,0.9935044050216675
movi_c_v14_00,spatial_block,4,inner_product,0.65427565574646,293,False,0.914758563041687
movi_c_v14_00,spatial_block,5,l1,2.1752586364746094,1551,False,0.9923769235610962
movi_c_v14_00,spatial_block,5,l2,2.0054845809936523,1392,False,0.9907106161117554
movi_c_v14_00,spatial_block,5,cosine,3.105482578277588,1401,False,0.9914574027061462
movi_c_v14_00,spatial_block,5,inner_product,7.5436692237854,1562,False,0.9891301393508911
movi_c_v14_00,spatial_block,6,l1,1.700538158416748,1086,False,0.996053159236908
movi_c_v14_00,spatial_block,6,l2,2.0082948207855225,1059,False,0.9951320290565491
movi_c_v14_00,spatial_block,6,cosine,3.125835418701172,1077,False,0.9950762987136841
movi_c_v14_00,spatial_block,6,inner_product,6.482083320617676,1021,False,0.978242039680481
movi_c_v14_00,spatial_block,7,l1,1.5917775630950928,1043,False,0.9929271340370178
movi_c_v14_00,spatial_block,7,l2,2.095475673675537,1038,False,0.9917813539505005
movi_c_v14_00,spatial_block,7,cosine,3.175935745239258,1082,False,0.9913474917411804
movi_c_v14_00,spatial_block,7,inner_product,10.008779525756836,1402,False,0.9884535074234009
movi_c_v14_00,spatial_block,8,l1,1.2954058647155762,1210,False,0.9951299428939819
movi_c_v14_00,spatial_block,8,l2,1.6184850931167603,1268,False,0.9950541853904724
movi_c_v14_00,spatial_block,8,cosine,2.6346869468688965,1374,False,0.9954651594161987
movi_c_v14_00,spatial_block,8,inner_product,10.981355667114258,1553,False,0.9945492744445801
movi_c_v14_00,spatial_block,9,l1,1.6259353160858154,1530,False,0.9837215542793274
movi_c_v14_00,spatial_block,9,l2,2.772359848022461,1616,False,0.990308403968811
movi_c_v14_00,spatial_block,9,cosine,4.239130020141602,1637,False,0.9904574155807495
movi_c_v14_00,spatial_block,9,inner_product,11.445562362670898,1639,False,0.9802533984184265
movi_c_v14_00,spatial_block,10,l1,1.1650807857513428,1074,False,0.9349939227104187
movi_c_v14_00,spatial_block,10,l2,1.5043509006500244,1116,False,0.9455487728118896
movi_c_v14_00,spatial_block,10,cosine,2.5890896320343018,1226,False,0.9612293839454651
movi_c_v14_00,spatial_block,10,inner_product,16.645748138427734,1593,False,0.9951121211051941
movi_c_v14_00,spatial_block,11,l1,1.2814303636550903,1332,False,0.9668263792991638
movi_c_v14_00,spatial_block,11,l2,1.8636679649353027,1444,False,0.9663852453231812
movi_c_v14_00,spatial_block,11,cosine,3.1459426879882812,1526,False,0.97059565782547
movi_c_v14_00,spatial_block,11,inner_product,16.541452407836914,1759,False,0.988153874874115
movi_c_v14_00,spatial_block,12,l1,3.5423455238342285,1501,False,1.0000001192092896
movi_c_v14_00,spatial_block,12,l2,3.8202037811279297,1441,False,0.9999999403953552
movi_c_v14_00,spatial_block,12,cosine,6.198637008666992,1512,False,1.0
movi_c_v14_00,spatial_block,12,inner_product,27.08542823791504,1763,False,0.9999998807907104
movi_c_v14_00,spatial_scattered,1,l1,1.4885809421539307,818,False,0.996749222278595
movi_c_v14_00,spatial_scattered,1,l2,2.1914281845092773,855,False,0.9943567514419556
movi_c_v14_00,spatial_scattered,1,cosine,2.9378178119659424,837,False,0.9952248930931091
movi_c_v14_00,spatial_scattered,1,inner_product,2.1856038570404053,691,False,0.9899200797080994
movi_c_v14_00,spatial_scattered,2,l1,1.1896893978118896,959,False,0.9930317997932434
movi_c_v14_00,spatial_scattered,2,l2,1.8859280347824097,1045,False,0.9930781722068787
movi_c_v14_00,spatial_scattered,2,cosine,2.4698333740234375,1050,False,0.9922322034835815
movi_c_v14_00,spatial_scattered,2,inner_product,0.7165721654891968,564,False,0.923920214176178
movi_c_v14_00,spatial_scattered,3,l1,2.068976402282715,1123,False,0.9899054765701294
movi_c_v14_00,spatial_scattered,3,l2,3.4265096187591553,1133,False,0.9899226427078247
movi_c_v14_00,spatial_scattered,3,cosine,4.366946220397949,1118,False,0.9870381951332092
movi_c_v14_00,spatial_scattered,3,inner_product,1.2916903495788574,816,False,0.8709506392478943
movi_c_v14_00,spatial_scattered,4,l1,6.808218002319336,1408,False,0.9866372346878052
movi_c_v14_00,spatial_scattered,4,l2,11.002313613891602,1412,False,0.9777066707611084
movi_c_v14_00,spatial_scattered,4,cosine,13.405248641967773,1373,False,0.9794671535491943
movi_c_v14_00,spatial_scattered,4,inner_product,2.6378490924835205,637,False,0.974338948726654
movi_c_v14_00,spatial_scattered,5,l1,3.822711944580078,1475,False,0.969448983669281
movi_c_v14_00,spatial_scattered,5,l2,5.766110420227051,1472,False,0.9684577584266663
movi_c_v14_00,spatial_scattered,5,cosine,7.525423049926758,1452,False,0.9654303193092346
movi_c_v14_00,spatial_scattered,5,inner_product,3.007497787475586,1125,False,0.9387399554252625
movi_c_v14_00,spatial_scattered,6,l1,3.8448503017425537,993,False,0.9960113763809204
movi_c_v14_00,spatial_scattered,6,l2,6.355808258056641,1013,False,0.9967346787452698
movi_c_v14_00,spatial_scattered,6,cosine,8.28745174407959,1003,False,0.9966523051261902
movi_c_v14_00,spatial_scattered,6,inner_product,4.474737644195557,867,False,0.9800543189048767
movi_c_v14_00,spatial_scattered,7,l1,3.7213878631591797,968,False,0.9979657530784607
movi_c_v14_00,spatial_scattered,7,l2,5.886075019836426,969,False,0.9980928301811218
movi_c_v14_00,spatial_scattered,7,cosine,8.345653533935547,994,False,0.9981030225753784
movi_c_v14_00,spatial_scattered,7,inner_product,8.499147415161133,1445,False,0.9775481224060059
movi_c_v14_00,spatial_scattered,8,l1,2.3425326347351074,1023,False,0.9949674010276794
movi_c_v14_00,spatial_scattered,8,l2,4.029998302459717,1093,False,0.9965536594390869
movi_c_v14_00,spatial_scattered,8,cosine,6.095602512359619,1163,False,0.9964575171470642
movi_c_v14_00,spatial_scattered,8,inner_product,8.729302406311035,1468,False,0.9948124885559082
movi_c_v14_00,spatial_scattered,9,l1,1.448175311088562,1114,False,0.971234142780304
movi_c_v14_00,spatial_scattered,9,l2,3.0490756034851074,1266,False,0.9878565669059753
movi_c_v14_00,spatial_scattered,9,cosine,5.155818939208984,1440,False,0.9898650050163269
movi_c_v14_00,spatial_scattered,9,inner_product,11.3616304397583,1706,False,0.9820061922073364
movi_c_v14_00,spatial_scattered,10,l1,5.082648277282715,1317,False,0.9952602386474609
movi_c_v14_00,spatial_scattered,10,l2,7.168331146240234,1333,False,0.9958997368812561
movi_c_v14_00,spatial_scattered,10,cosine,12.059708595275879,1440,False,0.9973605871200562
movi_c_v14_00,spatial_scattered,10,inner_product,22.97671127319336,1695,False,0.9956694841384888
movi_c_v14_00,spatial_scattered,11,l1,2.181856393814087,1098,False,0.9898295402526855
movi_c_v14_00,spatial_scattered,11,l2,3.2588179111480713,1201,False,0.9885299205780029
movi_c_v14_00,spatial_scattered,11,cosine,6.462067604064941,1506,False,0.9902175068855286
movi_c_v14_00,spatial_scattered,11,inner_product,18.094051361083984,1780,False,0.9918736815452576
movi_c_v14_00,spatial_scattered,12,l1,4.136340141296387,1277,False,0.9999998807907104
movi_c_v14_00,spatial_scattered,12,l2,4.872143268585205,1181,False,0.9999999403953552
movi_c_v14_00,spatial_scattered,12,cosine,9.878618240356445,1358,False,1.0000001192092896
movi_c_v14_00,spatial_scattered,12,inner_product,29.808704376220703,1766,False,1.0
movi_c_v14_00,temporal_back,1,l1,1.8324390649795532,1237,False,0.9958931803703308
movi_c_v14_00,temporal_back,1,l2,3.367455244064331,1387,False,0.995456874370575
movi_c_v14_00,temporal_back,1,cosine,5.42097806930542,1421,False,0.9960339665412903
movi_c_v14_00,temporal_back,1,inner_product,2.7543859481811523,1032,False,0.9806123971939087
movi_c_v14_00,temporal_back,2,l1,1.5821782350540161,1221,False,0.9942429065704346
movi_c_v14_00,temporal_back,2,l2,2.5538675785064697,1266,False,0.995591938495636
movi_c_v14_00,temporal_back,2,cosine,3.7925808429718018,1277,False,0.9951981902122498
movi_c_v14_00,temporal_back,2,inner_product,2.1992297172546387,1081,False,0.9636313319206238
movi_c_v14_00,temporal_back,3,l1,1.7670949697494507,1261,False,0.9917105436325073
movi_c_v14_00,temporal_back,3,l2,2.886455535888672,1283,False,0.9917479753494263
movi_c_v14_00,temporal_back,3,cosine,4.254561424255371,1316,False,0.9897125959396362
movi_c_v14_00,temporal_back,3,inner_product,2.2244484424591064,1045,False,0.9345138669013977
movi_c_v14_00,temporal_back,4,l1,9.93588638305664,1772,False,0.9968671798706055
movi_c_v14_00,temporal_back,4,l2,15.751677513122559,1779,False,0.9938190579414368
movi_c_v14_00,temporal_back,4,cosine,24.747024536132812,1781,False,0.9953274130821228
movi_c_v14_00,temporal_back,4,inner_product,22.4072322845459,1727,False,0.9976829290390015
movi_c_v14_00,temporal_back,5,l1,1.3848403692245483,1293,False,0.9163912534713745
movi_c_v14_00,temporal_back,5,l2,2.6292452812194824,1405,False,0.9489427804946899
movi_c_v14_00,temporal_back,5,cosine,3.821743965148926,1387,False,0.9478652477264404
movi_c_v14_00,temporal_back,5,inner_product,3.4776034355163574,1036,False,0.9704793691635132
movi_c_v14_00,temporal_back,6,l1,2.014392614364624,1103,False,0.9915447235107422
movi_c_v14_00,temporal_back,6,l2,3.244739294052124,1132,False,0.9938244819641113
movi_c_v14_00,temporal_back,6,cosine,4.705403804779053,1123,False,0.9932273626327515
movi_c_v14_00,temporal_back,6,inner_product,3.165576934814453,916,False,0.9565381407737732
movi_c_v14_00,temporal_back,7,l1,2.6966006755828857,1134,False,0.9934065341949463
movi_c_v14_00,temporal_back,7,l2,4.69281005859375,1113,False,0.9944948554039001
movi_c_v14_00,temporal_back,7,cosine,7.497127532958984,1154,False,0.994607150554657
movi_c_v14_00,temporal_back,7,inner_product,11.787921905517578,1549,False,0.9778079986572266
movi_c_v14_00,temporal_back,8,l1,2.3793277740478516,1498,False,0.9950472116470337
movi_c_v14_00,temporal_back,8,l2,4.122939586639404,1545,False,0.995018482208252
movi_c_v14_00,temporal_back,8,cosine,6.495257377624512,1562,False,0.9952210187911987
movi_c_v14_00,temporal_back,8,inner_product,8.786558151245117,1581,False,0.990753173828125
movi_c_v14_00,temporal_back,9,l1,2.179900884628296,1315,False,0.990504801273346
movi_c_v14_00,temporal_back,9,l2,4.9509782791137695,1360,False,0.995107114315033
movi_c_v14_00,temporal_back,9,cosine,7.884239196777344,1389,False,0.9949495792388916
movi_c_v14_00,temporal_back,9,inner_product,12.319442749023438,1651,False,0.9839984774589539
movi_c_v14_00,temporal_back,10,l1,3.7557692527770996,1717,False,0.9796989560127258
movi_c_v14_00,temporal_back,10,l2,6.505997657775879,1718,False,0.9880791306495667
movi_c_v14_00,temporal_back,10,cosine,10.562607765197754,1746,False,0.9907972812652588
movi_c_v14_00,temporal_back,10,inner_product,19.79501724243164,1694,False,0.9940015077590942
movi_c_v14_00,temporal_back,11,l1,2.9553003311157227,1551,False,0.9898163676261902
movi_c_v14_00,temporal_back,11,l2,4.554028034210205,1593,False,0.987513542175293
movi_c_v14_00,temporal_back,11,cosine,8.156074523925781,1682,False,0.989503026008606
movi_c_v14_00,temporal_back,11,inner_product,21.722854614257812,1784,False,0.9934256672859192
movi_c_v14_00,temporal_back,12,l1,3.7287585735321045,1345,False,0.9999999403953552
movi_c_v14_00,temporal_back,12,l2,4.268000602722168,1202,False,0.9999999403953552
movi_c_v14_00,temporal_back,12,cosine,8.152854919433594,1303,False,1.0
movi_c_v14_00,temporal_back,12,inner_product,35.05474853515625,1763,False,1.0
movi_c_v14_00,temporal_front,1,l1,3.5015056133270264,1114,False,0.9967095851898193
movi_c_v14_00,temporal_front,1,l2,4.460443496704102,1099,False,0.9948918223381042
movi_c_v14_00,temporal_front,1,cosine,5.827510833740234,1050,False,0.9950898885726929
movi_c_v14_00,temporal_front,1,inner_product,4.757004261016846,898,False,0.9968408942222595
movi_c_v14_00,temporal_front,2,l1,3.2085111141204834,1362,False,0.9982528686523438
movi_c_v14_00,temporal_front,2,l2,4.231077194213867,1313,False,0.9982745051383972
movi_c_v14_00,temporal_front,2,cosine,6.246957302093506,1339,False,0.9985865950584412
movi_c_v14_00,temporal_front,2,inner_product,5.414167404174805,1440,False,0.990805447101593
movi_c_v14_00,temporal_front,3,l1,2.0378036499023438,899,False,0.9974220991134644
movi_c_v14_00,temporal_front,3,l2,2.621274948120117,880,False,0.9972133636474609
movi_c_v14_00,temporal_front,3,cosine,3.7172892093658447,879,False,0.9976072907447815
movi_c_v14_00,temporal_front,3,inner_product,2.4528703689575195,784,False,0.9697052240371704
movi_c_v14_00,temporal_front,4,l1,0.04941093921661377,39,False,0.9905133247375488
movi_c_v14_00,temporal_front,4,l2,0.09548674523830414,53,False,0.9866769909858704
movi_c_v14_00,temporal_front,4,cosine,0.12070037424564362,46,False,0.9843266606330872
movi_c_v14_00,temporal_front,4,inner_product,0.009875521995127201,7,False,0.9206845164299011
movi_c_v14_00,temporal_front,5,l1,1.9934544563293457,969,False,0.9947725534439087
movi_c_v14_00,temporal_front,5,l2,2.606391191482544,908,False,0.9944722652435303
movi_c_v14_00,temporal_front,5,cosine,3.79721736907959,922,False,0.9933490753173828
movi_c_v14_00,temporal_front,5,inner_product,3.462986946105957,929,False,0.9700848460197449
movi_c_v14_00,temporal_front,6,l1,5.32158899307251,1419,False,0.9958820343017578
movi_c_v14_00,temporal_front,6,l2,8.03819751739502,1435,False,0.9979373812675476
movi_c_v14_00,temporal_front,6,cosine,11.012735366821289,1435,False,0.9977656602859497
movi_c_v14_00,temporal_front,6,inner_product,6.622614860534668,1145,False,0.9850887060165405
movi_c_v14_00,temporal_front,7,l1,2.6236624717712402,872,False,0.9978261590003967
movi_c_v14_00,temporal_front,7,l2,4.215817451477051,911,False,0.9980480670928955
movi_c_v14_00,temporal_front,7,cosine,6.511631488800049,987,False,0.9982615113258362
movi_c_v14_00,temporal_front,7,inner_product,9.510298728942871,1432,False,0.9864744544029236
movi_c_v14_00,temporal_front,8,l1,1.3584229946136475,1011,False,0.991409957408905
movi_c_v14_00,temporal_front,8,l2,2.39554500579834,1085,False,0.9951106905937195
movi_c_v14_00,temporal_front,8,cosine,3.921567678451538,1141,False,0.9958712458610535
movi_c_v14_00,temporal_front,8,inner_product,6.873579502105713,1456,False,0.9910417795181274
movi_c_v14_00,temporal_front,9,l1,1.2605854272842407,994,False,0.983441948890686
movi_c_v14_00,temporal_front,9,l2,2.670468807220459,1173,False,0.9921115040779114
movi_c_v14_00,temporal_front,9,cosine,4.682743072509766,1315,False,0.9926427602767944
movi_c_v14_00,temporal_front,9,inner_product,10.959232330322266,1704,False,0.978271484375
movi_c_v14_00,temporal_front,10,l1,2.517432689666748,1388,False,0.9883198142051697
movi_c_v14_00,temporal_front,10,l2,4.149282455444336,1456,False,0.9894298911094666
movi_c_v14_00,temporal_front,10,cosine,7.5782880783081055,1581,False,0.9937609434127808
movi_c_v14_00,temporal_front,10,inner_product,18.901836395263672,1673,False,0.9943944215774536
movi_c_v14_00,temporal_front,11,l1,0.9888308048248291,872,False,0.9705973267555237
movi_c_v14_00,temporal_front,11,l2,1.3389580249786377,966,False,0.9686406850814819
movi_c_v14_00,temporal_front,11,cosine,3.104778528213501,1250,False,0.9776536226272583
movi_c_v14_00,temporal_front,11,inner_product,16.238195419311523,1767,False,0.9886041283607483
movi_c_v14_00,temporal_front,12,l1,2.0221071243286133,1009,False,0.9999999403953552
movi_c_v14_00,temporal_front,12,l2,2.552969455718994,967,False,1.0
movi_c_v14_00,temporal_front,12,cosine,5.832110404968262,1261,False,1.0
movi_c_v14_00,temporal_front,12,inner_product,30.122844696044922,1757,False,0.9999999403953552
movi_c_v14_00,temporal_middle,1,l1,0.6250453591346741,511,False,0.9934213161468506
movi_c_v14_00,temporal_middle,1,l2,1.0917577743530273,608,False,0.9948773384094238
movi_c_v14_00,temporal_middle,1,cosine,1.4228750467300415,565,False,0.9953821897506714
movi_c_v14_00,temporal_middle,1,inner_product,0.5052245855331421,232,False,0.9798500537872314
movi_c_v14_00,temporal_middle,2,l1,2.031090259552002,1080,False,0.9972729682922363
movi_c_v14_00,temporal_middle,2,l2,2.7702322006225586,1092,False,0.9966699481010437
movi_c_v14_00,temporal_middle,2,cosine,4.109559059143066,1078,False,0.9973405003547668
movi_c_v14_00,temporal_middle,2,inner_product,3.373777151107788,858,False,0.992906928062439
movi_c_v14_00,temporal_middle,3,l1,0.9201571941375732,781,False,0.9936375617980957
movi_c_v14_00,temporal_middle,3,l2,1.2741484642028809,765,False,0.9943677186965942
movi_c_v14_00,temporal_middle,3,cosine,2.01491117477417,791,False,0.9952970147132874
movi_c_v14_00,temporal_middle,3,inner_product,2.3181114196777344,709,False,0.9757367968559265
movi_c_v14_00,temporal_middle,4,l1,2.6535584926605225,1443,False,0.9876617789268494
movi_c_v14_00,temporal_middle,4,l2,3.7259130477905273,1354,False,0.9776056408882141
movi_c_v14_00,temporal_middle,4,cosine,6.806941986083984,1568,False,0.9860625267028809
movi_c_v14_00,temporal_middle,4,inner_product,9.022056579589844,1580,False,0.9732145071029663
movi_c_v14_00,temporal_middle,5,l1,1.3367431163787842,1038,False,0.9807770252227783
movi_c_v14_00,temporal_middle,5,l2,1.766162395477295,1008,False,0.9847631454467773
movi_c_v14_00,temporal_middle,5,cosine,2.681283950805664,1013,False,0.9829473495483398
movi_c_v14_00,temporal_middle,5,inner_product,2.517765998840332,774,False,0.963559627532959
movi_c_v14_00,temporal_middle,6,l1,1.5163373947143555,910,False,0.9875721335411072
movi_c_v14_00,temporal_middle,6,l2,2.553396463394165,964,False,0.9942936897277832
movi_c_v14_00,temporal_middle,6,cosine,3.2541420459747314,903,False,0.9925469160079956
movi_c_v14_00,temporal_middle,6,inner_product,1.9688169956207275,686,False,0.9398321509361267
movi_c_v14_00,temporal_middle,7,l1,1.441060185432434,1036,False,0.9920375943183899
movi_c_v14_00,temporal_middle,7,l2,2.3751509189605713,1100,False,0.9937710762023926
movi_c_v14_00,temporal_middle,7,cosine,3.967148780822754,1173,False,0.9938791990280151
movi_c_v14_00,temporal_middle,7,inner_product,9.18542194366455,1528,False,0.9814340472221375
movi_c_v14_00,temporal_middle,8,l1,0.7361211776733398,785,False,0.9901942610740662
movi_c_v14_00,temporal_middle,8,l2,1.4817198514938354,1073,False,0.9910501837730408
movi_c_v14_00,temporal_middle,8,cosine,2.445159673690796,1161,False,0.9910997152328491
movi_c_v14_00,temporal_middle,8,inner_product,5.069489479064941,1406,False,0.982744574546814
movi_c_v14_00,temporal_middle,9,l1,1.6724822521209717,1311,False,0.9737578630447388
movi_c_v14_00,temporal_middle,9,l2,3.0989255905151367,1447,False,0.9851285219192505
movi_c_v14_00,temporal_middle,9,cosine,5.492403984069824,1574,False,0.9861500859260559
movi_c_v14_00,temporal_middle,9,inner_product,11.197612762451172,1687,False,0.9817043542861938
movi_c_v14_00,temporal_middle,10,l1,0.981934130191803,874,False,0.9665303826332092
movi_c_v14_00,temporal_middle,10,l2,1.8142218589782715,1193,False,0.9702422022819519
movi_c_v14_00,temporal_middle,10,cosine,3.567018985748291,1338,False,0.97823566198349
movi_c_v14_00,temporal_middle,10,inner_product,13.73744010925293,1572,False,0.9878036975860596
movi_c_v14_00,temporal_middle,11,l1,2.0842714309692383,1432,False,0.957369327545166
movi_c_v14_00,temporal_middle,11,l2,2.7370100021362305,1466,False,0.9680012464523315
movi_c_v14_00,temporal_middle,11,cosine,6.021668434143066,1672,False,0.9757412075996399
movi_c_v14_00,temporal_middle,11,inner_product,19.506147384643555,1775,False,0.9923700094223022
movi_c_v14_00,temporal_middle,12,l1,4.575799942016602,1463,False,1.0000001192092896
movi_c_v14_00,temporal_middle,12,l2,4.843374252319336,1479,False,1.0
movi_c_v14_00,temporal_middle,12,cosine,10.646120071411133,1590,False,1.0000001192092896
movi_c_v14_00,temporal_middle,12,inner_product,34.12104415893555,1758,False,1.0
movi_c_v14_01,spatial_block,1,l1,2.7874574661254883,1196,False,0.9987981915473938
movi_c_v14_01,spatial_block,1,l2,3.301098346710205,1249,False,0.9985588192939758
movi_c_v14_01,spatial_block,1,cosine,3.9452147483825684,1242,False,0.9983524680137634
movi_c_v14_01,spatial_block,1,inner_product,0.7494901418685913,461,False,0.9337204694747925
movi_c_v14_01,spatial_block,2,l1,1.6412162780761719,1305,False,0.9954947233200073
movi_c_v14_01,spatial_block,2,l2,1.9343903064727783,1277,False,0.9967471957206726
movi_c_v14_01,spatial_block,2,cosine,2.4326019287109375,1285,False,0.9964600205421448
movi_c_v14_01,spatial_block,2,inner_product,0.38444769382476807,414,False,0.8759320378303528
movi_c_v14_01,spatial_block,3,l1,1.7004740238189697,1318,False,0.9957818984985352
movi_c_v14_01,spatial_block,3,l2,2.0624985694885254,1393,False,0.9905678629875183
movi_c_v14_01,spatial_block,3,cosine,2.520829200744629,1377,False,0.9892330765724182
movi_c_v14_01,spatial_block,3,inner_product,0.7401672601699829,508,False,0.8694238066673279
movi_c_v14_01,spatial_block,4,l1,2.6416454315185547,1622,False,0.9808634519577026
movi_c_v14_01,spatial_block,4,l2,6.100162506103516,1769,False,0.9932522773742676
movi_c_v14_01,spatial_block,4,cosine,8.249580383300781,1776,False,0.993624746799469
movi_c_v14_01,spatial_block,4,inner_product,0.24258247017860413,143,False,0.8928618431091309
movi_c_v14_01,spatial_block,5,l1,0.8738069534301758,1285,False,0.971355676651001
movi_c_v14_01,spatial_block,5,l2,0.6479657888412476,944,False,0.9626563191413879
movi_c_v14_01,spatial_block,5,cosine,0.9142482280731201,972,False,0.9558202028274536
movi_c_v14_01,spatial_block,5,inner_product,4.907693386077881,1433,False,0.9604653120040894
movi_c_v14_01,spatial_block,6,l1,0.6252437829971313,865,False,0.971764087677002
movi_c_v14_01,spatial_block,6,l2,0.7979621291160583,735,False,0.9637675881385803
movi_c_v14_01,spatial_block,6,cosine,1.0724272727966309,772,False,0.9579973220825195
movi_c_v14_01,spatial_block,6,inner_product,5.606739521026611,1108,False,0.9684880971908569
movi_c_v14_01,spatial_block,7,l1,0.9253612160682678,945,False,0.9863542914390564
movi_c_v14_01,spatial_block,7,l2,1.568735122680664,976,False,0.9879149794578552
movi_c_v14_01,spatial_block,7,cosine,2.1623613834381104,1009,False,0.9863833785057068
movi_c_v14_01,spatial_block,7,inner_product,8.62912368774414,1319,False,0.9841324090957642
movi_c_v14_01,spatial_block,8,l1,1.0530788898468018,1436,False,0.9849264621734619
movi_c_v14_01,spatial_block,8,l2,1.0052924156188965,1123,False,0.9818608164787292
movi_c_v14_01,spatial_block,8,cosine,1.483170986175537,1240,False,0.9793956875801086
movi_c_v14_01,spatial_block,8,inner_product,10.507485389709473,1518,False,0.991382896900177
movi_c_v14_01,spatial_block,9,l1,1.0066107511520386,1312,False,0.9566745758056641
movi_c_v14_01,spatial_block,9,l2,2.1747841835021973,1480,False,0.9700894951820374
movi_c_v14_01,spatial_block,9,cosine,3.2604379653930664,1501,False,0.9710021615028381
movi_c_v14_01,spatial_block,9,inner_product,11.125055313110352,1614,False,0.9732521772384644
movi_c_v14_01,spatial_block,10,l1,0.7765722870826721,1245,False,0.9432260990142822
movi_c_v14_01,spatial_block,10,l2,0.9196203947067261,1228,False,0.9110513925552368
movi_c_v14_01,spatial_block,10,cosine,1.7426209449768066,1401,False,0.9290534853935242
movi_c_v14_01,spatial_block,10,inner_product,22.369735717773438,1644,False,0.9949823617935181
movi_c_v14_01,spatial_block,11,l1,2.2036237716674805,1641,False,0.980690598487854
movi_c_v14_01,spatial_block,11,l2,3.894960403442383,1726,False,0.9900079369544983
movi_c_v14_01,spatial_block,11,cosine,5.77974271774292,1731,False,0.9909840822219849
movi_c_v14_01,spatial_block,11,inner_product,14.081989288330078,1738,False,0.9886399507522583
movi_c_v14_01,spatial_block,12,l1,2.4678447246551514,1517,False,1.0000001192092896
movi_c_v14_01,spatial_block,12,l2,3.354339599609375,1531,False,0.9999998807907104
movi_c_v14_01,spatial_block,12,cosine,5.457333564758301,1612,False,1.0
movi_c_v14_01,spatial_block,12,inner_product,28.35289764404297,1777,False,1.0000001192092896
movi_c_v14_01,spatial_scattered,1,l1,0.6379433870315552,527,False,0.9959891438484192
movi_c_v14_01,spatial_scattered,1,l2,0.9071290493011475,497,False,0.995606005191803
movi_c_v14_01,spatial_scattered,1,cosine,1.1144421100616455,473,False,0.996334433555603
movi_c_v14_01,spatial_scattered,1,inner_product,1.826771855354309,654,False,0.9862786531448364
movi_c_v14_01,spatial_scattered,2,l1,1.305681586265564,909,False,0.9962549805641174
movi_c_v14_01,spatial_scattered,2,l2,2.270986557006836,1074,False,0.9951935410499573
movi_c_v14_01,spatial_scattered,2,cosine,2.855109214782715,1062,False,0.9949883222579956
movi_c_v14_01,spatial_scattered,2,inner_product,0.8952586054801941,516,False,0.9619752764701843
movi_c_v14_01,spatial_scattered,3,l1,1.5824790000915527,1158,False,0.9867649674415588
movi_c_v14_01,spatial_scattered,3,l2,2.729823589324951,1221,False,0.9837737083435059
movi_c_v14_01,spatial_scattered,3,cosine,3.416276454925537,1211,False,0.9790136814117432
movi_c_v14_01,spatial_scattered,3,inner_product,0.49984320998191833,532,False,0.8008804321289062
movi_c_v14_01,spatial_scattered,4,l1,10.361474990844727,1752,False,0.9955123066902161
movi_c_v14_01,spatial_scattered,4,l2,18.171741485595703,1764,False,0.9934768676757812
movi_c_v14_01,spatial_scattered,4,cosine,23.101058959960938,1761,False,0.9936490654945374
movi_c_v14_01,spatial_scattered,4,inner_product,2.414503574371338,1143,False,0.9387589693069458
movi_c_v14_01,spatial_scattered,5,l1,3.372865676879883,1556,False,0.9802480340003967
movi_c_v14_01,spatial_scattered,5,l2,4.663379669189453,1453,False,0.9712399840354919
movi_c_v14_01,spatial_scattered,5,cosine,6.079024314880371,1459,False,0.9670394062995911
movi_c_v14_01,spatial_scattered,5,inner_product,3.1345458030700684,1223,False,0.939682126045227
movi_c_v14_01,spatial_scattered,6,l1,2.369406223297119,931,False,0.9959009289741516
movi_c_v14_01,spatial_scattered,6,l2,4.120450019836426,972,False,0.9973440766334534
movi_c_v14_01,spatial_scattered,6,cosine,5.374438285827637,960,False,0.9963474869728088
movi_c_v14_01,spatial_scattered,6,inner_product,4.121799468994141,896,False,0.9619244933128357
movi_c_v14_01,spatial_scattered,7,l1,2.3642258644104004,875,False,0.9973118305206299
movi_c_v14_01,spatial_scattered,7,l2,4.32989501953125,903,False,0.9978782534599304
movi_c_v14_01,spatial_scattered,7,cosine,5.87930965423584,917,False,0.9977294206619263
movi_c_v14_01,spatial_scattered,7,inner_product,6.06109619140625,1422,False,0.9628509879112244
movi_c_v14_01,spatial_scattered,8,l1,1.4353837966918945,1064,False,0.9933149218559265
movi_c_v14_01,spatial_scattered,8,l2,2.714909553527832,1159,False,0.9951981902122498
movi_c_v14_01,spatial_scattered,8,cosine,4.018034934997559,1215,False,0.995088517665863
movi_c_v14_01,spatial_scattered,8,inner_product,7.727156162261963,1409,False,0.9902374744415283
movi_c_v14_01,spatial_scattered,9,l1,1.0414949655532837,1069,False,0.9801169037818909
movi_c_v14_01,spatial_scattered,9,l2,3.002856492996216,1352,False,0.9842289686203003
movi_c_v14_01,spatial_scattered,9,cosine,5.014335632324219,1474,False,0.9843146204948425
movi_c_v14_01,spatial_scattered,9,inner_product,11.515886306762695,1699,False,0.9735631942749023
movi_c_v14_01,spatial_scattered,10,l1,2.4921491146087646,1215,False,0.9943377375602722
movi_c_v14_01,spatial_scattered,10,l2,4.448065280914307,1340,False,0.9946991205215454
movi_c_v14_01,spatial_scattered,10,cosine,7.885934352874756,1490,False,0.9939392805099487
movi_c_v14_01,spatial_scattered,10,inner_product,25.05547332763672,1692,False,0.9938031435012817
movi_c_v14_01,spatial_scattered,11,l1,1.5343493223190308,1254,False,0.9841500520706177
movi_c_v14_01,spatial_scattered,11,l2,3.6705832481384277,1632,False,0.9905452132225037
movi_c_v14_01,spatial_scattered,11,cosine,6.50274658203125,1693,False,0.9920276999473572
movi_c_v14_01,spatial_scattered,11,inner_product,15.46902847290039,1770,False,0.990683376789093
movi_c_v14_01,spatial_scattered,12,l1,2.2576847076416016,1255,False,1.0
movi_c_v14_01,spatial_scattered,12,l2,3.193997383117676,1207,False,1.0
movi_c_v14_01,spatial_scattered,12,cosine,6.78956937789917,1440,False,1.0
movi_c_v14_01,spatial_scattered,12,inner_product,29.96518325805664,1775,False,1.0
movi_c_v14_01,temporal_back,1,l1,5.844961643218994,1578,False,0.9995183348655701
movi_c_v14_01,temporal_back,1,l2,8.940913200378418,1641,False,0.9988899827003479
movi_c_v14_01,temporal_back,1,cosine,13.154411315917969,1663,False,0.9987079501152039
movi_c_v14_01,temporal_back,1,inner_product,5.441717147827148,1216,False,0.9914155006408691
movi_c_v14_01,temporal_back,2,l1,1.6348292827606201,1185,False,0.9975316524505615
movi_c_v14_01,temporal_back,2,l2,2.7986559867858887,1241,False,0.9967471361160278
movi_c_v14_01,temporal_back,2,cosine,4.177302360534668,1231,False,0.9966291785240173
movi_c_v14_01,temporal_back,2,inner_product,2.0679757595062256,972,False,0.9771583080291748
movi_c_v14_01,temporal_back,3,l1,1.5877065658569336,1291,False,0.9944266676902771
movi_c_v14_01,temporal_back,3,l2,2.8096227645874023,1266,False,0.9955736994743347
movi_c_v14_01,temporal_back,3,cosine,4.293530464172363,1233,False,0.9952566027641296
movi_c_v14_01,temporal_back,3,inner_product,3.532468557357788,995,False,0.9690499901771545
movi_c_v14_01,temporal_back,4,l1,2.48874568939209,1535,False,0.8206385970115662
movi_c_v14_01,temporal_back,4,l2,9.946069717407227,1746,False,0.9119421243667603
movi_c_v14_01,temporal_back,4,cosine,14.58379077911377,1745,False,0.8943025469779968
movi_c_v14_01,temporal_back,4,inner_product,0.17320913076400757,148,False,0.812084436416626
movi_c_v14_01,temporal_back,5,l1,1.1246068477630615,987,False,0.9586381316184998
movi_c_v14_01,temporal_back,5,l2,2.2921977043151855,1182,False,0.96244215965271
movi_c_v14_01,temporal_back,5,cosine,3.401395082473755,1167,False,0.956068217754364
movi_c_v14_01,temporal_back,5,inner_product,1.3729820251464844,766,False,0.822864294052124
movi_c_v14_01,temporal_back,6,l1,1.953258991241455,1113,False,0.9951531291007996
movi_c_v14_01,temporal_back,6,l2,3.782931327819824,1242,False,0.994458794593811
movi_c_v14_01,temporal_back,6,cosine,5.91370153427124,1242,False,0.9938300251960754
movi_c_v14_01,temporal_back,6,inner_product,5.097607612609863,1072,False,0.9718571901321411
movi_c_v14_01,temporal_back,7,l1,2.004680633544922,1206,False,0.9936010241508484
movi_c_v14_01,temporal_back,7,l2,4.222542762756348,1262,False,0.9926467537879944
movi_c_v14_01,temporal_back,7,cosine,6.676919937133789,1284,False,0.9914976358413696
movi_c_v14_01,temporal_back,7,inner_product,7.910202980041504,1419,False,0.9729996919631958
movi_c_v14_01,temporal_back,8,l1,2.200674533843994,1625,False,0.994091272354126
movi_c_v14_01,temporal_back,8,l2,4.062896251678467,1606,False,0.9929497241973877
movi_c_v14_01,temporal_back,8,cosine,6.589286804199219,1610,False,0.9931100606918335
movi_c_v14_01,temporal_back,8,inner_product,7.883910179138184,1501,False,0.9898684024810791
movi_c_v14_01,temporal_back,9,l1,2.0048513412475586,1360,False,0.9865517616271973
movi_c_v14_01,temporal_back,9,l2,5.278932094573975,1395,False,0.9912294149398804
movi_c_v14_01,temporal_back,9,cosine,8.58896541595459,1415,False,0.9907756447792053
movi_c_v14_01,temporal_back,9,inner_product,11.792070388793945,1564,False,0.9781525135040283
movi_c_v14_01,temporal_back,10,l1,2.4417014122009277,1656,False,0.9788898229598999
movi_c_v14_01,temporal_back,10,l2,5.642733573913574,1711,False,0.9897730946540833
movi_c_v14_01,temporal_back,10,cosine,9.65482234954834,1721,False,0.9901970624923706
movi_c_v14_01,temporal_back,10,inner_product,20.904911041259766,1661,False,0.9890879988670349
movi_c_v14_01,temporal_back,11,l1,2.791877031326294,1685,False,0.9815402626991272
movi_c_v14_01,temporal_back,11,l2,6.076877117156982,1736,False,0.989432156085968
movi_c_v14_01,temporal_back,11,cosine,10.300637245178223,1746,False,0.9899227619171143
movi_c_v14_01,temporal_back,11,inner_product,18.56454849243164,1776,False,0.9915605187416077
movi_c_v14_01,temporal_back,12,l1,4.842997074127197,1642,False,1.0000001192092896
movi_c_v14_01,temporal_back,12,l2,6.749296188354492,1582,False,1.0
movi_c_v14_01,temporal_back,12,cosine,12.132335662841797,1623,False,1.0000001192092896
movi_c_v14_01,temporal_back,12,inner_product,32.986793518066406,1768,False,1.0
movi_c_v14_01,temporal_front,1,l1,1.8930059671401978,679,False,0.9979280233383179
movi_c_v14_01,temporal_front,1,l2,2.834868907928467,606,False,0.9983806014060974
movi_c_v14_01,temporal_front,1,cosine,4.904121398925781,612,False,0.9983885884284973
movi_c_v14_01,temporal_front,1,inner_product,3.0157065391540527,702,False,0.9956318736076355
movi_c_v14_01,temporal_front,2,l1,2.03467059135437,929,False,0.9982344508171082
movi_c_v14_01,temporal_front,2,l2,2.824613094329834,829,False,0.9983978867530823
movi_c_v14_01,temporal_front,2,cosine,4.285834312438965,761,False,0.9985371232032776
movi_c_v14_01,temporal_front,2,inner_product,1.423040509223938,626,False,0.9818398356437683
movi_c_v14_01,temporal_front,3,l1,1.4370181560516357,959,False,0.9892337918281555
movi_c_v14_01,temporal_front,3,l2,1.9939067363739014,917,False,0.9903435111045837
movi_c_v14_01,temporal_front,3,cosine,3.0551233291625977,897,False,0.9919237494468689
movi_c_v14_01,temporal_front,3,inner_product,1.8611959218978882,731,False,0.953338086605072
movi_c_v14_01,temporal_front,4,l1,4.17458438873291,1462,False,0.9689569473266602
movi_c_v14_01,temporal_front,4,l2,9.655841827392578,1696,False,0.9819761514663696
movi_c_v14_01,temporal_front,4,cosine,14.01719856262207,1660,False,0.9771140813827515
movi_c_v14_01,temporal_front,4,inner_product,0.08507956564426422,51,False,0.947059154510498
movi_c_v14_01,temporal_front,5,l1,1.0010251998901367,768,False,0.9727606177330017
movi_c_v14_01,temporal_front,5,l2,1.3976565599441528,745,False,0.9746952056884766
movi_c_v14_01,temporal_front,5,cosine,2.0827717781066895,724,False,0.971416711807251
movi_c_v14_01,temporal_front,5,inner_product,1.4411035776138306,561,False,0.9036049246788025
movi_c_v14_01,temporal_front,6,l1,2.2893013954162598,1134,False,0.9905661344528198
movi_c_v14_01,temporal_front,6,l2,3.5643742084503174,1103,False,0.9959818124771118
movi_c_v14_01,temporal_front,6,cosine,5.1659369468688965,1097,False,0.9952899217605591
movi_c_v14_01,temporal_front,6,inner_product,3.8109130859375,856,False,0.968279242515564
movi_c_v14_01,temporal_front,7,l1,1.8750746250152588,1043,False,0.9931343793869019
movi_c_v14_01,temporal_front,7,l2,3.178440570831299,1165,False,0.9924794435501099
movi_c_v14_01,temporal_front,7,cosine,5.237760543823242,1201,False,0.9913462996482849
movi_c_v14_01,temporal_front,7,inner_product,7.067480087280273,1311,False,0.9821434020996094
movi_c_v14_01,temporal_front,8,l1,0.8246446847915649,866,False,0.9789852499961853
movi_c_v14_01,temporal_front,8,l2,1.280533790588379,898,False,0.9814537167549133
movi_c_v14_01,temporal_front,8,cosine,2.1651766300201416,925,False,0.9802364110946655
movi_c_v14_01,temporal_front,8,inner_product,4.782879829406738,1289,False,0.979627251625061
movi_c_v14_01,temporal_front,9,l1,1.2942140102386475,1112,False,0.9789897203445435
movi_c_v14_01,temporal_front,9,l2,3.2122344970703125,1373,False,0.9887878894805908
movi_c_v14_01,temporal_front,9,cosine,5.783961772918701,1444,False,0.9890990853309631
movi_c_v14_01,temporal_front,9,inner_product,11.716282844543457,1662,False,0.9791851043701172
movi_c_v14_01,temporal_front,10,l1,0.7116973400115967,950,False,0.9502072334289551
movi_c_v14_01,temporal_front,10,l2,1.579622745513916,1207,False,0.9687248468399048
movi_c_v14_01,temporal_front,10,cosine,3.5335841178894043,1388,False,0.9797959327697754
movi_c_v14_01,temporal_front,10,inner_product,17.230926513671875,1649,False,0.9879178404808044
movi_c_v14_01,temporal_front,11,l1,1.296331763267517,1285,False,0.9560749530792236
movi_c_v14_01,temporal_front,11,l2,2.774165630340576,1520,False,0.974793553352356
movi_c_v14_01,temporal_front,11,cosine,5.355206489562988,1586,False,0.9772757887840271
movi_c_v14_01,temporal_front,11,inner_product,14.83792781829834,1767,False,0.9861788153648376
movi_c_v14_01,temporal_front,12,l1,3.385186195373535,1478,False,1.0
movi_c_v14_01,temporal_front,12,l2,4.8476881980896,1556,False,0.9999999403953552
movi_c_v14_01,temporal_front,12,cosine,10.086663246154785,1656,False,1.0000001192092896
movi_c_v14_01,temporal_front,12,inner_product,33.42462158203125,1776,False,1.0
movi_c_v14_01,temporal_middle,1,l1,0.6025960445404053,295,False,0.9940646290779114
movi_c_v14_01,temporal_middle,1,l2,1.2366628646850586,361,False,0.9952893257141113
movi_c_v14_01,temporal_middle,1,cosine,1.6885850429534912,329,False,0.995172381401062
movi_c_v14_01,temporal_middle,1,inner_product,0.5204843878746033,157,False,0.9902345538139343
movi_c_v14_01,temporal_middle,2,l1,3.621976375579834,766,False,0.9996454119682312
movi_c_v14_01,temporal_middle,2,l2,5.539749622344971,775,False,0.9995177388191223
movi_c_v14_01,temporal_middle,2,cosine,8.485443115234375,760,False,0.99952232837677
movi_c_v14_01,temporal_middle,2,inner_product,3.5144693851470947,688,False,0.9957923293113708
movi_c_v14_01,temporal_middle,3,l1,2.186035633087158,770,False,0.9983387589454651
movi_c_v14_01,temporal_middle,3,l2,3.4118223190307617,769,False,0.9982402324676514
movi_c_v14_01,temporal_middle,3,cosine,5.275123119354248,762,False,0.9983800053596497
movi_c_v14_01,temporal_middle,3,inner_product,2.9192867279052734,688,False,0.9835582971572876
movi_c_v14_01,temporal_middle,4,l1,8.810497283935547,1716,False,0.9899217486381531
movi_c_v14_01,temporal_middle,4,l2,17.492042541503906,1746,False,0.9916238188743591
movi_c_v14_01,temporal_middle,4,cosine,26.69747543334961,1744,False,0.9926037192344666
movi_c_v14_01,temporal_middle,4,inner_product,7.858868598937988,1497,False,0.9531751275062561
movi_c_v14_01,temporal_middle,5,l1,1.0950350761413574,948,False,0.981513261795044
movi_c_v14_01,temporal_middle,5,l2,1.279747724533081,775,False,0.9724588990211487
movi_c_v14_01,temporal_middle,5,cosine,1.9028208255767822,747,False,0.9695069789886475
movi_c_v14_01,temporal_middle,5,inner_product,1.0652661323547363,535,False,0.8565109372138977
movi_c_v14_01,temporal_middle,6,l1,1.2617231607437134,826,False,0.9912658929824829
movi_c_v14_01,temporal_middle,6,l2,2.217014789581299,857,False,0.9924207925796509
movi_c_v14_01,temporal_middle,6,cosine,3.063967227935791,822,False,0.9898247122764587
movi_c_v14_01,temporal_middle,6,inner_product,1.9765453338623047,639,False,0.9399702548980713
movi_c_v14_01,temporal_middle,7,l1,1.9376633167266846,1309,False,0.9904578924179077
movi_c_v14_01,temporal_middle,7,l2,4.048671722412109,1432,False,0.9912160038948059
movi_c_v14_01,temporal_middle,7,cosine,6.782809734344482,1434,False,0.9916926622390747
movi_c_v14_01,temporal_middle,7,inner_product,8.540491104125977,1270,False,0.9854792356491089
movi_c_v14_01,temporal_middle,8,l1,0.4650130569934845,709,False,0.9708705544471741
movi_c_v14_01,temporal_middle,8,l2,0.9079290628433228,800,False,0.9687031507492065
movi_c_v14_01,temporal_middle,8,cosine,1.649954915046692,869,False,0.9684106111526489
movi_c_v14_01,temporal_middle,8,inner_product,3.8313469886779785,1206,False,0.9744675755500793
movi_c_v14_01,temporal_middle,9,l1,0.8400620222091675,958,False,0.9496966004371643
movi_c_v14_01,temporal_middle,9,l2,2.271131992340088,1162,False,0.969475269317627
movi_c_v14_01,temporal_middle,9,cosine,4.375744819641113,1281,False,0.970231831073761
movi_c_v14_01,temporal_middle,9,inner_product,10.171625137329102,1654,False,0.9702194333076477
movi_c_v14_01,temporal_middle,10,l1,0.5240398049354553,710,False,0.9600011706352234
movi_c_v14_01,temporal_middle,10,l2,1.3402341604232788,990,False,0.9596180319786072
movi_c_v14_01,temporal_middle,10,cosine,3.3793017864227295,1286,False,0.9704626798629761
movi_c_v14_01,temporal_middle,10,inner_product,15.415216445922852,1624,False,0.9848011136054993
movi_c_v14_01,temporal_middle,11,l1,1.693434238433838,1304,False,0.9744704365730286
movi_c_v14_01,temporal_middle,11,l2,3.5286459922790527,1549,False,0.9839069247245789
movi_c_v14_01,temporal_middle,11,cosine,7.046924591064453,1647,False,0.9850007891654968
movi_c_v14_01,temporal_middle,11,inner_product,15.786266326904297,1779,False,0.9888633489608765
movi_c_v14_01,temporal_middle,12,l1,3.771263599395752,1426,False,0.9999998807907104
movi_c_v14_01,temporal_middle,12,l2,5.119699954986572,1340,False,1.0
movi_c_v14_01,temporal_middle,12,cosine,11.174272537231445,1561,False,0.9999998807907104
movi_c_v14_01,temporal_middle,12,inner_product,32.615352630615234,1758,False,1.0000001192092896
movi_c_v14_02,spatial_block,1,l1,1.7716327905654907,894,False,0.9986542463302612
movi_c_v14_02,spatial_block,1,l2,1.8504780530929565,869,False,0.9983620643615723
movi_c_v14_02,spatial_block,1,cosine,2.5109808444976807,870,False,0.9983586668968201
movi_c_v14_02,spatial_block,1,inner_product,2.231473922729492,751,False,0.9812212586402893
movi_c_v14_02,spatial_block,2,l1,1.1598107814788818,989,False,0.9969599843025208
movi_c_v14_02,spatial_block,2,l2,1.3012340068817139,969,False,0.9963315725326538
movi_c_v14_02,spatial_block,2,cosine,1.7092328071594238,942,False,0.9967033267021179
movi_c_v14_02,spatial_block,2,inner_product,1.1953977346420288,758,False,0.9532736539840698
movi_c_v14_02,spatial_block,3,l1,0.8583014011383057,770,False,0.9970878958702087
movi_c_v14_02,spatial_block,3,l2,1.0841803550720215,819,False,0.9956941604614258
movi_c_v14_02,spatial_block,3,cosine,1.3644921779632568,777,False,0.995349645614624
movi_c_v14_02,spatial_block,3,inner_product,0.6752759218215942,442,False,0.882959246635437
movi_c_v14_02,spatial_block,4,l1,0.6956125497817993,581,False,0.9118953943252563
movi_c_v14_02,spatial_block,4,l2,1.2340500354766846,709,False,0.9402582049369812
movi_c_v14_02,spatial_block,4,cosine,0.9184718132019043,447,False,0.883109450340271
movi_c_v14_02,spatial_block,4,inner_product,0.0,0,True,
movi_c_v14_02,spatial_block,5,l1,1.715446949005127,1501,False,0.9911010265350342
movi_c_v14_02,spatial_block,5,l2,1.797011137008667,1442,False,0.9852129817008972
movi_c_v14_02,spatial_block,5,cosine,2.8246781826019287,1464,False,0.98633873462677
movi_c_v14_02,spatial_block,5,inner_product,7.276708602905273,1600,False,0.9831019043922424
movi_c_v14_02,spatial_block,6,l1,1.9341683387756348,1345,False,0.9963833689689636
movi_c_v14_02,spatial_block,6,l2,2.205655097961426,1321,False,0.9948837757110596
movi_c_v14_02,spatial_block,6,cosine,3.464840888977051,1361,False,0.9953860640525818
movi_c_v14_02,spatial_block,6,inner_product,6.859066486358643,1265,False,0.9776772856712341
movi_c_v14_02,spatial_block,7,l1,0.9611632823944092,812,False,0.9844760298728943
movi_c_v14_02,spatial_block,7,l2,1.4961152076721191,826,False,0.9903532266616821
movi_c_v14_02,spatial_block,7,cosine,2.2106854915618896,871,False,0.9890130758285522
movi_c_v14_02,spatial_block,7,inner_product,8.357288360595703,1316,False,0.9820472002029419
movi_c_v14_02,spatial_block,8,l1,1.1972150802612305,1454,False,0.9878602623939514
movi_c_v14_02,spatial_block,8,l2,1.2007966041564941,1341,False,0.9867478013038635
movi_c_v14_02,spatial_block,8,cosine,2.114248275756836,1458,False,0.9893936514854431
movi_c_v14_02,spatial_block,8,inner_product,8.909358978271484,1473,False,0.9901765584945679
movi_c_v14_02,spatial_block,9,l1,0.7827426195144653,1033,False,0.9411524534225464
movi_c_v14_02,spatial_block,9,l2,1.3846566677093506,1130,False,0.9706456065177917
movi_c_v14_02,spatial_block,9,cosine,2.3112478256225586,1266,False,0.9704270362854004
movi_c_v14_02,spatial_block,9,inner_product,10.660417556762695,1608,False,0.9737845659255981
movi_c_v14_02,spatial_block,10,l1,0.8972119688987732,1284,False,0.9595712423324585
movi_c_v14_02,spatial_block,10,l2,0.8627232313156128,1131,False,0.952776312828064
movi_c_v14_02,spatial_block,10,cosine,1.8361791372299194,1380,False,0.9681877493858337
movi_c_v14_02,spatial_block,10,inner_product,19.46510124206543,1632,False,0.9944285750389099
movi_c_v14_02,spatial_block,11,l1,1.5585973262786865,1326,False,0.9757770895957947
movi_c_v14_02,spatial_block,11,l2,2.3326058387756348,1507,False,0.980355978012085
movi_c_v14_02,spatial_block,11,cosine,3.924293041229248,1583,False,0.9829719662666321
movi_c_v14_02,spatial_block,11,inner_product,15.382203102111816,1743,False,0.9890699982643127
movi_c_v14_02,spatial_block,12,l1,2.5359573364257812,1375,False,1.0
movi_c_v14_02,spatial_block,12,l2,2.9729204177856445,1370,False,1.0
movi_c_v14_02,spatial_block,12,cosine,5.0917158126831055,1467,False,1.0
movi_c_v14_02,spatial_block,12,inner_product,23.695331573486328,1764,False,0.9999999403953552
movi_c_v14_02,spatial_scattered,1,l1,1.2393429279327393,690,False,0.9959571361541748
movi_c_v14_02,spatial_scattered,1,l2,2.2875964641571045,843,False,0.9967915415763855
movi_c_v14_02,spatial_scattered,1,cosine,2.9223856925964355,818,False,0.9976022243499756
movi_c_v14_02,spatial_scattered,1,inner_product,1.923323392868042,657,False,0.9886590242385864
movi_c_v14_02,spatial_scattered,2,l1,1.323333501815796,817,False,0.9969273805618286
movi_c_v14_02,spatial_scattered,2,l2,1.8139536380767822,873,False,0.9965695738792419
movi_c_v14_02,spatial_scattered,2,cosine,2.1807188987731934,849,False,0.9967966079711914
movi_c_v14_02,spatial_scattered,2,inner_product,0.9855695962905884,596,False,0.9615665078163147
movi_c_v14_02,spatial_scattered,3,l1,0.9939561486244202,895,False,0.9863494038581848
movi_c_v14_02,spatial_scattered,3,l2,1.9361058473587036,981,False,0.9875043630599976
movi_c_v14_02,spatial_scattered,3,cosine,2.3981781005859375,959,False,0.9857895970344543
movi_c_v14_02,spatial_scattered,3,inner_product,0.5852599143981934,503,False,0.8478753566741943
movi_c_v14_02,spatial_scattered,4,l1,8.848886489868164,1671,False,0.9929468631744385
movi_c_v14_02,spatial_scattered,4,l2,9.93642807006836,1559,False,0.978088915348053
movi_c_v14_02,spatial_scattered,4,cosine,11.429163932800293,1446,False,0.9771741032600403
movi_c_v14_02,spatial_scattered,4,inner_product,0.2654246687889099,195,False,0.8722281455993652
movi_c_v14_02,spatial_scattered,5,l1,2.399740219116211,1307,False,0.9705851674079895
movi_c_v14_02,spatial_scattered,5,l2,3.1209261417388916,1185,False,0.9619717597961426
movi_c_v14_02,spatial_scattered,5,cosine,3.644627571105957,1103,False,0.9493973851203918
movi_c_v14_02,spatial_scattered,5,inner_product,1.8731276988983154,868,False,0.921838641166687
movi_c_v14_02,spatial_scattered,6,l1,4.063136577606201,1170,False,0.9976109862327576
movi_c_v14_02,spatial_scattered,6,l2,6.743387222290039,1214,False,0.9979466199874878
movi_c_v14_02,spatial_scattered,6,cosine,8.642953872680664,1164,False,0.9975379109382629
movi_c_v14_02,spatial_scattered,6,inner_product,4.2590718269348145,927,False,0.9721629619598389
movi_c_v14_02,spatial_scattered,7,l1,2.5232510566711426,921,False,0.9971397519111633
movi_c_v14_02,spatial_scattered,7,l2,4.407885551452637,968,False,0.9970309734344482
movi_c_v14_02,spatial_scattered,7,cosine,6.411203384399414,983,False,0.9971146583557129
movi_c_v14_02,spatial_scattered,7,inner_product,7.751166343688965,1445,False,0.9656367897987366
movi_c_v14_02,spatial_scattered,8,l1,1.9515050649642944,1192,False,0.9951543211936951
movi_c_v14_02,spatial_scattered,8,l2,2.936516761779785,1197,False,0.9952317476272583
movi_c_v14_02,spatial_scattered,8,cosine,4.3158040046691895,1261,False,0.9950995445251465
movi_c_v14_02,spatial_scattered,8,inner_product,5.5680975914001465,1352,False,0.9843979477882385
movi_c_v14_02,spatial_scattered,9,l1,1.1948119401931763,1146,False,0.9715745449066162
movi_c_v14_02,spatial_scattered,9,l2,3.147214889526367,1290,False,0.9891449809074402
movi_c_v14_02,spatial_scattered,9,cosine,5.495461940765381,1435,False,0.9913508892059326
movi_c_v14_02,spatial_scattered,9,inner_product,11.425206184387207,1676,False,0.9790123105049133
movi_c_v14_02,spatial_scattered,10,l1,2.12817645072937,1071,False,0.9902982115745544
movi_c_v14_02,spatial_scattered,10,l2,3.93021297454834,1233,False,0.9932202696800232
movi_c_v14_02,spatial_scattered,10,cosine,7.616443634033203,1397,False,0.9949066042900085
movi_c_v14_02,spatial_scattered,10,inner_product,21.440326690673828,1677,False,0.993870198726654
movi_c_v14_02,spatial_scattered,11,l1,1.317713737487793,952,False,0.9867165684700012
movi_c_v14_02,spatial_scattered,11,l2,2.531451463699341,1208,False,0.9884303212165833
movi_c_v14_02,spatial_scattered,11,cosine,5.508410453796387,1497,False,0.9892532229423523
movi_c_v14_02,spatial_scattered,11,inner_product,15.867881774902344,1766,False,0.9906153082847595
movi_c_v14_02,spatial_scattered,12,l1,2.6831488609313965,1212,False,1.0
movi_c_v14_02,spatial_scattered,12,l2,3.6117472648620605,1231,False,0.9999999403953552
movi_c_v14_02,spatial_scattered,12,cosine,7.946051597595215,1414,False,1.0
movi_c_v14_02,spatial_scattered,12,inner_product,25.296524047851562,1742,False,1.0000001192092896
movi_c_v14_02,temporal_back,1,l1,2.74153470993042,1067,False,0.998425304889679
movi_c_v14_02,temporal_back,1,l2,4.386349678039551,1220,False,0.9984499216079712
movi_c_v14_02,temporal_back,1,cosine,6.547592639923096,1243,False,0.9985067248344421
movi_c_v14_02,temporal_back,1,inner_product,3.7764225006103516,1025,False,0.9920032620429993
movi_c_v14_02,temporal_back,2,l1,1.850160837173462,1299,False,0.9928827881813049
movi_c_v14_02,temporal_back,2,l2,2.688891887664795,1322,False,0.9929584264755249
movi_c_v14_02,temporal_back,2,cosine,3.8438737392425537,1310,False,0.9929223656654358
movi_c_v14_02,temporal_back,2,inner_product,2.277740001678467,1058,False,0.9722393155097961
movi_c_v14_02,temporal_back,3,l1,1.2340794801712036,906,False,0.9919442534446716
movi_c_v14_02,temporal_back,3,l2,2.2048568725585938,1049,False,0.9919319748878479
movi_c_v14_02,temporal_back,3,cosine,3.3154821395874023,1069,False,0.9914811253547668
movi_c_v14_02,temporal_back,3,inner_product,1.8996866941452026,1008,False,0.9047335386276245
movi_c_v14_02,temporal_back,4,l1,5.894927501678467,1615,False,0.9856472611427307
movi_c_v14_02,temporal_back,4,l2,11.279806137084961,1714,False,0.9761127233505249
movi_c_v14_02,temporal_back,4,cosine,16.48552703857422,1709,False,0.976619303226471
movi_c_v14_02,temporal_back,4,inner_product,0.5335085391998291,245,False,0.929702877998352
movi_c_v14_02,temporal_back,5,l1,2.27750825881958,1136,False,0.9877593517303467
movi_c_v14_02,temporal_back,5,l2,3.7797367572784424,1176,False,0.9898566007614136
movi_c_v14_02,temporal_back,5,cosine,5.573612689971924,1171,False,0.9888664484024048
movi_c_v14_02,temporal_back,5,inner_product,3.5464916229248047,877,False,0.9680889844894409
movi_c_v14_02,temporal_back,6,l1,2.3463101387023926,1081,False,0.9957465529441833
movi_c_v14_02,temporal_back,6,l2,4.048341274261475,1174,False,0.9967516660690308
movi_c_v14_02,temporal_back,6,cosine,6.105169773101807,1173,False,0.996338427066803
movi_c_v14_02,temporal_back,6,inner_product,3.436950445175171,900,False,0.962776243686676
movi_c_v14_02,temporal_back,7,l1,2.7554755210876465,1183,False,0.9943846464157104
movi_c_v14_02,temporal_back,7,l2,5.191181659698486,1228,False,0.9957970976829529
movi_c_v14_02,temporal_back,7,cosine,8.36206340789795,1262,False,0.9957383275032043
movi_c_v14_02,temporal_back,7,inner_product,11.512717247009277,1428,False,0.9829548001289368
movi_c_v14_02,temporal_back,8,l1,2.5393929481506348,1436,False,0.9960572123527527
movi_c_v14_02,temporal_back,8,l2,4.678901672363281,1495,False,0.9965846538543701
movi_c_v14_02,temporal_back,8,cosine,7.293451309204102,1499,False,0.996793270111084
movi_c_v14_02,temporal_back,8,inner_product,7.333467483520508,1413,False,0.9866027235984802
movi_c_v14_02,temporal_back,9,l1,2.2861127853393555,1238,False,0.9883836507797241
movi_c_v14_02,temporal_back,9,l2,4.799945831298828,1263,False,0.993697464466095
movi_c_v14_02,temporal_back,9,cosine,7.856503009796143,1318,False,0.9933307766914368
movi_c_v14_02,temporal_back,9,inner_product,12.572649002075195,1584,False,0.979965329170227
movi_c_v14_02,temporal_back,10,l1,2.985729694366455,1573,False,0.9884057641029358
movi_c_v14_02,temporal_back,10,l2,5.500993728637695,1639,False,0.9906888008117676
movi_c_v14_02,temporal_back,10,cosine,9.308239936828613,1677,False,0.9912341237068176
movi_c_v14_02,temporal_back,10,inner_product,20.379886627197266,1691,False,0.9900777339935303
movi_c_v14_02,temporal_back,11,l1,2.4968767166137695,1494,False,0.9833813905715942
movi_c_v14_02,temporal_back,11,l2,4.616734981536865,1600,False,0.9868184924125671
movi_c_v14_02,temporal_back,11,cosine,8.072559356689453,1678,False,0.9876629710197449
movi_c_v14_02,temporal_back,11,inner_product,19.09551239013672,1778,False,0.9915564060211182
movi_c_v14_02,temporal_back,12,l1,3.3578314781188965,1273,False,1.0
movi_c_v14_02,temporal_back,12,l2,4.696197509765625,1258,False,1.0000001192092896
movi_c_v14_02,temporal_back,12,cosine,8.681049346923828,1358,False,0.9999998807907104
movi_c_v14_02,temporal_back,12,inner_product,28.939266204833984,1701,False,1.0
movi_c_v14_02,temporal_front,1,l1,1.4116551876068115,589,False,0.9951525926589966
movi_c_v14_02,temporal_front,1,l2,1.6058367490768433,527,False,0.9953248500823975
movi_c_v14_02,temporal_front,1,cosine,2.328122854232788,505,False,0.9961317777633667
movi_c_v14_02,temporal_front,1,inner_product,3.9691340923309326,722,False,0.9964199066162109
movi_c_v14_02,temporal_front,2,l1,3.606632709503174,1298,False,0.9987683296203613
movi_c_v14_02,temporal_front,2,l2,4.693268299102783,1226,False,0.9985884428024292
movi_c_v14_02,temporal_front,2,cosine,6.880507946014404,1222,False,0.9987587928771973
movi_c_v14_02,temporal_front,2,inner_product,5.132069110870361,1192,False,0.9937080144882202
movi_c_v14_02,temporal_front,3,l1,3.098069429397583,1037,False,0.9969748258590698
movi_c_v14_02,temporal_front,3,l2,3.8872365951538086,1006,False,0.9961716532707214
movi_c_v14_02,temporal_front,3,cosine,5.624527931213379,988,False,0.9970617890357971
movi_c_v14_02,temporal_front,3,inner_product,3.502849817276001,830,False,0.9870675206184387
movi_c_v14_02,temporal_front,4,l1,0.8720522522926331,357,False,0.9958999156951904
movi_c_v14_02,temporal_front,4,l2,2.08022141456604,602,False,0.988374650478363
movi_c_v14_02,temporal_front,4,cosine,2.7956418991088867,535,False,0.9892193078994751
movi_c_v14_02,temporal_front,4,inner_product,0.060869231820106506,26,False,0.9799075722694397
movi_c_v14_02,temporal_front,5,l1,1.8170636892318726,883,False,0.9949379563331604
movi_c_v14_02,temporal_front,5,l2,2.134075164794922,807,False,0.9942920207977295
movi_c_v14_02,temporal_front,5,cosine,2.953423023223877,792,False,0.9922809600830078
movi_c_v14_02,temporal_front,5,inner_product,1.8207690715789795,595,False,0.9632532000541687
movi_c_v14_02,temporal_front,6,l1,3.609251022338867,1112,False,0.9978036284446716
movi_c_v14_02,temporal_front,6,l2,5.058326721191406,1126,False,0.998116672039032
movi_c_v14_02,temporal_front,6,cosine,6.618274688720703,1092,False,0.9980457425117493
movi_c_v14_02,temporal_front,6,inner_product,2.890155792236328,810,False,0.9604304432868958
movi_c_v14_02,temporal_front,7,l1,2.110053062438965,898,False,0.9971333146095276
movi_c_v14_02,temporal_front,7,l2,3.1795620918273926,952,False,0.9960269927978516
movi_c_v14_02,temporal_front,7,cosine,5.044170379638672,1009,False,0.9958934187889099
movi_c_v14_02,temporal_front,7,inner_product,8.562248229980469,1456,False,0.9793904423713684
movi_c_v14_02,temporal_front,8,l1,1.2938381433486938,1014,False,0.9895537495613098
movi_c_v14_02,temporal_front,8,l2,1.7643110752105713,1023,False,0.9908456206321716
movi_c_v14_02,temporal_front,8,cosine,2.722823143005371,1034,False,0.9906899929046631
movi_c_v14_02,temporal_front,8,inner_product,4.0209832191467285,1136,False,0.9793494939804077
movi_c_v14_02,temporal_front,9,l1,1.850031852722168,1261,False,0.9864678978919983
movi_c_v14_02,temporal_front,9,l2,3.269040107727051,1351,False,0.9901950359344482
movi_c_v14_02,temporal_front,9,cosine,5.7820892333984375,1496,False,0.9902836680412292
movi_c_v14_02,temporal_front,9,inner_product,12.379316329956055,1709,False,0.9801953434944153
movi_c_v14_02,temporal_front,10,l1,1.630464792251587,1118,False,0.9858483672142029
movi_c_v14_02,temporal_front,10,l2,2.375321865081787,1204,False,0.9870296120643616
movi_c_v14_02,temporal_front,10,cosine,4.680671215057373,1374,False,0.9898414015769958
movi_c_v14_02,temporal_front,10,inner_product,18.264497756958008,1636,False,0.9920427203178406
movi_c_v14_02,temporal_front,11,l1,0.5343591570854187,712,False,0.9667066931724548
movi_c_v14_02,temporal_front,11,l2,0.9801626205444336,945,False,0.9588384032249451
movi_c_v14_02,temporal_front,11,cosine,2.5681538581848145,1275,False,0.9685837626457214
movi_c_v14_02,temporal_front,11,inner_product,15.158218383789062,1770,False,0.988892674446106
movi_c_v14_02,temporal_front,12,l1,2.5126256942749023,1385,False,1.0
movi_c_v14_02,temporal_front,12,l2,3.548616647720337,1482,False,1.0
movi_c_v14_02,temporal_front,12,cosine,7.99875020980835,1656,False,1.0
movi_c_v14_02,temporal_front,12,inner_product,27.265430450439453,1761,False,1.0
movi_c_v14_02,temporal_middle,1,l1,0.3559083640575409,257,False,0.9968715906143188
movi_c_v14_02,temporal_middle,1,l2,0.6284308433532715,309,False,0.9976123571395874
movi_c_v14_02,temporal_middle,1,cosine,0.8912152051925659,293,False,0.9980474710464478
movi_c_v14_02,temporal_middle,1,inner_product,1.3216553926467896,352,False,0.9925556182861328
movi_c_v14_02,temporal_middle,2,l1,1.5889613628387451,621,False,0.998651921749115
movi_c_v14_02,temporal_middle,2,l2,2.2276525497436523,648,False,0.9984611868858337
movi_c_v14_02,temporal_middle,2,cosine,3.275737762451172,647,False,0.9987820982933044
movi_c_v14_02,temporal_middle,2,inner_product,2.6083638668060303,691,False,0.990616500377655
movi_c_v14_02,temporal_middle,3,l1,1.205434799194336,737,False,0.9943065643310547
movi_c_v14_02,temporal_middle,3,l2,1.6173735857009888,729,False,0.9928719401359558
movi_c_v14_02,temporal_middle,3,cosine,2.68928861618042,742,False,0.9953927397727966
movi_c_v14_02,temporal_middle,3,inner_product,3.0008349418640137,751,False,0.9800485968589783
movi_c_v14_02,temporal_middle,4,l1,8.77840805053711,1780,False,0.9944182634353638
movi_c_v14_02,temporal_middle,4,l2,16.202320098876953,1790,False,0.9944257140159607
movi_c_v14_02,temporal_middle,4,cosine,23.551803588867188,1790,False,0.995937705039978
movi_c_v14_02,temporal_middle,4,inner_product,10.651155471801758,1634,False,0.9870374798774719
movi_c_v14_02,temporal_middle,5,l1,1.276904582977295,839,False,0.9922474026679993
movi_c_v14_02,temporal_middle,5,l2,1.7637356519699097,825,False,0.9924466013908386
movi_c_v14_02,temporal_middle,5,cosine,2.6081814765930176,819,False,0.9889048933982849
movi_c_v14_02,temporal_middle,5,inner_product,1.8424746990203857,652,False,0.9575341939926147
movi_c_v14_02,temporal_middle,6,l1,1.8263041973114014,920,False,0.9941121935844421
movi_c_v14_02,temporal_middle,6,l2,3.2400553226470947,1009,False,0.995509922504425
movi_c_v14_02,temporal_middle,6,cosine,4.113805294036865,979,False,0.9944986701011658
movi_c_v14_02,temporal_middle,6,inner_product,1.3231580257415771,576,False,0.9152593016624451
movi_c_v14_02,temporal_middle,7,l1,1.4816710948944092,948,False,0.995506227016449
movi_c_v14_02,temporal_middle,7,l2,2.7747020721435547,1097,False,0.9958115816116333
movi_c_v14_02,temporal_middle,7,cosine,4.901731491088867,1222,False,0.994187593460083
movi_c_v14_02,temporal_middle,7,inner_product,9.023649215698242,1460,False,0.9786612391471863
movi_c_v14_02,temporal_middle,8,l1,0.9552754163742065,846,False,0.9874898791313171
movi_c_v14_02,temporal_middle,8,l2,1.5233230590820312,891,False,0.9893913865089417
movi_c_v14_02,temporal_middle,8,cosine,2.4350194931030273,958,False,0.9891130328178406
movi_c_v14_02,temporal_middle,8,inner_product,3.2136120796203613,1178,False,0.9681909680366516
movi_c_v14_02,temporal_middle,9,l1,1.838850975036621,1232,False,0.9866182804107666
movi_c_v14_02,temporal_middle,9,l2,3.316226005554199,1322,False,0.9901925921440125
movi_c_v14_02,temporal_middle,9,cosine,6.149906635284424,1481,False,0.9907005429267883
movi_c_v14_02,temporal_middle,9,inner_product,10.811040878295898,1671,False,0.976130485534668
movi_c_v14_02,temporal_middle,10,l1,0.5956624746322632,574,False,0.9724814295768738
movi_c_v14_02,temporal_middle,10,l2,1.0745004415512085,733,False,0.9761433601379395
movi_c_v14_02,temporal_middle,10,cosine,2.604506731033325,1019,False,0.9715418815612793
movi_c_v14_02,temporal_middle,10,inner_product,12.981158256530762,1510,False,0.9804915189743042
movi_c_v14_02,temporal_middle,11,l1,1.6112720966339111,1311,False,0.9699934720993042
movi_c_v14_02,temporal_middle,11,l2,2.5311551094055176,1441,False,0.977211058139801
movi_c_v14_02,temporal_middle,11,cosine,6.0061798095703125,1676,False,0.9838417768478394
movi_c_v14_02,temporal_middle,11,inner_product,16.646221160888672,1779,False,0.9916684031486511
movi_c_v14_02,temporal_middle,12,l1,3.491061210632324,1448,False,1.0
movi_c_v14_02,temporal_middle,12,l2,4.1150689125061035,1450,False,1.0
movi_c_v14_02,temporal_middle,12,cosine,9.982919692993164,1629,False,0.9999999403953552
movi_c_v14_02,temporal_middle,12,inner_product,28.612627029418945,1746,False,1.0
movi_c_v14_03,spatial_block,1,l1,3.1354689598083496,1436,False,0.9982079267501831
movi_c_v14_03,spatial_block,1,l2,3.550907611846924,1438,False,0.9982492923736572
movi_c_v14_03,spatial_block,1,cosine,4.521554946899414,1335,False,0.9985664486885071
movi_c_v14_03,spatial_block,1,inner_product,3.3324851989746094,1163,False,0.984123945236206
movi_c_v14_03,spatial_block,2,l1,1.2526278495788574,844,False,0.9968408942222595
movi_c_v14_03,spatial_block,2,l2,1.666013479232788,928,False,0.9950130581855774
movi_c_v14_03,spatial_block,2,cosine,2.1630005836486816,887,False,0.9955754280090332
movi_c_v14_03,spatial_block,2,inner_product,1.2136428356170654,592,False,0.9808217287063599
movi_c_v14_03,spatial_block,3,l1,1.5542277097702026,868,False,0.9965528249740601
movi_c_v14_03,spatial_block,3,l2,2.043625593185425,978,False,0.9937402009963989
movi_c_v14_03,spatial_block,3,cosine,2.417921543121338,911,False,0.9924835562705994
movi_c_v14_03,spatial_block,3,inner_product,1.2596039772033691,561,False,0.9054840207099915
movi_c_v14_03,spatial_block,4,l1,4.826899528503418,1152,False,0.9978010058403015
movi_c_v14_03,spatial_block,4,l2,6.683316707611084,1118,False,0.9975038766860962
movi_c_v14_03,spatial_block,4,cosine,8.98940658569336,1047,False,0.997806966304779
movi_c_v14_03,spatial_block,4,inner_product,2.9441661834716797,723,False,0.9752127528190613
movi_c_v14_03,spatial_block,5,l1,0.8002622723579407,839,False,0.9798444509506226
movi_c_v14_03,spatial_block,5,l2,0.9596008062362671,727,False,0.9793810248374939
movi_c_v14_03,spatial_block,5,cosine,1.638972282409668,878,False,0.9707541465759277
movi_c_v14_03,spatial_block,5,inner_product,5.150875091552734,1324,False,0.9663329124450684
movi_c_v14_03,spatial_block,6,l1,1.1530234813690186,924,False,0.9851858615875244
movi_c_v14_03,spatial_block,6,l2,1.7411651611328125,899,False,0.9854466319084167
movi_c_v14_03,spatial_block,6,cosine,2.385997772216797,943,False,0.9833913445472717
movi_c_v14_03,spatial_block,6,inner_product,5.92600679397583,1081,False,0.9764041304588318
movi_c_v14_03,spatial_block,7,l1,1.0773215293884277,756,False,0.9910224080085754
movi_c_v14_03,spatial_block,7,l2,1.9088759422302246,787,False,0.99402916431427
movi_c_v14_03,spatial_block,7,cosine,2.6668829917907715,801,False,0.9920309782028198
movi_c_v14_03,spatial_block,7,inner_product,8.602391242980957,1450,False,0.97625732421875
movi_c_v14_03,spatial_block,8,l1,0.7792788743972778,919,False,0.98647540807724
movi_c_v14_03,spatial_block,8,l2,1.0785645246505737,938,False,0.9837495684623718
movi_c_v14_03,spatial_block,8,cosine,1.8276257514953613,1209,False,0.9793156385421753
movi_c_v14_03,spatial_block,8,inner_product,9.592300415039062,1570,False,0.9872000813484192
movi_c_v14_03,spatial_block,9,l1,0.951538622379303,1171,False,0.9708417654037476
movi_c_v14_03,spatial_block,9,l2,1.930763840675354,1347,False,0.982328474521637
movi_c_v14_03,spatial_block,9,cosine,3.1307485103607178,1403,False,0.984973132610321
movi_c_v14_03,spatial_block,9,inner_product,9.837203979492188,1531,False,0.9807605147361755
movi_c_v14_03,spatial_block,10,l1,0.74876868724823,984,False,0.956501305103302
movi_c_v14_03,spatial_block,10,l2,0.9666845798492432,956,False,0.9620764255523682
movi_c_v14_03,spatial_block,10,cosine,2.4008936882019043,1313,False,0.9748451709747314
movi_c_v14_03,spatial_block,10,inner_product,21.22500991821289,1610,False,0.9958406090736389
movi_c_v14_03,spatial_block,11,l1,1.2820661067962646,1400,False,0.9655332565307617
movi_c_v14_03,spatial_block,11,l2,2.3742642402648926,1557,False,0.979775607585907
movi_c_v14_03,spatial_block,11,cosine,3.925095558166504,1632,False,0.9818220138549805
movi_c_v14_03,spatial_block,11,inner_product,12.6815185546875,1690,False,0.9869287610054016
movi_c_v14_03,spatial_block,12,l1,2.4965877532958984,1393,False,0.9999999403953552
movi_c_v14_03,spatial_block,12,l2,3.0302555561065674,1317,False,1.0000001192092896
movi_c_v14_03,spatial_block,12,cosine,5.406506061553955,1484,False,1.0000001192092896
movi_c_v14_03,spatial_block,12,inner_product,25.298160552978516,1765,False,1.0000001192092896
movi_c_v14_03,spatial_scattered,1,l1,1.3342711925506592,905,False,0.9919019937515259
movi_c_v14_03,spatial_scattered,1,l2,1.7703218460083008,929,False,0.9941676259040833
movi_c_v14_03,spatial_scattered,1,cosine,2.283642530441284,935,False,0.9941954612731934
movi_c_v14_03,spatial_scattered,1,inner_product,2.8794353008270264,940,False,0.9868806004524231
movi_c_v14_03,spatial_scattered,2,l1,1.0263183116912842,665,False,0.9945203065872192
movi_c_v14_03,spatial_scattered,2,l2,1.443493366241455,791,False,0.9945334792137146
movi_c_v14_03,spatial_scattered,2,cosine,1.8548293113708496,775,False,0.9945005774497986
movi_c_v14_03,spatial_scattered,2,inner_product,0.9367145299911499,490,False,0.980549693107605
movi_c_v14_03,spatial_scattered,3,l1,1.0411165952682495,1094,False,0.9767351746559143
movi_c_v14_03,spatial_scattered,3,l2,2.159177780151367,1323,False,0.9711487293243408
movi_c_v14_03,spatial_scattered,3,cosine,2.645601749420166,1274,False,0.9645880460739136
movi_c_v14_03,spatial_scattered,3,inner_product,0.8406916856765747,573,False,0.8609811663627625
movi_c_v14_03,spatial_scattered,4,l1,12.43002700805664,1785,False,0.99546879529953
movi_c_v14_03,spatial_scattered,4,l2,19.859508514404297,1787,False,0.9922643899917603
movi_c_v14_03,spatial_scattered,4,cosine,25.508594512939453,1788,False,0.9927993416786194
movi_c_v14_03,spatial_scattered,4,inner_product,6.87623929977417,1496,False,0.9843915700912476
movi_c_v14_03,spatial_scattered,5,l1,3.5716609954833984,1596,False,0.983024001121521
movi_c_v14_03,spatial_scattered,5,l2,5.079889297485352,1570,False,0.973109245300293
movi_c_v14_03,spatial_scattered,5,cosine,6.47954797744751,1551,False,0.9689695239067078
movi_c_v14_03,spatial_scattered,5,inner_product,3.77128529548645,1216,False,0.9582546353340149
movi_c_v14_03,spatial_scattered,6,l1,2.0313429832458496,928,False,0.9937204718589783
movi_c_v14_03,spatial_scattered,6,l2,3.602043390274048,956,False,0.9962940216064453
movi_c_v14_03,spatial_scattered,6,cosine,4.898370742797852,971,False,0.9958232045173645
movi_c_v14_03,spatial_scattered,6,inner_product,4.701474189758301,952,False,0.968017578125
movi_c_v14_03,spatial_scattered,7,l1,2.2399234771728516,805,False,0.9984336495399475
movi_c_v14_03,spatial_scattered,7,l2,4.024693012237549,812,False,0.9979733824729919
movi_c_v14_03,spatial_scattered,7,cosine,5.610793590545654,859,False,0.9973502159118652
movi_c_v14_03,spatial_scattered,7,inner_product,7.7152204513549805,1533,False,0.9633561968803406
movi_c_v14_03,spatial_scattered,8,l1,1.170685052871704,987,False,0.9942104816436768
movi_c_v14_03,spatial_scattered,8,l2,1.8215527534484863,1012,False,0.9907334446907043
movi_c_v14_03,spatial_scattered,8,cosine,3.073840856552124,1152,False,0.9915711879730225
movi_c_v14_03,spatial_scattered,8,inner_product,8.00834846496582,1478,False,0.9873825311660767
movi_c_v14_03,spatial_scattered,9,l1,0.7276264429092407,950,False,0.95762038230896
movi_c_v14_03,spatial_scattered,9,l2,2.4981536865234375,1181,False,0.9913760423660278
movi_c_v14_03,spatial_scattered,9,cosine,4.4212446212768555,1340,False,0.9919100403785706
movi_c_v14_03,spatial_scattered,9,inner_product,10.862056732177734,1614,False,0.9824095368385315
movi_c_v14_03,spatial_scattered,10,l1,2.886152744293213,1399,False,0.9880340695381165
movi_c_v14_03,spatial_scattered,10,l2,4.778977394104004,1487,False,0.9915427565574646
movi_c_v14_03,spatial_scattered,10,cosine,8.632085800170898,1596,False,0.9944105744361877
movi_c_v14_03,spatial_scattered,10,inner_product,26.031959533691406,1674,False,0.9973219633102417
movi_c_v14_03,spatial_scattered,11,l1,1.4854744672775269,1136,False,0.9856334328651428
movi_c_v14_03,spatial_scattered,11,l2,2.813872814178467,1438,False,0.9882137179374695
movi_c_v14_03,spatial_scattered,11,cosine,5.029843330383301,1593,False,0.9896056056022644
movi_c_v14_03,spatial_scattered,11,inner_product,12.858907699584961,1748,False,0.990044355392456
movi_c_v14_03,spatial_scattered,12,l1,2.957767963409424,1362,False,1.0
movi_c_v14_03,spatial_scattered,12,l2,4.2980122566223145,1365,False,1.0
movi_c_v14_03,spatial_scattered,12,cosine,8.245960235595703,1522,False,0.9999999403953552
movi_c_v14_03,spatial_scattered,12,inner_product,25.707225799560547,1772,False,1.0000001192092896
movi_c_v14_03,temporal_back,1,l1,1.330071210861206,890,False,0.9974936246871948
movi_c_v14_03,temporal_back,1,l2,3.170719623565674,1276,False,0.9958376884460449
movi_c_v14_03,temporal_back,1,cosine,5.205056190490723,1345,False,0.9957337379455566
movi_c_v14_03,temporal_back,1,inner_product,3.0313258171081543,899,False,0.9903687834739685
movi_c_v14_03,temporal_back,2,l1,0.4521835744380951,609,False,0.9839761257171631
movi_c_v14_03,temporal_back,2,l2,1.0800316333770752,909,False,0.9748220443725586
movi_c_v14_03,temporal_back,2,cosine,1.7030527591705322,907,False,0.9755606055259705
movi_c_v14_03,temporal_back,2,inner_product,1.1150959730148315,683,False,0.9699704051017761
movi_c_v14_03,temporal_back,3,l1,1.4306488037109375,1270,False,0.9928545355796814
movi_c_v14_03,temporal_back,3,l2,2.6958467960357666,1446,False,0.9924627542495728
movi_c_v14_03,temporal_back,3,cosine,4.101354598999023,1441,False,0.9913003444671631
movi_c_v14_03,temporal_back,3,inner_product,2.0252060890197754,901,False,0.9383506774902344
movi_c_v14_03,temporal_back,4,l1,8.301549911499023,1780,False,0.9876032471656799
movi_c_v14_03,temporal_back,4,l2,14.256722450256348,1791,False,0.9626395106315613
movi_c_v14_03,temporal_back,4,cosine,22.270442962646484,1791,False,0.9655548930168152
movi_c_v14_03,temporal_back,4,inner_product,1.0537711381912231,427,False,0.9493997693061829
movi_c_v14_03,temporal_back,5,l1,1.6294963359832764,1311,False,0.9522020220756531
movi_c_v14_03,temporal_back,5,l2,2.965820789337158,1375,False,0.9520915746688843
movi_c_v14_03,temporal_back,5,cosine,4.480091571807861,1366,False,0.947723388671875
movi_c_v14_03,temporal_back,5,inner_product,3.439138650894165,1064,False,0.9406322240829468
movi_c_v14_03,temporal_back,6,l1,2.4924588203430176,1250,False,0.9963254332542419
movi_c_v14_03,temporal_back,6,l2,4.657862663269043,1346,False,0.9963416457176208
movi_c_v14_03,temporal_back,6,cosine,7.21773099899292,1349,False,0.996023952960968
movi_c_v14_03,temporal_back,6,inner_product,6.078531742095947,1203,False,0.9786167144775391
movi_c_v14_03,temporal_back,7,l1,2.420804500579834,1262,False,0.9957101345062256
movi_c_v14_03,temporal_back,7,l2,4.842528820037842,1217,False,0.9960405230522156
movi_c_v14_03,temporal_back,7,cosine,7.6785478591918945,1217,False,0.9959126710891724
movi_c_v14_03,temporal_back,7,inner_product,10.282554626464844,1480,False,0.9777651429176331
movi_c_v14_03,temporal_back,8,l1,2.3332231044769287,1524,False,0.9931744933128357
movi_c_v14_03,temporal_back,8,l2,4.421943664550781,1558,False,0.9931555390357971
movi_c_v14_03,temporal_back,8,cosine,7.080532073974609,1569,False,0.9934056997299194
movi_c_v14_03,temporal_back,8,inner_product,8.929141998291016,1565,False,0.9868656396865845
movi_c_v14_03,temporal_back,9,l1,1.7744730710983276,1181,False,0.9902809262275696
movi_c_v14_03,temporal_back,9,l2,5.123266220092773,1287,False,0.9956867098808289
movi_c_v14_03,temporal_back,9,cosine,8.198211669921875,1318,False,0.9955981969833374
movi_c_v14_03,temporal_back,9,inner_product,13.014053344726562,1530,False,0.9884103536605835
movi_c_v14_03,temporal_back,10,l1,3.812713146209717,1726,False,0.9899418354034424
movi_c_v14_03,temporal_back,10,l2,6.988866329193115,1728,False,0.9927951693534851
movi_c_v14_03,temporal_back,10,cosine,11.283026695251465,1732,False,0.9935333132743835
movi_c_v14_03,temporal_back,10,inner_product,23.17176628112793,1663,False,0.9947108626365662
movi_c_v14_03,temporal_back,11,l1,3.4262185096740723,1719,False,0.9888225793838501
movi_c_v14_03,temporal_back,11,l2,5.562191963195801,1692,False,0.9909641742706299
movi_c_v14_03,temporal_back,11,cosine,9.127086639404297,1708,False,0.9914805293083191
movi_c_v14_03,temporal_back,11,inner_product,16.728816986083984,1765,False,0.9926388263702393
movi_c_v14_03,temporal_back,12,l1,2.8552980422973633,1289,False,1.0000001192092896
movi_c_v14_03,temporal_back,12,l2,4.405634880065918,1274,False,1.0000001192092896
movi_c_v14_03,temporal_back,12,cosine,7.671784400939941,1338,False,0.9999998807907104
movi_c_v14_03,temporal_back,12,inner_product,29.149784088134766,1735,False,1.0
movi_c_v14_03,temporal_front,1,l1,0.4632614850997925,300,False,0.995252251625061
movi_c_v14_03,temporal_front,1,l2,0.8623807430267334,317,False,0.9960660338401794
movi_c_v14_03,temporal_front,1,cosine,1.4810729026794434,359,False,0.9961338043212891
movi_c_v14_03,temporal_front,1,inner_product,2.941220283508301,676,False,0.9940154552459717
movi_c_v14_03,temporal_front,2,l1,1.9975696802139282,1124,False,0.9969293475151062
movi_c_v14_03,temporal_front,2,l2,3.0216219425201416,1053,False,0.9957562685012817
movi_c_v14_03,temporal_front,2,cosine,4.495235919952393,1062,False,0.9957375526428223
movi_c_v14_03,temporal_front,2,inner_product,2.9696638584136963,1314,False,0.9787375926971436
movi_c_v14_03,temporal_front,3,l1,1.1698445081710815,887,False,0.9795882105827332
movi_c_v14_03,temporal_front,3,l2,1.6081254482269287,868,False,0.9702461957931519
movi_c_v14_03,temporal_front,3,cosine,2.3820438385009766,839,False,0.971747100353241
movi_c_v14_03,temporal_front,3,inner_product,1.4255218505859375,654,False,0.942086398601532
movi_c_v14_03,temporal_front,4,l1,13.710775375366211,1781,False,0.9898752570152283
movi_c_v14_03,temporal_front,4,l2,26.335004806518555,1787,False,0.9938890933990479
movi_c_v14_03,temporal_front,4,cosine,35.26872253417969,1785,False,0.9917060732841492
movi_c_v14_03,temporal_front,4,inner_product,0.5334829092025757,216,False,0.9454835057258606
movi_c_v14_03,temporal_front,5,l1,1.351262092590332,793,False,0.9758517146110535
movi_c_v14_03,temporal_front,5,l2,2.3200221061706543,816,False,0.9760281443595886
movi_c_v14_03,temporal_front,5,cosine,3.536085844039917,799,False,0.9787261486053467
movi_c_v14_03,temporal_front,5,inner_product,2.1008858680725098,646,False,0.9326034188270569
movi_c_v14_03,temporal_front,6,l1,2.5178685188293457,998,False,0.9944199919700623
movi_c_v14_03,temporal_front,6,l2,4.330844879150391,997,False,0.9961143136024475
movi_c_v14_03,temporal_front,6,cosine,5.917409896850586,988,False,0.9944135546684265
movi_c_v14_03,temporal_front,6,inner_product,3.1664185523986816,800,False,0.9665291905403137
movi_c_v14_03,temporal_front,7,l1,2.202141284942627,1102,False,0.9921615123748779
movi_c_v14_03,temporal_front,7,l2,4.289233207702637,1241,False,0.9913574457168579
movi_c_v14_03,temporal_front,7,cosine,7.088503837585449,1283,False,0.991515576839447
movi_c_v14_03,temporal_front,7,inner_product,9.107107162475586,1368,False,0.9844374656677246
movi_c_v14_03,temporal_front,8,l1,0.78499835729599,698,False,0.9731069207191467
movi_c_v14_03,temporal_front,8,l2,1.4388786554336548,720,False,0.9757910370826721
movi_c_v14_03,temporal_front,8,cosine,2.5529074668884277,823,False,0.9688024520874023
movi_c_v14_03,temporal_front,8,inner_product,4.722419261932373,1308,False,0.9610281586647034
movi_c_v14_03,temporal_front,9,l1,1.3306379318237305,1076,False,0.976855993270874
movi_c_v14_03,temporal_front,9,l2,3.0762994289398193,1357,False,0.9817981719970703
movi_c_v14_03,temporal_front,9,cosine,5.935805320739746,1501,False,0.9809395670890808
movi_c_v14_03,temporal_front,9,inner_product,12.148270606994629,1633,False,0.984168291091919
movi_c_v14_03,temporal_front,10,l1,0.533056914806366,463,False,0.9608173370361328
movi_c_v14_03,temporal_front,10,l2,0.9731400012969971,540,False,0.9624312520027161
movi_c_v14_03,temporal_front,10,cosine,2.287785053253174,761,False,0.9745503067970276
movi_c_v14_03,temporal_front,10,inner_product,14.090473175048828,1550,False,0.987897515296936
movi_c_v14_03,temporal_front,11,l1,1.4750566482543945,1057,False,0.973084568977356
movi_c_v14_03,temporal_front,11,l2,2.4164907932281494,1090,False,0.9728692770004272
movi_c_v14_03,temporal_front,11,cosine,5.3078227043151855,1276,False,0.9779278635978699
movi_c_v14_03,temporal_front,11,inner_product,14.325864791870117,1740,False,0.9861218929290771
movi_c_v14_03,temporal_front,12,l1,5.371400833129883,1365,False,1.0
movi_c_v14_03,temporal_front,12,l2,7.779751777648926,1320,False,1.0000001192092896
movi_c_v14_03,temporal_front,12,cosine,15.98580265045166,1526,False,0.9999998807907104
movi_c_v14_03,temporal_front,12,inner_product,33.420082092285156,1753,False,1.0
movi_c_v14_03,temporal_middle,1,l1,0.31486523151397705,131,False,0.9916259050369263
movi_c_v14_03,temporal_middle,1,l2,0.4742540121078491,121,False,0.9933590292930603
movi_c_v14_03,temporal_middle,1,cosine,0.704085111618042,114,False,0.9938082098960876
movi_c_v14_03,temporal_middle,1,inner_product,0.5808073878288269,133,False,0.9930524230003357
movi_c_v14_03,temporal_middle,2,l1,3.6665592193603516,933,False,0.9987775683403015
movi_c_v14_03,temporal_middle,2,l2,5.390337944030762,899,False,0.9982926845550537
movi_c_v14_03,temporal_middle,2,cosine,8.31464958190918,878,False,0.9982032775878906
movi_c_v14_03,temporal_middle,2,inner_product,4.072146415710449,764,False,0.9937204122543335
movi_c_v14_03,temporal_middle,3,l1,1.350736379623413,595,False,0.9963110089302063
movi_c_v14_03,temporal_middle,3,l2,2.1099181175231934,603,False,0.9946003556251526
movi_c_v14_03,temporal_middle,3,cosine,3.480257749557495,592,False,0.9946247935295105
movi_c_v14_03,temporal_middle,3,inner_product,2.6536355018615723,592,False,0.9835087656974792
movi_c_v14_03,temporal_middle,4,l1,5.155426979064941,1441,False,0.9864527583122253
movi_c_v14_03,temporal_middle,4,l2,15.007293701171875,1657,False,0.9925978779792786
movi_c_v14_03,temporal_middle,4,cosine,23.372926712036133,1654,False,0.9934866428375244
movi_c_v14_03,temporal_middle,4,inner_product,5.56339168548584,1173,False,0.9075837135314941
movi_c_v14_03,temporal_middle,5,l1,1.2844268083572388,935,False,0.9847540259361267
movi_c_v14_03,temporal_middle,5,l2,1.5652918815612793,784,False,0.9729698300361633
movi_c_v14_03,temporal_middle,5,cosine,2.354401111602783,761,False,0.9667035341262817
movi_c_v14_03,temporal_middle,5,inner_product,1.2366896867752075,579,False,0.8782230019569397
movi_c_v14_03,temporal_middle,6,l1,2.00180721282959,982,False,0.9952248930931091
movi_c_v14_03,temporal_middle,6,l2,3.8701353073120117,1005,False,0.9969837665557861
movi_c_v14_03,temporal_middle,6,cosine,5.748072624206543,999,False,0.9961776733398438
movi_c_v14_03,temporal_middle,6,inner_product,3.592165231704712,860,False,0.967155396938324
movi_c_v14_03,temporal_middle,7,l1,1.8114101886749268,1010,False,0.9923771619796753
movi_c_v14_03,temporal_middle,7,l2,3.8001327514648438,1112,False,0.9940601587295532
movi_c_v14_03,temporal_middle,7,cosine,6.570732116699219,1141,False,0.9939132928848267
movi_c_v14_03,temporal_middle,7,inner_product,9.134742736816406,1334,False,0.9838798642158508
movi_c_v14_03,temporal_middle,8,l1,1.1731460094451904,927,False,0.9901384711265564
movi_c_v14_03,temporal_middle,8,l2,2.061384677886963,987,False,0.9886555075645447
movi_c_v14_03,temporal_middle,8,cosine,3.724670886993408,1063,False,0.9878857135772705
movi_c_v14_03,temporal_middle,8,inner_product,5.758408546447754,1369,False,0.9800485968589783
movi_c_v14_03,temporal_middle,9,l1,0.6457909345626831,817,False,0.9598978161811829
movi_c_v14_03,temporal_middle,9,l2,1.737769365310669,1108,False,0.975830078125
movi_c_v14_03,temporal_middle,9,cosine,3.400582790374756,1202,False,0.9731312394142151
movi_c_v14_03,temporal_middle,9,inner_product,9.205747604370117,1571,False,0.9791430830955505
movi_c_v14_03,temporal_middle,10,l1,0.460541307926178,586,False,0.9617628455162048
movi_c_v14_03,temporal_middle,10,l2,1.0827610492706299,803,False,0.9601441025733948
movi_c_v14_03,temporal_middle,10,cosine,2.4610202312469482,1053,False,0.9705163836479187
movi_c_v14_03,temporal_middle,10,inner_product,14.064566612243652,1534,False,0.9907346367835999
movi_c_v14_03,temporal_middle,11,l1,1.5644699335098267,1171,False,0.9831771850585938
movi_c_v14_03,temporal_middle,11,l2,2.8351969718933105,1249,False,0.9868101477622986
movi_c_v14_03,temporal_middle,11,cosine,5.669668197631836,1394,False,0.9870981574058533
movi_c_v14_03,temporal_middle,11,inner_product,13.97149658203125,1727,False,0.9898980855941772
movi_c_v14_03,temporal_middle,12,l1,3.3619449138641357,1176,False,0.9999998807907104
movi_c_v14_03,temporal_middle,12,l2,4.765172958374023,1164,False,0.9999998807907104
movi_c_v14_03,temporal_middle,12,cosine,10.12218952178955,1407,False,1.0
movi_c_v14_03,temporal_middle,12,inner_product,29.563644409179688,1780,False,1.0
movi_c_v15_00,spatial_block,1,l1,0.9860357046127319,1019,False,0.9957661628723145
movi_c_v15_00,spatial_block,1,l2,1.6239560842514038,1163,False,0.9959114193916321
movi_c_v15_00,spatial_block,1,cosine,1.7095094919204712,1018,False,0.9952084422111511
movi_c_v15_00,spatial_block,1,inner_product,0.33997175097465515,369,False,0.8877633810043335
movi_c_v15_00,spatial_block,2,l1,0.4965834617614746,756,False,0.9850351810455322
movi_c_v15_00,spatial_block,2,l2,0.8202031850814819,973,False,0.9850280284881592
movi_c_v15_00,spatial_block,2,cosine,0.8859258890151978,854,False,0.9757243990898132
movi_c_v15_00,spatial_block,2,inner_product,0.25788193941116333,302,False,0.844096839427948
movi_c_v15_00,spatial_block,3,l1,0.5998578667640686,1055,False,0.973406970500946
movi_c_v15_00,spatial_block,3,l2,1.1474336385726929,1267,False,0.9687209129333496
movi_c_v15_00,spatial_block,3,cosine,1.2171666622161865,1154,False,0.9567777514457703
movi_c_v15_00,spatial_block,3,inner_product,0.11722569167613983,169,False,0.6153213977813721
movi_c_v15_00,spatial_block,4,l1,3.5970869064331055,1455,False,0.9651410579681396
movi_c_v15_00,spatial_block,4,l2,4.552578926086426,1305,False,0.9599704146385193
movi_c_v15_00,spatial_block,4,cosine,4.926607608795166,1149,False,0.9600063562393188
movi_c_v15_00,spatial_block,4,inner_product,4.879448890686035,1488,False,0.9292926788330078
movi_c_v15_00,spatial_block,5,l1,0.9493772983551025,874,False,0.9799894094467163
movi_c_v15_00,spatial_block,5,l2,1.0384424924850464,757,False,0.9773999452590942
movi_c_v15_00,spatial_block,5,cosine,2.0578713417053223,930,False,0.9772806763648987
movi_c_v15_00,spatial_block,5,inner_product,6.376091957092285,1558,False,0.9669860005378723
movi_c_v15_00,spatial_block,6,l1,1.559091567993164,1082,False,0.9917312860488892
movi_c_v15_00,spatial_block,6,l2,1.9273816347122192,945,False,0.9926517009735107
movi_c_v15_00,spatial_block,6,cosine,3.2038779258728027,1124,False,0.9905678629875183
movi_c_v15_00,spatial_block,6,inner_product,8.00672435760498,1331,False,0.9828776717185974
movi_c_v15_00,spatial_block,7,l1,1.56876802444458,1046,False,0.9924111366271973
movi_c_v15_00,spatial_block,7,l2,2.228567361831665,1028,False,0.9920215606689453
movi_c_v15_00,spatial_block,7,cosine,3.57820987701416,1120,False,0.9936846494674683
movi_c_v15_00,spatial_block,7,inner_product,8.229406356811523,1503,False,0.978539764881134
movi_c_v15_00,spatial_block,8,l1,1.2938730716705322,1149,False,0.992847204208374
movi_c_v15_00,spatial_block,8,l2,1.3743339776992798,1048,False,0.9876313805580139
movi_c_v15_00,spatial_block,8,cosine,2.647397518157959,1369,False,0.9890264272689819
movi_c_v15_00,spatial_block,8,inner_product,10.675857543945312,1631,False,0.9916447997093201
movi_c_v15_00,spatial_block,9,l1,0.8574591875076294,879,False,0.975542426109314
movi_c_v15_00,spatial_block,9,l2,1.447891116142273,939,False,0.9850203394889832
movi_c_v15_00,spatial_block,9,cosine,2.358736991882324,1102,False,0.9820679426193237
movi_c_v15_00,spatial_block,9,inner_product,10.18422794342041,1597,False,0.9807365536689758
movi_c_v15_00,spatial_block,10,l1,1.0289164781570435,1051,False,0.9691534042358398
movi_c_v15_00,spatial_block,10,l2,1.2399821281433105,999,False,0.9715458154678345
movi_c_v15_00,spatial_block,10,cosine,2.724264621734619,1342,False,0.9756242632865906
movi_c_v15_00,spatial_block,10,inner_product,16.29665756225586,1582,False,0.9970808625221252
movi_c_v15_00,spatial_block,11,l1,0.9535118341445923,1092,False,0.9587260484695435
movi_c_v15_00,spatial_block,11,l2,1.461359977722168,1238,False,0.9645318984985352
movi_c_v15_00,spatial_block,11,cosine,3.6812961101531982,1583,False,0.9760375618934631
movi_c_v15_00,spatial_block,11,inner_product,16.401958465576172,1774,False,0.9910203814506531
movi_c_v15_00,spatial_block,12,l1,2.1862356662750244,1432,False,0.9999998807907104
movi_c_v15_00,spatial_block,12,l2,2.961850166320801,1399,False,1.0000001192092896
movi_c_v15_00,spatial_block,12,cosine,7.142424583435059,1696,False,0.9999998807907104
movi_c_v15_00,spatial_block,12,inner_product,27.18877410888672,1784,False,1.0000001192092896
movi_c_v15_00,spatial_scattered,1,l1,0.7333096861839294,662,False,0.9904783964157104
movi_c_v15_00,spatial_scattered,1,l2,1.6726200580596924,748,False,0.9946045875549316
movi_c_v15_00,spatial_scattered,1,cosine,2.131683826446533,730,False,0.9950746893882751
movi_c_v15_00,spatial_scattered,1,inner_product,1.0526797771453857,553,False,0.9700037240982056
movi_c_v15_00,spatial_scattered,2,l1,0.6130474805831909,685,False,0.9866145849227905
movi_c_v15_00,spatial_scattered,2,l2,1.4148533344268799,884,False,0.9896827936172485
movi_c_v15_00,spatial_scattered,2,cosine,1.6216102838516235,845,False,0.9865248799324036
movi_c_v15_00,spatial_scattered,2,inner_product,0.294969767332077,291,False,0.9017464518547058
movi_c_v15_00,spatial_scattered,3,l1,1.107752799987793,1159,False,0.9737704396247864
movi_c_v15_00,spatial_scattered,3,l2,2.193328857421875,1198,False,0.9766506552696228
movi_c_v15_00,spatial_scattered,3,cosine,2.6040611267089844,1159,False,0.967859148979187
movi_c_v15_00,spatial_scattered,3,inner_product,0.4334259331226349,410,False,0.7190239429473877
movi_c_v15_00,spatial_scattered,4,l1,17.771648406982422,1792,False,0.997380256652832
movi_c_v15_00,spatial_scattered,4,l2,32.703948974609375,1792,False,0.9973031282424927
movi_c_v15_00,spatial_scattered,4,cosine,40.035804748535156,1792,False,0.9973084330558777
movi_c_v15_00,spatial_scattered,4,inner_product,4.907964706420898,1224,False,0.9649350047111511
movi_c_v15_00,spatial_scattered,5,l1,2.2846126556396484,1305,False,0.9671908617019653
movi_c_v15_00,spatial_scattered,5,l2,4.011006832122803,1282,False,0.9743806719779968
movi_c_v15_00,spatial_scattered,5,cosine,5.114480495452881,1309,False,0.9685524106025696
movi_c_v15_00,spatial_scattered,5,inner_product,4.449277877807617,1398,False,0.9643272161483765
movi_c_v15_00,spatial_scattered,6,l1,2.2415037155151367,955,False,0.9935662746429443
movi_c_v15_00,spatial_scattered,6,l2,4.445018291473389,960,False,0.9966595768928528
movi_c_v15_00,spatial_scattered,6,cosine,5.4739227294921875,955,False,0.9944956302642822
movi_c_v15_00,spatial_scattered,6,inner_product,5.116763591766357,1053,False,0.9657145738601685
movi_c_v15_00,spatial_scattered,7,l1,2.8338212966918945,1082,False,0.9953556656837463
movi_c_v15_00,spatial_scattered,7,l2,5.612071990966797,1107,False,0.9986081719398499
movi_c_v15_00,spatial_scattered,7,cosine,7.53825569152832,1160,False,0.9980260729789734
movi_c_v15_00,spatial_scattered,7,inner_product,8.388629913330078,1412,False,0.9807018041610718
movi_c_v15_00,spatial_scattered,8,l1,1.5340189933776855,1031,False,0.9939135909080505
movi_c_v15_00,spatial_scattered,8,l2,2.3289051055908203,1028,False,0.9917807579040527
movi_c_v15_00,spatial_scattered,8,cosine,3.86160945892334,1186,False,0.9919450879096985
movi_c_v15_00,spatial_scattered,8,inner_product,8.919815063476562,1513,False,0.9929037094116211
movi_c_v15_00,spatial_scattered,9,l1,0.8785749673843384,1147,False,0.9492838978767395
movi_c_v15_00,spatial_scattered,9,l2,2.948881149291992,1347,False,0.9857654571533203
movi_c_v15_00,spatial_scattered,9,cosine,5.293415069580078,1548,False,0.9859139919281006
movi_c_v15_00,spatial_scattered,9,inner_product,11.640684127807617,1686,False,0.9851061701774597
movi_c_v15_00,spatial_scattered,10,l1,2.486715316772461,1215,False,0.9932405948638916
movi_c_v15_00,spatial_scattered,10,l2,4.173282623291016,1311,False,0.9944217205047607
movi_c_v15_00,spatial_scattered,10,cosine,7.754380226135254,1533,False,0.9953773021697998
movi_c_v15_00,spatial_scattered,10,inner_product,21.076393127441406,1644,False,0.9979644417762756
movi_c_v15_00,spatial_scattered,11,l1,1.0186257362365723,1041,False,0.96272873878479
movi_c_v15_00,spatial_scattered,11,l2,1.9707646369934082,1293,False,0.9709563255310059
movi_c_v15_00,spatial_scattered,11,cosine,4.495224952697754,1628,False,0.9768443703651428
movi_c_v15_00,spatial_scattered,11,inner_product,14.42502212524414,1766,False,0.9862967729568481
movi_c_v15_00,spatial_scattered,12,l1,3.7561428546905518,1405,False,1.0
movi_c_v15_00,spatial_scattered,12,l2,4.922225475311279,1368,False,1.0
movi_c_v15_00,spatial_scattered,12,cosine,11.178848266601562,1656,False,0.9999999403953552
movi_c_v15_00,spatial_scattered,12,inner_product,31.98193359375,1767,False,1.0
movi_c_v15_00,temporal_back,1,l1,4.02781867980957,1408,False,0.9989188313484192
movi_c_v15_00,temporal_back,1,l2,6.867350101470947,1448,False,0.9985712766647339
movi_c_v15_00,temporal_back,1,cosine,10.468829154968262,1457,False,0.9985987544059753
movi_c_v15_00,temporal_back,1,inner_product,3.441730499267578,1194,False,0.9845527410507202
movi_c_v15_00,temporal_back,2,l1,1.9351584911346436,1261,False,0.9942964315414429
movi_c_v15_00,temporal_back,2,l2,3.6215758323669434,1406,False,0.9961504340171814
movi_c_v15_00,temporal_back,2,cosine,5.426592826843262,1414,False,0.995826005935669
movi_c_v15_00,temporal_back,2,inner_product,1.6662648916244507,908,False,0.9447212219238281
movi_c_v15_00,temporal_back,3,l1,1.1793186664581299,922,False,0.9850099086761475
movi_c_v15_00,temporal_back,3,l2,2.4562721252441406,1089,False,0.9884089827537537
movi_c_v15_00,temporal_back,3,cosine,3.671827793121338,1097,False,0.985962986946106
movi_c_v15_00,temporal_back,3,inner_product,0.27702900767326355,255,False,0.707314670085907
movi_c_v15_00,temporal_back,4,l1,14.461101531982422,1771,False,0.9968860149383545
movi_c_v15_00,temporal_back,4,l2,27.820873260498047,1788,False,0.9970614314079285
movi_c_v15_00,temporal_back,4,cosine,42.19394302368164,1787,False,0.9971438646316528
movi_c_v15_00,temporal_back,4,inner_product,13.036004066467285,1550,False,0.9927347302436829
movi_c_v15_00,temporal_back,5,l1,1.2352296113967896,1171,False,0.9358797073364258
movi_c_v15_00,temporal_back,5,l2,2.619706153869629,1296,False,0.9632812142372131
movi_c_v15_00,temporal_back,5,cosine,3.9001379013061523,1276,False,0.963097870349884
movi_c_v15_00,temporal_back,5,inner_product,4.369101524353027,1057,False,0.9727233052253723
movi_c_v15_00,temporal_back,6,l1,1.658670425415039,965,False,0.9922102689743042
movi_c_v15_00,temporal_back,6,l2,2.855440855026245,999,False,0.9933236837387085
movi_c_v15_00,temporal_back,6,cosine,4.293759346008301,984,False,0.9922086596488953
movi_c_v15_00,temporal_back,6,inner_product,4.6703996658325195,1011,False,0.9618942737579346
movi_c_v15_00,temporal_back,7,l1,2.5995981693267822,1201,False,0.9933028221130371
movi_c_v15_00,temporal_back,7,l2,4.719367980957031,1194,False,0.9963181614875793
movi_c_v15_00,temporal_back,7,cosine,7.468987464904785,1209,False,0.9960215091705322
movi_c_v15_00,temporal_back,7,inner_product,11.223668098449707,1380,False,0.9851968288421631
movi_c_v15_00,temporal_back,8,l1,3.0060596466064453,1683,False,0.9925646781921387
movi_c_v15_00,temporal_back,8,l2,4.909729957580566,1661,False,0.9949623346328735
movi_c_v15_00,temporal_back,8,cosine,7.735804080963135,1671,False,0.9948343634605408
movi_c_v15_00,temporal_back,8,inner_product,10.087332725524902,1672,False,0.9898586869239807
movi_c_v15_00,temporal_back,9,l1,2.577855110168457,1461,False,0.9896846413612366
movi_c_v15_00,temporal_back,9,l2,5.8115339279174805,1421,False,0.9957424998283386
movi_c_v15_00,temporal_back,9,cosine,9.229122161865234,1443,False,0.9954825639724731
movi_c_v15_00,temporal_back,9,inner_product,13.102025985717773,1573,False,0.988955020904541
movi_c_v15_00,temporal_back,10,l1,3.6686127185821533,1704,False,0.9905741214752197
movi_c_v15_00,temporal_back,10,l2,5.66219425201416,1711,False,0.992336630821228
movi_c_v15_00,temporal_back,10,cosine,9.064261436462402,1707,False,0.9929506182670593
movi_c_v15_00,temporal_back,10,inner_product,19.070180892944336,1598,False,0.9971555471420288
movi_c_v15_00,temporal_back,11,l1,2.0363876819610596,1311,False,0.9560951590538025
movi_c_v15_00,temporal_back,11,l2,3.182583808898926,1358,False,0.9759406447410583
movi_c_v15_00,temporal_back,11,cosine,5.690288543701172,1446,False,0.9762051105499268
movi_c_v15_00,temporal_back,11,inner_product,18.327884674072266,1761,False,0.98663330078125
movi_c_v15_00,temporal_back,12,l1,4.986186981201172,1490,False,1.0
movi_c_v15_00,temporal_back,12,l2,5.735835075378418,1482,False,1.0
movi_c_v15_00,temporal_back,12,cosine,10.652275085449219,1546,False,1.0
movi_c_v15_00,temporal_back,12,inner_product,38.91096496582031,1769,False,1.0000001192092896
movi_c_v15_00,temporal_front,1,l1,0.7408040761947632,444,False,0.9948652386665344
movi_c_v15_00,temporal_front,1,l2,0.8466743230819702,400,False,0.99360591173172
movi_c_v15_00,temporal_front,1,cosine,1.4777262210845947,432,False,0.9945585131645203
movi_c_v15_00,temporal_front,1,inner_product,2.6878063678741455,641,False,0.9920619130134583
movi_c_v15_00,temporal_front,2,l1,1.3004448413848877,863,False,0.9947493076324463
movi_c_v15_00,temporal_front,2,l2,2.1144721508026123,970,False,0.9939708113670349
movi_c_v15_00,temporal_front,2,cosine,3.026237726211548,945,False,0.9940325021743774
movi_c_v15_00,temporal_front,2,inner_product,1.0465211868286133,684,False,0.9403043389320374
movi_c_v15_00,temporal_front,3,l1,1.693122148513794,950,False,0.9909679889678955
movi_c_v15_00,temporal_front,3,l2,2.797532081604004,1020,False,0.9918838739395142
movi_c_v15_00,temporal_front,3,cosine,3.985562562942505,1000,False,0.9937567114830017
movi_c_v15_00,temporal_front,3,inner_product,1.4678318500518799,652,False,0.9236282706260681
movi_c_v15_00,temporal_front,4,l1,4.742955684661865,1156,False,0.9900854229927063
movi_c_v15_00,temporal_front,4,l2,6.2110443115234375,1120,False,0.9915876984596252
movi_c_v15_00,temporal_front,4,cosine,7.164456367492676,842,False,0.9949315190315247
movi_c_v15_00,temporal_front,4,inner_product,0.05208207666873932,26,False,0.8647133111953735
movi_c_v15_00,temporal_front,5,l1,0.7471743822097778,523,False,0.9754259586334229
movi_c_v15_00,temporal_front,5,l2,1.1968797445297241,521,False,0.9850648641586304
movi_c_v15_00,temporal_front,5,cosine,1.72042977809906,528,False,0.98387610912323
movi_c_v15_00,temporal_front,5,inner_product,1.772413969039917,737,False,0.9246512651443481
movi_c_v15_00,temporal_front,6,l1,5.7639360427856445,1360,False,0.9976240396499634
movi_c_v15_00,temporal_front,6,l2,9.1248140335083,1388,False,0.9985928535461426
movi_c_v15_00,temporal_front,6,cosine,13.55360221862793,1402,False,0.9987062811851501
movi_c_v15_00,temporal_front,6,inner_product,10.812509536743164,1280,False,0.9908528923988342
movi_c_v15_00,temporal_front,7,l1,3.0823750495910645,913,False,0.9979580640792847
movi_c_v15_00,temporal_front,7,l2,5.024290561676025,919,False,0.9983754754066467
movi_c_v15_00,temporal_front,7,cosine,8.236922264099121,1007,False,0.9981192946434021
movi_c_v15_00,temporal_front,7,inner_product,11.953519821166992,1419,False,0.9916350245475769
movi_c_v15_00,temporal_front,8,l1,1.3887672424316406,874,False,0.9911662936210632
movi_c_v15_00,temporal_front,8,l2,2.1828432083129883,928,False,0.9916613698005676
movi_c_v15_00,temporal_front,8,cosine,3.750356912612915,982,False,0.9930528998374939
movi_c_v15_00,temporal_front,8,inner_product,7.192925453186035,1307,False,0.9917274117469788
movi_c_v15_00,temporal_front,9,l1,2.215622663497925,1208,False,0.9898273348808289
movi_c_v15_00,temporal_front,9,l2,4.1350016593933105,1341,False,0.9944066405296326
movi_c_v15_00,temporal_front,9,cosine,7.455592632293701,1474,False,0.9949732422828674
movi_c_v15_00,temporal_front,9,inner_product,13.4486083984375,1641,False,0.9900640845298767
movi_c_v15_00,temporal_front,10,l1,2.579127073287964,1207,False,0.991038978099823
movi_c_v15_00,temporal_front,10,l2,4.140357971191406,1352,False,0.9926290512084961
movi_c_v15_00,temporal_front,10,cosine,7.887912750244141,1428,False,0.9952906370162964
movi_c_v15_00,temporal_front,10,inner_product,18.258121490478516,1542,False,0.9977964162826538
movi_c_v15_00,temporal_front,11,l1,0.745823860168457,762,False,0.949567437171936
movi_c_v15_00,temporal_front,11,l2,1.2199957370758057,949,False,0.9561985731124878
movi_c_v15_00,temporal_front,11,cosine,3.081683874130249,1284,False,0.9700002670288086
movi_c_v15_00,temporal_front,11,inner_product,15.386609077453613,1768,False,0.9872438311576843
movi_c_v15_00,temporal_front,12,l1,2.537465810775757,967,False,1.0
movi_c_v15_00,temporal_front,12,l2,2.8271217346191406,851,False,1.0
movi_c_v15_00,temporal_front,12,cosine,6.929983615875244,1224,False,0.9999998807907104
movi_c_v15_00,temporal_front,12,inner_product,34.49504089355469,1765,False,1.0
movi_c_v15_00,temporal_middle,1,l1,0.09616328775882721,55,False,0.9844896197319031
movi_c_v15_00,temporal_middle,1,l2,0.16322755813598633,73,False,0.9874582886695862
movi_c_v15_00,temporal_middle,1,cosine,0.25502505898475647,69,False,0.987801194190979
movi_c_v15_00,temporal_middle,1,inner_product,0.23137149214744568,90,False,0.9804825186729431
movi_c_v15_00,temporal_middle,2,l1,1.2178062200546265,506,False,0.9986811280250549
movi_c_v15_00,temporal_middle,2,l2,1.613539457321167,513,False,0.9981551766395569
movi_c_v15_00,temporal_middle,2,cosine,2.412548065185547,497,False,0.9981197118759155
movi_c_v15_00,temporal_middle,2,inner_product,1.2359870672225952,372,False,0.9828429222106934
movi_c_v15_00,temporal_middle,3,l1,1.3961372375488281,806,False,0.9970491528511047
movi_c_v15_00,temporal_middle,3,l2,2.387669563293457,889,False,0.996448814868927
movi_c_v15_00,temporal_middle,3,cosine,3.44224214553833,868,False,0.996870219707489
movi_c_v15_00,temporal_middle,3,inner_product,0.7095496654510498,394,False,0.8788437843322754
movi_c_v15_00,temporal_middle,4,l1,19.522735595703125,1785,False,0.9987235069274902
movi_c_v15_00,temporal_middle,4,l2,31.392292022705078,1789,False,0.9985246658325195
movi_c_v15_00,temporal_middle,4,cosine,47.078468322753906,1789,False,0.9987102150917053
movi_c_v15_00,temporal_middle,4,inner_product,8.176118850708008,1450,False,0.9645721912384033
movi_c_v15_00,temporal_middle,5,l1,0.899647057056427,872,False,0.9770166277885437
movi_c_v15_00,temporal_middle,5,l2,1.087153434753418,820,False,0.969260573387146
movi_c_v15_00,temporal_middle,5,cosine,1.7778332233428955,852,False,0.9643517732620239
movi_c_v15_00,temporal_middle,5,inner_product,3.921694755554199,1139,False,0.9625914096832275
movi_c_v15_00,temporal_middle,6,l1,2.0176682472229004,910,False,0.9970070719718933
movi_c_v15_00,temporal_middle,6,l2,3.180436134338379,902,False,0.9975689053535461
movi_c_v15_00,temporal_middle,6,cosine,4.669419288635254,920,False,0.9968146681785583
movi_c_v15_00,temporal_middle,6,inner_product,3.423473358154297,942,False,0.9462862610816956
movi_c_v15_00,temporal_middle,7,l1,1.5270400047302246,1138,False,0.9862048625946045
movi_c_v15_00,temporal_middle,7,l2,2.9033031463623047,1297,False,0.9878038167953491
movi_c_v15_00,temporal_middle,7,cosine,4.838670253753662,1383,False,0.986946165561676
movi_c_v15_00,temporal_middle,7,inner_product,9.010124206542969,1455,False,0.9848750233650208
movi_c_v15_00,temporal_middle,8,l1,0.9600896835327148,1010,False,0.9909412264823914
movi_c_v15_00,temporal_middle,8,l2,1.785963535308838,1150,False,0.9924020767211914
movi_c_v15_00,temporal_middle,8,cosine,3.0099852085113525,1219,False,0.9922999143600464
movi_c_v15_00,temporal_middle,8,inner_product,5.847021579742432,1398,False,0.9878658056259155
movi_c_v15_00,temporal_middle,9,l1,1.6652700901031494,1295,False,0.9841141104698181
movi_c_v15_00,temporal_middle,9,l2,3.309901237487793,1516,False,0.9868087768554688
movi_c_v15_00,temporal_middle,9,cosine,5.777159214019775,1604,False,0.9866793751716614
movi_c_v15_00,temporal_middle,9,inner_product,11.084918975830078,1663,False,0.9831094145774841
movi_c_v15_00,temporal_middle,10,l1,1.4006320238113403,1254,False,0.979997992515564
movi_c_v15_00,temporal_middle,10,l2,2.3258190155029297,1451,False,0.9758285284042358
movi_c_v15_00,temporal_middle,10,cosine,4.43345832824707,1547,False,0.9821619391441345
movi_c_v15_00,temporal_middle,10,inner_product,14.063913345336914,1471,False,0.9960743188858032
movi_c_v15_00,temporal_middle,11,l1,1.105175495147705,1092,False,0.9443854093551636
movi_c_v15_00,temporal_middle,11,l2,2.0063977241516113,1268,False,0.9658800959587097
movi_c_v15_00,temporal_middle,11,cosine,4.2949371337890625,1443,False,0.9706743359565735
movi_c_v15_00,temporal_middle,11,inner_product,16.186492919921875,1775,False,0.9869726300239563
movi_c_v15_00,temporal_middle,12,l1,4.412711143493652,1476,False,0.9999998807907104
movi_c_v15_00,temporal_middle,12,l2,4.680658340454102,1381,False,0.9999999403953552
movi_c_v15_00,temporal_middle,12,cosine,10.058115005493164,1563,False,1.0000001192092896
movi_c_v15_00,temporal_middle,12,inner_product,38.09181213378906,1770,False,1.0000001192092896
movi_c_v15_01,spatial_block,1,l1,1.1501309871673584,607,False,0.9967547655105591
movi_c_v15_01,spatial_block,1,l2,1.6705613136291504,599,False,0.996821403503418
movi_c_v15_01,spatial_block,1,cosine,2.2496109008789062,597,False,0.9973514080047607
movi_c_v15_01,spatial_block,1,inner_product,1.1743414402008057,550,False,0.980607271194458
movi_c_v15_01,spatial_block,2,l1,0.38600921630859375,521,False,0.9860381484031677
movi_c_v15_01,spatial_block,2,l2,0.618327260017395,519,False,0.9853701591491699
movi_c_v15_01,spatial_block,2,cosine,0.7520057559013367,486,False,0.9790565967559814
movi_c_v15_01,spatial_block,2,inner_product,0.14233556389808655,184,False,0.8208180069923401
movi_c_v15_01,spatial_block,3,l1,0.6356016397476196,606,False,0.9932514429092407
movi_c_v15_01,spatial_block,3,l2,0.8990761041641235,582,False,0.9918952584266663
movi_c_v15_01,spatial_block,3,cosine,1.1010618209838867,515,False,0.9916262626647949
movi_c_v15_01,spatial_block,3,inner_product,0.27116113901138306,214,False,0.8450029492378235
movi_c_v15_01,spatial_block,4,l1,0.032746732234954834,63,False,0.9868727922439575
movi_c_v15_01,spatial_block,4,l2,0.19386181235313416,177,False,0.9711982011795044
movi_c_v15_01,spatial_block,4,cosine,0.17113260924816132,136,False,0.9674747586250305
movi_c_v15_01,spatial_block,4,inner_product,0.019848819822072983,18,False,0.817730724811554
movi_c_v15_01,spatial_block,5,l1,0.23821872472763062,422,False,0.9731861352920532
movi_c_v15_01,spatial_block,5,l2,0.27124014496803284,359,False,0.9639344811439514
movi_c_v15_01,spatial_block,5,cosine,0.46553710103034973,451,False,0.9613515138626099
movi_c_v15_01,spatial_block,5,inner_product,3.396634101867676,1164,False,0.9722972512245178
movi_c_v15_01,spatial_block,6,l1,1.142857313156128,1023,False,0.9831506013870239
movi_c_v15_01,spatial_block,6,l2,1.824987769126892,962,False,0.9818224906921387
movi_c_v15_01,spatial_block,6,cosine,2.384603261947632,1036,False,0.9761630296707153
movi_c_v15_01,spatial_block,6,inner_product,4.278228759765625,1219,False,0.9589642882347107
movi_c_v15_01,spatial_block,7,l1,0.5448076725006104,678,False,0.9815590381622314
movi_c_v15_01,spatial_block,7,l2,1.1424964666366577,796,False,0.9838815927505493
movi_c_v15_01,spatial_block,7,cosine,1.7089831829071045,936,False,0.973938524723053
movi_c_v15_01,spatial_block,7,inner_product,10.575698852539062,1428,False,0.9896112084388733
movi_c_v15_01,spatial_block,8,l1,0.5067165493965149,771,False,0.9734752178192139
movi_c_v15_01,spatial_block,8,l2,0.7621248960494995,685,False,0.9728302955627441
movi_c_v15_01,spatial_block,8,cosine,1.3194680213928223,888,False,0.9689354300498962
movi_c_v15_01,spatial_block,8,inner_product,8.889476776123047,1568,False,0.991337776184082
movi_c_v15_01,spatial_block,9,l1,0.5834187865257263,892,False,0.9503992795944214
movi_c_v15_01,spatial_block,9,l2,1.4402961730957031,1109,False,0.9748140573501587
movi_c_v15_01,spatial_block,9,cosine,2.790546417236328,1306,False,0.9780062437057495
movi_c_v15_01,spatial_block,9,inner_product,12.186159133911133,1623,False,0.9877963662147522
movi_c_v15_01,spatial_block,10,l1,0.45812952518463135,699,False,0.9775801301002502
movi_c_v15_01,spatial_block,10,l2,0.7301732301712036,703,False,0.9740612506866455
movi_c_v15_01,spatial_block,10,cosine,1.8489246368408203,1112,False,0.9757798314094543
movi_c_v15_01,spatial_block,10,inner_product,16.376008987426758,1586,False,0.9957855343818665
movi_c_v15_01,spatial_block,11,l1,0.4758341908454895,842,False,0.9210928678512573
movi_c_v15_01,spatial_block,11,l2,1.22281014919281,1179,False,0.9444264769554138
movi_c_v15_01,spatial_block,11,cosine,2.9484033584594727,1473,False,0.9607855677604675
movi_c_v15_01,spatial_block,11,inner_product,13.743833541870117,1706,False,0.9851483702659607
movi_c_v15_01,spatial_block,12,l1,1.7876702547073364,1244,False,1.0
movi_c_v15_01,spatial_block,12,l2,2.8555703163146973,1188,False,1.0000001192092896
movi_c_v15_01,spatial_block,12,cosine,6.005980014801025,1377,False,1.0
movi_c_v15_01,spatial_block,12,inner_product,25.14712142944336,1733,False,0.9999999403953552
movi_c_v15_01,spatial_scattered,1,l1,0.9352126717567444,845,False,0.9901285171508789
movi_c_v15_01,spatial_scattered,1,l2,1.0388392210006714,714,False,0.988399088382721
movi_c_v15_01,spatial_scattered,1,cosine,1.351278305053711,690,False,0.990200400352478
movi_c_v15_01,spatial_scattered,1,inner_product,1.5490648746490479,707,False,0.9794540405273438
movi_c_v15_01,spatial_scattered,2,l1,1.1520986557006836,925,False,0.997087299823761
movi_c_v15_01,spatial_scattered,2,l2,1.6585667133331299,944,False,0.9967091679573059
movi_c_v15_01,spatial_scattered,2,cosine,2.3601531982421875,980,False,0.9965303540229797
movi_c_v15_01,spatial_scattered,2,inner_product,0.7706168293952942,612,False,0.911791205406189
movi_c_v15_01,spatial_scattered,3,l1,2.1340203285217285,1213,False,0.9950049519538879
movi_c_v15_01,spatial_scattered,3,l2,3.4166626930236816,1167,False,0.9949333667755127
movi_c_v15_01,spatial_scattered,3,cosine,4.542961120605469,1152,False,0.993485152721405
movi_c_v15_01,spatial_scattered,3,inner_product,1.2241392135620117,761,False,0.8931382894515991
movi_c_v15_01,spatial_scattered,4,l1,10.392812728881836,1744,False,0.994056761264801
movi_c_v15_01,spatial_scattered,4,l2,16.307361602783203,1751,False,0.9907659888267517
movi_c_v15_01,spatial_scattered,4,cosine,19.36193084716797,1729,False,0.9887711405754089
movi_c_v15_01,spatial_scattered,4,inner_product,2.5371131896972656,718,False,0.9812527894973755
movi_c_v15_01,spatial_scattered,5,l1,2.5581541061401367,1331,False,0.9694536924362183
movi_c_v15_01,spatial_scattered,5,l2,3.6991329193115234,1262,False,0.9633788466453552
movi_c_v15_01,spatial_scattered,5,cosine,5.156158924102783,1255,False,0.9610614776611328
movi_c_v15_01,spatial_scattered,5,inner_product,2.7441859245300293,962,False,0.9444777369499207
movi_c_v15_01,spatial_scattered,6,l1,3.1960906982421875,1172,False,0.9966481924057007
movi_c_v15_01,spatial_scattered,6,l2,5.048194408416748,1168,False,0.9961926341056824
movi_c_v15_01,spatial_scattered,6,cosine,6.845134735107422,1177,False,0.9956971406936646
movi_c_v15_01,spatial_scattered,6,inner_product,4.6170878410339355,1061,False,0.9651158452033997
movi_c_v15_01,spatial_scattered,7,l1,2.2788121700286865,857,False,0.9977442026138306
movi_c_v15_01,spatial_scattered,7,l2,4.091403961181641,874,False,0.998132586479187
movi_c_v15_01,spatial_scattered,7,cosine,5.916294097900391,900,False,0.9975863099098206
movi_c_v15_01,spatial_scattered,7,inner_product,8.716084480285645,1577,False,0.9722480773925781
movi_c_v15_01,spatial_scattered,8,l1,1.4694172143936157,1241,False,0.9927749037742615
movi_c_v15_01,spatial_scattered,8,l2,2.5718796253204346,1263,False,0.9935393333435059
movi_c_v15_01,spatial_scattered,8,cosine,4.201053619384766,1360,False,0.9941778182983398
movi_c_v15_01,spatial_scattered,8,inner_product,8.585796356201172,1523,False,0.9924966096878052
movi_c_v15_01,spatial_scattered,9,l1,0.9661821722984314,1019,False,0.9790539145469666
movi_c_v15_01,spatial_scattered,9,l2,2.5728349685668945,1217,False,0.9907209277153015
movi_c_v15_01,spatial_scattered,9,cosine,4.916651725769043,1435,False,0.9904848337173462
movi_c_v15_01,spatial_scattered,9,inner_product,14.20449447631836,1754,False,0.9889196753501892
movi_c_v15_01,spatial_scattered,10,l1,2.295201301574707,1243,False,0.9913672208786011
movi_c_v15_01,spatial_scattered,10,l2,3.68235182762146,1336,False,0.9898595213890076
movi_c_v15_01,spatial_scattered,10,cosine,6.730131149291992,1507,False,0.9910025596618652
movi_c_v15_01,spatial_scattered,10,inner_product,21.936870574951172,1660,False,0.9958486557006836
movi_c_v15_01,spatial_scattered,11,l1,1.5286695957183838,1140,False,0.9904067516326904
movi_c_v15_01,spatial_scattered,11,l2,2.636589527130127,1437,False,0.9874334931373596
movi_c_v15_01,spatial_scattered,11,cosine,5.064153671264648,1583,False,0.9889410138130188
movi_c_v15_01,spatial_scattered,11,inner_product,14.13022232055664,1749,False,0.9854560494422913
movi_c_v15_01,spatial_scattered,12,l1,1.3923087120056152,1012,False,0.9999998807907104
movi_c_v15_01,spatial_scattered,12,l2,2.3973183631896973,1139,False,0.9999999403953552
movi_c_v15_01,spatial_scattered,12,cosine,5.626604080200195,1368,False,0.9999999403953552
movi_c_v15_01,spatial_scattered,12,inner_product,26.844646453857422,1744,False,0.9999999403953552
movi_c_v15_01,temporal_back,1,l1,1.2581661939620972,1079,False,0.9935067296028137
movi_c_v15_01,temporal_back,1,l2,1.9703149795532227,1213,False,0.9893690943717957
movi_c_v15_01,temporal_back,1,cosine,2.8679208755493164,1217,False,0.9888034462928772
movi_c_v15_01,temporal_back,1,inner_product,2.444246768951416,861,False,0.982551097869873
movi_c_v15_01,temporal_back,2,l1,1.3083231449127197,968,False,0.9914133548736572
movi_c_v15_01,temporal_back,2,l2,2.1303234100341797,1002,False,0.9892579317092896
movi_c_v15_01,temporal_back,2,cosine,3.194155693054199,991,False,0.9898815751075745
movi_c_v15_01,temporal_back,2,inner_product,1.7732243537902832,790,False,0.9658932089805603
movi_c_v15_01,temporal_back,3,l1,0.7654868364334106,739,False,0.9901454448699951
movi_c_v15_01,temporal_back,3,l2,1.3626420497894287,824,False,0.9898214936256409
movi_c_v15_01,temporal_back,3,cosine,1.9032748937606812,787,False,0.9895488619804382
movi_c_v15_01,temporal_back,3,inner_product,0.8942764401435852,534,False,0.9169108271598816
movi_c_v15_01,temporal_back,4,l1,2.549504041671753,1484,False,0.899279773235321
movi_c_v15_01,temporal_back,4,l2,7.5619964599609375,1733,False,0.8355659246444702
movi_c_v15_01,temporal_back,4,cosine,11.413826942443848,1732,False,0.8541197776794434
movi_c_v15_01,temporal_back,4,inner_product,0.4771249294281006,258,False,0.9521312117576599
movi_c_v15_01,temporal_back,5,l1,1.4120492935180664,1144,False,0.9587781429290771
movi_c_v15_01,temporal_back,5,l2,2.2651960849761963,1143,False,0.9648837447166443
movi_c_v15_01,temporal_back,5,cosine,3.2815399169921875,1128,False,0.9615060687065125
movi_c_v15_01,temporal_back,5,inner_product,3.4316883087158203,959,False,0.9537286758422852
movi_c_v15_01,temporal_back,6,l1,2.078495979309082,1119,False,0.9973129630088806
movi_c_v15_01,temporal_back,6,l2,3.6584982872009277,1211,False,0.9972620010375977
movi_c_v15_01,temporal_back,6,cosine,5.502786159515381,1221,False,0.9971552491188049
movi_c_v15_01,temporal_back,6,inner_product,5.251604080200195,1128,False,0.9761818647384644
movi_c_v15_01,temporal_back,7,l1,1.8541964292526245,1092,False,0.9874805212020874
movi_c_v15_01,temporal_back,7,l2,3.805633783340454,1162,False,0.9871267676353455
movi_c_v15_01,temporal_back,7,cosine,6.022472381591797,1187,False,0.985796332359314
movi_c_v15_01,temporal_back,7,inner_product,9.491294860839844,1454,False,0.9750857949256897
movi_c_v15_01,temporal_back,8,l1,2.0725250244140625,1513,False,0.9870778322219849
movi_c_v15_01,temporal_back,8,l2,3.9264798164367676,1509,False,0.9890159964561462
movi_c_v15_01,temporal_back,8,cosine,6.234874725341797,1511,False,0.9905605316162109
movi_c_v15_01,temporal_back,8,inner_product,8.558141708374023,1515,False,0.9887976050376892
movi_c_v15_01,temporal_back,9,l1,1.567359447479248,926,False,0.9852244853973389
movi_c_v15_01,temporal_back,9,l2,4.283261299133301,1187,False,0.993643581867218
movi_c_v15_01,temporal_back,9,cosine,7.085299015045166,1261,False,0.993745744228363
movi_c_v15_01,temporal_back,9,inner_product,14.780319213867188,1683,False,0.9897069931030273
movi_c_v15_01,temporal_back,10,l1,2.2240633964538574,1582,False,0.9772530794143677
movi_c_v15_01,temporal_back,10,l2,4.329708099365234,1656,False,0.9788155555725098
movi_c_v15_01,temporal_back,10,cosine,7.230738639831543,1686,False,0.9842261672019958
movi_c_v15_01,temporal_back,10,inner_product,18.287925720214844,1623,False,0.9922718405723572
movi_c_v15_01,temporal_back,11,l1,2.0776994228363037,1495,False,0.9714868664741516
movi_c_v15_01,temporal_back,11,l2,3.85331654548645,1514,False,0.9800520539283752
movi_c_v15_01,temporal_back,11,cosine,6.784160614013672,1615,False,0.980392575263977
movi_c_v15_01,temporal_back,11,inner_product,17.05109405517578,1759,False,0.9881430864334106
movi_c_v15_01,temporal_back,12,l1,3.934612512588501,1527,False,1.0
movi_c_v15_01,temporal_back,12,l2,5.461635589599609,1426,False,1.0
movi_c_v15_01,temporal_back,12,cosine,10.027084350585938,1548,False,1.0
movi_c_v15_01,temporal_back,12,inner_product,33.089027404785156,1758,False,1.0000001192092896
movi_c_v15_01,temporal_front,1,l1,0.34748223423957825,214,False,0.9972147345542908
movi_c_v15_01,temporal_front,1,l2,0.37023645639419556,183,False,0.9965269565582275
movi_c_v15_01,temporal_front,1,cosine,0.8208117485046387,224,False,0.9975817799568176
movi_c_v15_01,temporal_front,1,inner_product,3.6219751834869385,479,False,0.9983970522880554
movi_c_v15_01,temporal_front,2,l1,1.3834753036499023,893,False,0.994300901889801
movi_c_v15_01,temporal_front,2,l2,1.9154472351074219,849,False,0.9931839108467102
movi_c_v15_01,temporal_front,2,cosine,2.7010951042175293,811,False,0.9931233525276184
movi_c_v15_01,temporal_front,2,inner_product,2.0787711143493652,635,False,0.984826385974884
movi_c_v15_01,temporal_front,3,l1,1.049303412437439,758,False,0.978393018245697
movi_c_v15_01,temporal_front,3,l2,1.1930478811264038,649,False,0.9701424837112427
movi_c_v15_01,temporal_front,3,cosine,1.7432403564453125,626,False,0.978542149066925
movi_c_v15_01,temporal_front,3,inner_product,1.1851801872253418,407,False,0.9720442891120911
movi_c_v15_01,temporal_front,4,l1,19.512245178222656,1786,False,0.9943663477897644
movi_c_v15_01,temporal_front,4,l2,31.44156265258789,1789,False,0.9957601428031921
movi_c_v15_01,temporal_front,4,cosine,42.3316535949707,1789,False,0.9947683811187744
movi_c_v15_01,temporal_front,4,inner_product,13.544557571411133,1644,False,0.9551292061805725
movi_c_v15_01,temporal_front,5,l1,0.8793577551841736,622,False,0.9656545519828796
movi_c_v15_01,temporal_front,5,l2,1.233993649482727,606,False,0.964678943157196
movi_c_v15_01,temporal_front,5,cosine,1.8507080078125,611,False,0.9658069014549255
movi_c_v15_01,temporal_front,5,inner_product,1.6577560901641846,548,False,0.9499900341033936
movi_c_v15_01,temporal_front,6,l1,1.2112833261489868,699,False,0.9898483157157898
movi_c_v15_01,temporal_front,6,l2,2.163956642150879,781,False,0.9888283610343933
movi_c_v15_01,temporal_front,6,cosine,3.119091510772705,796,False,0.9871801137924194
movi_c_v15_01,temporal_front,6,inner_product,2.5190656185150146,696,False,0.9565220475196838
movi_c_v15_01,temporal_front,7,l1,2.2303383350372314,1133,False,0.9933643341064453
movi_c_v15_01,temporal_front,7,l2,4.120147705078125,1229,False,0.9918982982635498
movi_c_v15_01,temporal_front,7,cosine,6.62875509262085,1291,False,0.9925781488418579
movi_c_v15_01,temporal_front,7,inner_product,10.933256149291992,1519,False,0.9876996278762817
movi_c_v15_01,temporal_front,8,l1,0.8297038674354553,776,False,0.9843199253082275
movi_c_v15_01,temporal_front,8,l2,1.1698312759399414,751,False,0.9853810667991638
movi_c_v15_01,temporal_front,8,cosine,1.9573745727539062,836,False,0.9848148822784424
movi_c_v15_01,temporal_front,8,inner_product,4.560173988342285,1254,False,0.977792501449585
movi_c_v15_01,temporal_front,9,l1,1.0341355800628662,969,False,0.9664350748062134
movi_c_v15_01,temporal_front,9,l2,2.336905002593994,1170,False,0.9820511341094971
movi_c_v15_01,temporal_front,9,cosine,4.398455619812012,1340,False,0.9825326800346375
movi_c_v15_01,temporal_front,9,inner_product,13.760011672973633,1739,False,0.9872932434082031
movi_c_v15_01,temporal_front,10,l1,0.6795541048049927,611,False,0.9828397631645203
movi_c_v15_01,temporal_front,10,l2,1.138914704322815,740,False,0.9806694388389587
movi_c_v15_01,temporal_front,10,cosine,2.496068239212036,1028,False,0.9820298552513123
movi_c_v15_01,temporal_front,10,inner_product,14.607222557067871,1559,False,0.991888165473938
movi_c_v15_01,temporal_front,11,l1,0.7705249190330505,710,False,0.9514727592468262
movi_c_v15_01,temporal_front,11,l2,1.390643835067749,905,False,0.9584150910377502
movi_c_v15_01,temporal_front,11,cosine,3.097712993621826,1120,False,0.9659556746482849
movi_c_v15_01,temporal_front,11,inner_product,13.868016242980957,1699,False,0.98239666223526
movi_c_v15_01,temporal_front,12,l1,2.5456464290618896,1147,False,1.0
movi_c_v15_01,temporal_front,12,l2,3.820308208465576,1096,False,1.0
movi_c_v15_01,temporal_front,12,cosine,7.924696922302246,1352,False,0.9999998807907104
movi_c_v15_01,temporal_front,12,inner_product,28.588603973388672,1718,False,1.0000001192092896
movi_c_v15_01,temporal_middle,1,l1,0.786372721195221,491,False,0.995356559753418
movi_c_v15_01,temporal_middle,1,l2,1.9696171283721924,692,False,0.9966756701469421
movi_c_v15_01,temporal_middle,1,cosine,2.78684401512146,662,False,0.9972895979881287
movi_c_v15_01,temporal_middle,1,inner_product,0.46959805488586426,204,False,0.9806957244873047
movi_c_v15_01,temporal_middle,2,l1,1.2694649696350098,671,False,0.9984696507453918
movi_c_v15_01,temporal_middle,2,l2,1.8947604894638062,728,False,0.9977107048034668
movi_c_v15_01,temporal_middle,2,cosine,2.8101117610931396,712,False,0.998285710811615
movi_c_v15_01,temporal_middle,2,inner_product,1.8235509395599365,610,False,0.9867405295372009
movi_c_v15_01,temporal_middle,3,l1,1.1788549423217773,777,False,0.995009183883667
movi_c_v15_01,temporal_middle,3,l2,1.763946771621704,788,False,0.9950463175773621
movi_c_v15_01,temporal_middle,3,cosine,2.6845874786376953,781,False,0.9971584677696228
movi_c_v15_01,temporal_middle,3,inner_product,1.870967984199524,575,False,0.972942054271698
movi_c_v15_01,temporal_middle,4,l1,6.023686408996582,1689,False,0.9963133335113525
movi_c_v15_01,temporal_middle,4,l2,6.536077976226807,1626,False,0.9804936051368713
movi_c_v15_01,temporal_middle,4,cosine,9.000192642211914,1604,False,0.9850953817367554
movi_c_v15_01,temporal_middle,4,inner_product,1.3744146823883057,557,False,0.9039129018783569
movi_c_v15_01,temporal_middle,5,l1,0.4541495442390442,576,False,0.9759132862091064
movi_c_v15_01,temporal_middle,5,l2,0.9635971784591675,675,False,0.9776935577392578
movi_c_v15_01,temporal_middle,5,cosine,1.5166548490524292,703,False,0.9684872031211853
movi_c_v15_01,temporal_middle,5,inner_product,1.810732364654541,702,False,0.9473297595977783
movi_c_v15_01,temporal_middle,6,l1,1.6482465267181396,1047,False,0.9950774908065796
movi_c_v15_01,temporal_middle,6,l2,2.9285643100738525,1142,False,0.9956972599029541
movi_c_v15_01,temporal_middle,6,cosine,4.292632102966309,1166,False,0.9957249760627747
movi_c_v15_01,temporal_middle,6,inner_product,4.511294841766357,1086,False,0.9713455438613892
movi_c_v15_01,temporal_middle,7,l1,0.8506206274032593,824,False,0.9862802624702454
movi_c_v15_01,temporal_middle,7,l2,2.2396411895751953,1044,False,0.990925669670105
movi_c_v15_01,temporal_middle,7,cosine,3.8459224700927734,1148,False,0.9893626570701599
movi_c_v15_01,temporal_middle,7,inner_product,8.190845489501953,1528,False,0.9776749014854431
movi_c_v15_01,temporal_middle,8,l1,1.0504800081253052,1250,False,0.9802075028419495
movi_c_v15_01,temporal_middle,8,l2,1.8251943588256836,1280,False,0.9882969856262207
movi_c_v15_01,temporal_middle,8,cosine,3.200120449066162,1346,False,0.9899132251739502
movi_c_v15_01,temporal_middle,8,inner_product,5.782955646514893,1429,False,0.9865553379058838
movi_c_v15_01,temporal_middle,9,l1,1.4053103923797607,1228,False,0.9820741415023804
movi_c_v15_01,temporal_middle,9,l2,2.974057197570801,1397,False,0.9884617924690247
movi_c_v15_01,temporal_middle,9,cosine,5.885124683380127,1551,False,0.9901362657546997
movi_c_v15_01,temporal_middle,9,inner_product,14.045964241027832,1753,False,0.98957359790802
movi_c_v15_01,temporal_middle,10,l1,0.42439699172973633,672,False,0.9608849883079529
movi_c_v15_01,temporal_middle,10,l2,1.285194754600525,1133,False,0.9614967703819275
movi_c_v15_01,temporal_middle,10,cosine,3.1868066787719727,1443,False,0.9702703952789307
movi_c_v15_01,temporal_middle,10,inner_product,15.280559539794922,1582,False,0.9918384552001953
movi_c_v15_01,temporal_middle,11,l1,0.6318747997283936,874,False,0.9464862942695618
movi_c_v15_01,temporal_middle,11,l2,1.6172536611557007,1200,False,0.972558319568634
movi_c_v15_01,temporal_middle,11,cosine,3.6721181869506836,1451,False,0.9712857007980347
movi_c_v15_01,temporal_middle,11,inner_product,14.194058418273926,1746,False,0.9851760864257812
movi_c_v15_01,temporal_middle,12,l1,3.643500804901123,1534,False,0.9999999403953552
movi_c_v15_01,temporal_middle,12,l2,4.7100934982299805,1496,False,0.9999999403953552
movi_c_v15_01,temporal_middle,12,cosine,10.23612117767334,1639,False,0.9999999403953552
movi_c_v15_01,temporal_middle,12,inner_product,31.425743103027344,1760,False,1.0
movi_c_v15_02,spatial_block,1,l1,0.6543912887573242,700,False,0.9939161539077759
movi_c_v15_02,spatial_block,1,l2,0.8033725619316101,702,False,0.9952284693717957
movi_c_v15_02,spatial_block,1,cosine,1.0711359977722168,675,False,0.9957586526870728
movi_c_v15_02,spatial_block,1,inner_product,2.4346723556518555,952,False,0.9808722138404846
movi_c_v15_02,spatial_block,2,l1,0.9692572355270386,1013,False,0.9951028823852539
movi_c_v15_02,spatial_block,2,l2,1.224412441253662,1097,False,0.9930949211120605
movi_c_v15_02,spatial_block,2,cosine,1.565293788909912,1005,False,0.9944111108779907
movi_c_v15_02,spatial_block,2,inner_product,1.0720384120941162,678,False,0.9649787545204163
movi_c_v15_02,spatial_block,3,l1,1.4488763809204102,1159,False,0.9964674711227417
movi_c_v15_02,spatial_block,3,l2,1.9175580739974976,1214,False,0.9956497550010681
movi_c_v15_02,spatial_block,3,cosine,2.407792091369629,1187,False,0.9950941205024719
movi_c_v15_02,spatial_block,3,inner_product,0.7953250408172607,537,False,0.8803388476371765
movi_c_v15_02,spatial_block,4,l1,0.9026573896408081,668,False,0.9656847715377808
movi_c_v15_02,spatial_block,4,l2,1.0691298246383667,605,False,0.9592782855033875
movi_c_v15_02,spatial_block,4,cosine,1.233257532119751,540,False,0.941667377948761
movi_c_v15_02,spatial_block,4,inner_product,0.13704469799995422,115,False,0.7651238441467285
movi_c_v15_02,spatial_block,5,l1,1.5061149597167969,1432,False,0.9890079498291016
movi_c_v15_02,spatial_block,5,l2,1.8617489337921143,1380,False,0.990680992603302
movi_c_v15_02,spatial_block,5,cosine,3.0151052474975586,1485,False,0.9898618459701538
movi_c_v15_02,spatial_block,5,inner_product,4.5414886474609375,1327,False,0.9705250859260559
movi_c_v15_02,spatial_block,6,l1,1.1495928764343262,1092,False,0.9908310174942017
movi_c_v15_02,spatial_block,6,l2,1.4511353969573975,1023,False,0.9923084378242493
movi_c_v15_02,spatial_block,6,cosine,2.047360897064209,1037,False,0.9920944571495056
movi_c_v15_02,spatial_block,6,inner_product,3.50515079498291,963,False,0.9534920454025269
movi_c_v15_02,spatial_block,7,l1,0.7372219562530518,784,False,0.9832995533943176
movi_c_v15_02,spatial_block,7,l2,1.1782300472259521,768,False,0.9891834259033203
movi_c_v15_02,spatial_block,7,cosine,1.7273080348968506,807,False,0.9873142242431641
movi_c_v15_02,spatial_block,7,inner_product,10.023048400878906,1484,False,0.9847107529640198
movi_c_v15_02,spatial_block,8,l1,1.0834758281707764,1287,False,0.9928665161132812
movi_c_v15_02,spatial_block,8,l2,1.0306787490844727,1226,False,0.9899144768714905
movi_c_v15_02,spatial_block,8,cosine,1.7731075286865234,1382,False,0.9901617765426636
movi_c_v15_02,spatial_block,8,inner_product,8.706439018249512,1470,False,0.9908804893493652
movi_c_v15_02,spatial_block,9,l1,1.1140152215957642,1286,False,0.9738450646400452
movi_c_v15_02,spatial_block,9,l2,1.9231805801391602,1412,False,0.9817367792129517
movi_c_v15_02,spatial_block,9,cosine,2.80900502204895,1421,False,0.9809198379516602
movi_c_v15_02,spatial_block,9,inner_product,9.53364372253418,1580,False,0.9708296060562134
movi_c_v15_02,spatial_block,10,l1,0.6633371710777283,1003,False,0.9535884857177734
movi_c_v15_02,spatial_block,10,l2,0.7520098686218262,952,False,0.9558224678039551
movi_c_v15_02,spatial_block,10,cosine,1.615987777709961,1177,False,0.9724255204200745
movi_c_v15_02,spatial_block,10,inner_product,18.39879608154297,1581,False,0.9966203570365906
movi_c_v15_02,spatial_block,11,l1,0.9667874574661255,1180,False,0.9728162884712219
movi_c_v15_02,spatial_block,11,l2,1.4604625701904297,1365,False,0.9698681831359863
movi_c_v15_02,spatial_block,11,cosine,2.3530313968658447,1476,False,0.9692931771278381
movi_c_v15_02,spatial_block,11,inner_product,10.576994895935059,1656,False,0.9804752469062805
movi_c_v15_02,spatial_block,12,l1,2.5133767127990723,1532,False,1.0
movi_c_v15_02,spatial_block,12,l2,3.071434497833252,1510,False,1.0
movi_c_v15_02,spatial_block,12,cosine,5.257853984832764,1609,False,1.0
movi_c_v15_02,spatial_block,12,inner_product,26.447795867919922,1771,False,1.0
movi_c_v15_02,spatial_scattered,1,l1,1.0621517896652222,642,False,0.9940589070320129
movi_c_v15_02,spatial_scattered,1,l2,1.2955992221832275,575,False,0.9970471858978271
movi_c_v15_02,spatial_scattered,1,cosine,1.7034330368041992,561,False,0.9979752898216248
movi_c_v15_02,spatial_scattered,1,inner_product,2.496366500854492,707,False,0.9907649755477905
movi_c_v15_02,spatial_scattered,2,l1,0.5579681396484375,516,False,0.9905117154121399
movi_c_v15_02,spatial_scattered,2,l2,0.8512755632400513,587,False,0.9898087382316589
movi_c_v15_02,spatial_scattered,2,cosine,1.0173497200012207,550,False,0.988684892654419
movi_c_v15_02,spatial_scattered,2,inner_product,0.58608078956604,357,False,0.9662343859672546
movi_c_v15_02,spatial_scattered,3,l1,1.902449369430542,1311,False,0.9866698980331421
movi_c_v15_02,spatial_scattered,3,l2,3.0353569984436035,1344,False,0.983275294303894
movi_c_v15_02,spatial_scattered,3,cosine,3.8060760498046875,1311,False,0.977975070476532
movi_c_v15_02,spatial_scattered,3,inner_product,0.9204180240631104,620,False,0.8819920420646667
movi_c_v15_02,spatial_scattered,4,l1,13.109834671020508,1783,False,0.9976749420166016
movi_c_v15_02,spatial_scattered,4,l2,18.996849060058594,1781,False,0.9960222840309143
movi_c_v15_02,spatial_scattered,4,cosine,21.6722354888916,1778,False,0.9954004287719727
movi_c_v15_02,spatial_scattered,4,inner_product,6.1815948486328125,1294,False,0.9821810126304626
movi_c_v15_02,spatial_scattered,5,l1,1.7843693494796753,1149,False,0.9700013399124146
movi_c_v15_02,spatial_scattered,5,l2,2.5399417877197266,1136,False,0.9596800804138184
movi_c_v15_02,spatial_scattered,5,cosine,3.2281079292297363,1103,False,0.9551519751548767
movi_c_v15_02,spatial_scattered,5,inner_product,2.634186267852783,933,False,0.9632766842842102
movi_c_v15_02,spatial_scattered,6,l1,1.5995256900787354,795,False,0.993208110332489
movi_c_v15_02,spatial_scattered,6,l2,2.9497060775756836,871,False,0.9952428936958313
movi_c_v15_02,spatial_scattered,6,cosine,3.701207160949707,822,False,0.9956302642822266
movi_c_v15_02,spatial_scattered,6,inner_product,2.4057118892669678,595,False,0.9623136520385742
movi_c_v15_02,spatial_scattered,7,l1,1.9814705848693848,802,False,0.9970285892486572
movi_c_v15_02,spatial_scattered,7,l2,3.8007912635803223,862,False,0.9974396824836731
movi_c_v15_02,spatial_scattered,7,cosine,5.390047073364258,924,False,0.9970557689666748
movi_c_v15_02,spatial_scattered,7,inner_product,7.800745964050293,1535,False,0.9662198424339294
movi_c_v15_02,spatial_scattered,8,l1,0.9386190176010132,903,False,0.9880644679069519
movi_c_v15_02,spatial_scattered,8,l2,1.3828353881835938,873,False,0.9890331029891968
movi_c_v15_02,spatial_scattered,8,cosine,2.3645834922790527,1005,False,0.9899828433990479
movi_c_v15_02,spatial_scattered,8,inner_product,6.129768371582031,1311,False,0.9885473847389221
movi_c_v15_02,spatial_scattered,9,l1,1.1239715814590454,1109,False,0.9810214638710022
movi_c_v15_02,spatial_scattered,9,l2,2.9743399620056152,1286,False,0.9916576743125916
movi_c_v15_02,spatial_scattered,9,cosine,5.193422317504883,1453,False,0.9902788400650024
movi_c_v15_02,spatial_scattered,9,inner_product,10.773660659790039,1704,False,0.9722777605056763
movi_c_v15_02,spatial_scattered,10,l1,2.2959582805633545,1197,False,0.9901966452598572
movi_c_v15_02,spatial_scattered,10,l2,3.4366161823272705,1312,False,0.9898370504379272
movi_c_v15_02,spatial_scattered,10,cosine,7.168847560882568,1512,False,0.9946433901786804
movi_c_v15_02,spatial_scattered,10,inner_product,24.23088836669922,1677,False,0.9968796968460083
movi_c_v15_02,spatial_scattered,11,l1,0.7594927549362183,846,False,0.980047881603241
movi_c_v15_02,spatial_scattered,11,l2,1.6781032085418701,1213,False,0.9785061478614807
movi_c_v15_02,spatial_scattered,11,cosine,3.420607566833496,1469,False,0.980139970779419
movi_c_v15_02,spatial_scattered,11,inner_product,10.316648483276367,1683,False,0.9803646206855774
movi_c_v15_02,spatial_scattered,12,l1,1.804499626159668,1077,False,1.0000001192092896
movi_c_v15_02,spatial_scattered,12,l2,2.6958303451538086,1156,False,1.0
movi_c_v15_02,spatial_scattered,12,cosine,6.76344108581543,1467,False,0.9999998807907104
movi_c_v15_02,spatial_scattered,12,inner_product,28.062583923339844,1761,False,0.9999998807907104
movi_c_v15_02,temporal_back,1,l1,0.6558783054351807,579,False,0.992661714553833
movi_c_v15_02,temporal_back,1,l2,1.387685775756836,776,False,0.9927031993865967
movi_c_v15_02,temporal_back,1,cosine,2.059749126434326,775,False,0.9925963282585144
movi_c_v15_02,temporal_back,1,inner_product,2.091087818145752,601,False,0.9923757910728455
movi_c_v15_02,temporal_back,2,l1,1.4095723628997803,1057,False,0.9956521987915039
movi_c_v15_02,temporal_back,2,l2,2.3881630897521973,1146,False,0.9922194480895996
movi_c_v15_02,temporal_back,2,cosine,3.5092055797576904,1143,False,0.9920416474342346
movi_c_v15_02,temporal_back,2,inner_product,1.995284080505371,922,False,0.975612998008728
movi_c_v15_02,temporal_back,3,l1,1.6564743518829346,1090,False,0.9960492253303528
movi_c_v15_02,temporal_back,3,l2,2.9495482444763184,1202,False,0.9961023330688477
movi_c_v15_02,temporal_back,3,cosine,4.2331390380859375,1182,False,0.9955112934112549
movi_c_v15_02,temporal_back,3,inner_product,3.0554094314575195,956,False,0.9658153653144836
movi_c_v15_02,temporal_back,4,l1,4.220377445220947,1608,False,0.9409162998199463
movi_c_v15_02,temporal_back,4,l2,7.54371976852417,1703,False,0.8135398626327515
movi_c_v15_02,temporal_back,4,cosine,11.744274139404297,1717,False,0.8348329067230225
movi_c_v15_02,temporal_back,4,inner_product,0.16894978284835815,138,False,0.8245792388916016
movi_c_v15_02,temporal_back,5,l1,1.8949153423309326,1223,False,0.9687145948410034
movi_c_v15_02,temporal_back,5,l2,3.257007598876953,1286,False,0.9742981195449829
movi_c_v15_02,temporal_back,5,cosine,4.586042881011963,1270,False,0.9703083038330078
movi_c_v15_02,temporal_back,5,inner_product,3.274369478225708,1131,False,0.9306697845458984
movi_c_v15_02,temporal_back,6,l1,2.4080545902252197,1150,False,0.9958032369613647
movi_c_v15_02,temporal_back,6,l2,3.817821979522705,1207,False,0.9960882067680359
movi_c_v15_02,temporal_back,6,cosine,5.6601996421813965,1215,False,0.9958201050758362
movi_c_v15_02,temporal_back,6,inner_product,4.06262731552124,993,False,0.9773240089416504
movi_c_v15_02,temporal_back,7,l1,2.0466091632843018,993,False,0.9955152273178101
movi_c_v15_02,temporal_back,7,l2,4.15749979019165,1046,False,0.9952698945999146
movi_c_v15_02,temporal_back,7,cosine,6.556891441345215,1079,False,0.9950560927391052
movi_c_v15_02,temporal_back,7,inner_product,9.462213516235352,1486,False,0.975352942943573
movi_c_v15_02,temporal_back,8,l1,2.66190767288208,1524,False,0.9942201375961304
movi_c_v15_02,temporal_back,8,l2,4.395047187805176,1471,False,0.9936617612838745
movi_c_v15_02,temporal_back,8,cosine,6.910871505737305,1477,False,0.9944097995758057
movi_c_v15_02,temporal_back,8,inner_product,8.239822387695312,1431,False,0.9911670684814453
movi_c_v15_02,temporal_back,9,l1,1.541811227798462,965,False,0.9915622472763062
movi_c_v15_02,temporal_back,9,l2,4.346614837646484,1142,False,0.9927996397018433
movi_c_v15_02,temporal_back,9,cosine,6.966196060180664,1190,False,0.9922268390655518
movi_c_v15_02,temporal_back,9,inner_product,10.620706558227539,1551,False,0.9749895930290222
movi_c_v15_02,temporal_back,10,l1,3.3545026779174805,1685,False,0.9828497767448425
movi_c_v15_02,temporal_back,10,l2,6.28975772857666,1727,False,0.9878833293914795
movi_c_v15_02,temporal_back,10,cosine,10.14663314819336,1737,False,0.9905184507369995
movi_c_v15_02,temporal_back,10,inner_product,20.9521484375,1679,False,0.9945085644721985
movi_c_v15_02,temporal_back,11,l1,1.3350822925567627,1139,False,0.9649086594581604
movi_c_v15_02,temporal_back,11,l2,3.0503787994384766,1370,False,0.9748257398605347
movi_c_v15_02,temporal_back,11,cosine,5.300333023071289,1446,False,0.9761961102485657
movi_c_v15_02,temporal_back,11,inner_product,12.885751724243164,1699,False,0.9833794236183167
movi_c_v15_02,temporal_back,12,l1,1.5230515003204346,892,False,0.9999998807907104
movi_c_v15_02,temporal_back,12,l2,3.2306125164031982,1137,False,1.0
movi_c_v15_02,temporal_back,12,cosine,6.363885879516602,1281,False,1.0000001192092896
movi_c_v15_02,temporal_back,12,inner_product,32.66878890991211,1738,False,1.0
movi_c_v15_02,temporal_front,1,l1,4.397274971008301,616,False,0.9987959861755371
movi_c_v15_02,temporal_front,1,l2,7.333342552185059,626,False,0.9988290667533875
movi_c_v15_02,temporal_front,1,cosine,12.040336608886719,631,False,0.99888014793396
movi_c_v15_02,temporal_front,1,inner_product,7.76819372177124,685,False,0.998833179473877
movi_c_v15_02,temporal_front,2,l1,2.779634952545166,783,False,0.9985024333000183
movi_c_v15_02,temporal_front,2,l2,4.411158561706543,772,False,0.9986668825149536
movi_c_v15_02,temporal_front,2,cosine,6.846805572509766,766,False,0.9987865686416626
movi_c_v15_02,temporal_front,2,inner_product,3.036466598510742,681,False,0.9949958920478821
movi_c_v15_02,temporal_front,3,l1,1.1349198818206787,466,False,0.9968580603599548
movi_c_v15_02,temporal_front,3,l2,1.5560297966003418,420,False,0.996956467628479
movi_c_v15_02,temporal_front,3,cosine,2.4806737899780273,419,False,0.9969878792762756
movi_c_v15_02,temporal_front,3,inner_product,1.6594475507736206,429,False,0.9869933724403381
movi_c_v15_02,temporal_front,4,l1,15.831708908081055,1785,False,0.9907994866371155
movi_c_v15_02,temporal_front,4,l2,30.977794647216797,1791,False,0.9961659908294678
movi_c_v15_02,temporal_front,4,cosine,42.917640686035156,1791,False,0.994591474533081
movi_c_v15_02,temporal_front,4,inner_product,4.22440767288208,1103,False,0.8617690801620483
movi_c_v15_02,temporal_front,5,l1,3.1411662101745605,1000,False,0.9914686679840088
movi_c_v15_02,temporal_front,5,l2,4.039730072021484,971,False,0.9904316067695618
movi_c_v15_02,temporal_front,5,cosine,5.871353626251221,955,False,0.9872220158576965
movi_c_v15_02,temporal_front,5,inner_product,3.1162452697753906,780,False,0.9596216678619385
movi_c_v15_02,temporal_front,6,l1,2.643162250518799,1001,False,0.9929924011230469
movi_c_v15_02,temporal_front,6,l2,4.128042221069336,1017,False,0.995044469833374
movi_c_v15_02,temporal_front,6,cosine,6.032033920288086,995,False,0.9946445226669312
movi_c_v15_02,temporal_front,6,inner_product,3.0187244415283203,745,False,0.9713671207427979
movi_c_v15_02,temporal_front,7,l1,2.8067150115966797,1099,False,0.994206428527832
movi_c_v15_02,temporal_front,7,l2,4.971219062805176,1214,False,0.9932900667190552
movi_c_v15_02,temporal_front,7,cosine,8.562703132629395,1244,False,0.9939471483230591
movi_c_v15_02,temporal_front,7,inner_product,10.506782531738281,1455,False,0.9872881174087524
movi_c_v15_02,temporal_front,8,l1,0.8988677263259888,665,False,0.9814782738685608
movi_c_v15_02,temporal_front,8,l2,1.4799729585647583,715,False,0.9840490818023682
movi_c_v15_02,temporal_front,8,cosine,2.4190006256103516,759,False,0.9843393564224243
movi_c_v15_02,temporal_front,8,inner_product,2.546525478363037,939,False,0.9713435173034668
movi_c_v15_02,temporal_front,9,l1,1.1620864868164062,1047,False,0.9271418452262878
movi_c_v15_02,temporal_front,9,l2,2.446409225463867,1269,False,0.9457697868347168
movi_c_v15_02,temporal_front,9,cosine,4.972640037536621,1423,False,0.9465959668159485
movi_c_v15_02,temporal_front,9,inner_product,9.968257904052734,1661,False,0.9659518003463745
movi_c_v15_02,temporal_front,10,l1,0.5387579202651978,600,False,0.8929216861724854
movi_c_v15_02,temporal_front,10,l2,1.0219316482543945,735,False,0.8555475473403931
movi_c_v15_02,temporal_front,10,cosine,2.684054374694824,1028,False,0.925055742263794
movi_c_v15_02,temporal_front,10,inner_product,14.331579208374023,1592,False,0.9919461011886597
movi_c_v15_02,temporal_front,11,l1,1.1375648975372314,953,False,0.9642757773399353
movi_c_v15_02,temporal_front,11,l2,1.7359166145324707,954,False,0.9719837307929993
movi_c_v15_02,temporal_front,11,cosine,4.25531530380249,1162,False,0.9803516864776611
movi_c_v15_02,temporal_front,11,inner_product,12.296520233154297,1663,False,0.9829769730567932
movi_c_v15_02,temporal_front,12,l1,1.8694716691970825,739,False,1.0
movi_c_v15_02,temporal_front,12,l2,2.736905574798584,750,False,1.0
movi_c_v15_02,temporal_front,12,cosine,7.427256107330322,1140,False,1.0
movi_c_v15_02,temporal_front,12,inner_product,31.518531799316406,1773,False,1.0
movi_c_v15_02,temporal_middle,1,l1,0.21442170441150665,198,False,0.9922621846199036
movi_c_v15_02,temporal_middle,1,l2,0.32235226035118103,182,False,0.9947106838226318
movi_c_v15_02,temporal_middle,1,cosine,0.627708911895752,201,False,0.9956243634223938
movi_c_v15_02,temporal_middle,1,inner_product,0.48485422134399414,207,False,0.9896174073219299
movi_c_v15_02,temporal_middle,2,l1,1.7568857669830322,783,False,0.9972786903381348
movi_c_v15_02,temporal_middle,2,l2,2.6057848930358887,790,False,0.9965733885765076
movi_c_v15_02,temporal_middle,2,cosine,3.8197402954101562,740,False,0.9970496892929077
movi_c_v15_02,temporal_middle,2,inner_product,2.024569272994995,694,False,0.9904048442840576
movi_c_v15_02,temporal_middle,3,l1,0.6823403835296631,481,False,0.994249165058136
movi_c_v15_02,temporal_middle,3,l2,1.0367560386657715,465,False,0.9939281940460205
movi_c_v15_02,temporal_middle,3,cosine,1.7204396724700928,465,False,0.9942746162414551
movi_c_v15_02,temporal_middle,3,inner_product,1.6744568347930908,626,False,0.9689922332763672
movi_c_v15_02,temporal_middle,4,l1,6.074343681335449,1709,False,0.9933385848999023
movi_c_v15_02,temporal_middle,4,l2,13.351273536682129,1755,False,0.9956217408180237
movi_c_v15_02,temporal_middle,4,cosine,20.35773468017578,1752,False,0.9961439371109009
movi_c_v15_02,temporal_middle,4,inner_product,1.7353382110595703,800,False,0.7957909107208252
movi_c_v15_02,temporal_middle,5,l1,1.007103681564331,904,False,0.9813435673713684
movi_c_v15_02,temporal_middle,5,l2,1.2498283386230469,791,False,0.979219913482666
movi_c_v15_02,temporal_middle,5,cosine,1.8450262546539307,775,False,0.9733662605285645
movi_c_v15_02,temporal_middle,5,inner_product,1.6491281986236572,638,False,0.9420983791351318
movi_c_v15_02,temporal_middle,6,l1,1.0460867881774902,806,False,0.9931263327598572
movi_c_v15_02,temporal_middle,6,l2,2.047595500946045,862,False,0.9954866766929626
movi_c_v15_02,temporal_middle,6,cosine,2.841686964035034,851,False,0.992520809173584
movi_c_v15_02,temporal_middle,6,inner_product,1.9869513511657715,662,False,0.950753927230835
movi_c_v15_02,temporal_middle,7,l1,1.5711333751678467,1269,False,0.9831151962280273
movi_c_v15_02,temporal_middle,7,l2,3.4466686248779297,1407,False,0.9894232749938965
movi_c_v15_02,temporal_middle,7,cosine,6.363520622253418,1480,False,0.9874573945999146
movi_c_v15_02,temporal_middle,7,inner_product,10.000236511230469,1559,False,0.9823406934738159
movi_c_v15_02,temporal_middle,8,l1,0.5281516313552856,688,False,0.9799379110336304
movi_c_v15_02,temporal_middle,8,l2,1.0634171962738037,825,False,0.9852719306945801
movi_c_v15_02,temporal_middle,8,cosine,1.8418248891830444,914,False,0.9842932820320129
movi_c_v15_02,temporal_middle,8,inner_product,3.1977505683898926,1137,False,0.9754722714424133
movi_c_v15_02,temporal_middle,9,l1,1.0553808212280273,1299,False,0.9499751329421997
movi_c_v15_02,temporal_middle,9,l2,2.3547487258911133,1428,False,0.9783072471618652
movi_c_v15_02,temporal_middle,9,cosine,4.753809928894043,1603,False,0.9746086001396179
movi_c_v15_02,temporal_middle,9,inner_product,9.467347145080566,1669,False,0.9690362215042114
movi_c_v15_02,temporal_middle,10,l1,0.250055730342865,465,False,0.9221748113632202
movi_c_v15_02,temporal_middle,10,l2,0.8420162200927734,875,False,0.9199213981628418
movi_c_v15_02,temporal_middle,10,cosine,2.4142069816589355,1313,False,0.9501752257347107
movi_c_v15_02,temporal_middle,10,inner_product,13.64227294921875,1575,False,0.9887076616287231
movi_c_v15_02,temporal_middle,11,l1,2.0709028244018555,1505,False,0.9831439852714539
movi_c_v15_02,temporal_middle,11,l2,2.9921443462371826,1450,False,0.9840511679649353
movi_c_v15_02,temporal_middle,11,cosine,6.2886505126953125,1573,False,0.9862523674964905
movi_c_v15_02,temporal_middle,11,inner_product,12.935302734375,1719,False,0.9837148189544678
movi_c_v15_02,temporal_middle,12,l1,2.4505972862243652,1201,False,0.9999998807907104
movi_c_v15_02,temporal_middle,12,l2,3.445812702178955,1159,False,1.0000001192092896
movi_c_v15_02,temporal_middle,12,cosine,9.826709747314453,1584,False,1.0
movi_c_v15_02,temporal_middle,12,inner_product,33.40315246582031,1769,False,1.0
